Phone Number,International Plan,Voice mail Plan,Account Length,Total day Charge,Number Customer Service calls,Churn,State,churn_probability,predicted_churn,risk_tier
 382-4657, no, yes,128,45.07,1,No,KS,0.02,No,Low
 371-7191, no, yes,107,27.47,1,No,OH,0.02,No,Low
 358-1921, no, no,137,41.38,0,No,NJ,0.01,No,Low
 375-9999, yes, no,84,50.9,2,No,OH,0.19,No,Low
 330-6626, yes, no,75,28.34,3,No,OK,0.17,No,Low
 391-8027, yes, no,118,37.98,0,No,AL,0.02,No,Low
 355-9993, no, yes,121,37.09,3,No,MA,0.01,No,Low
 329-9001, yes, no,147,26.69,0,No,MO,0.04,No,Low
 335-4719, no, no,117,31.37,1,No,LA,0.08,No,Low
 330-8173, yes, yes,141,43.96,0,No,WV,0.22,No,Low
 329-6603, no, no,65,21.95,4,Yes,IN,0.82,Yes,Critical
 344-9403, no, no,74,31.91,0,No,RI,0.0,No,Low
 363-1107, no, no,168,21.9,1,No,IA,0.08,No,Low
 394-8006, no, no,95,26.62,3,No,MT,0.03,No,Low
 366-9238, no, no,62,20.52,4,No,IA,0.19,No,Low
 351-7269, no, no,161,56.59,4,Yes,NY,0.93,Yes,Critical
 350-8884, no, yes,85,33.39,1,No,ID,0.02,No,Low
 386-2923, no, no,93,32.42,3,No,VT,0.01,No,Low
 356-2992, no, yes,76,32.25,1,No,VA,0.02,No,Low
 373-2782, no, no,73,38.15,1,No,TX,0.05,No,Low
 396-5800, no, no,147,26.37,0,No,FL,0.0,No,Low
 393-7984, no, no,77,10.61,5,Yes,CO,0.93,Yes,Critical
 358-1958, no, no,130,31.11,0,No,AZ,0.15,No,Low
 350-2565, no, no,111,18.77,2,No,SC,0.02,No,Low
 343-4696, no, no,132,13.79,0,No,VA,0.01,No,Low
 331-3698, no, no,174,21.13,3,No,NE,0.09,No,Low
 357-3817, no, yes,57,36.21,0,No,WY,0.0,No,Low
 418-6412, no, no,54,22.83,3,No,MT,0.02,No,Low
 353-2630, no, no,20,32.3,0,No,MO,0.03,No,Low
 410-7789, no, no,49,20.28,1,No,HI,0.0,No,Low
 416-8428, no, no,142,14.42,2,No,IL,0.06,No,Low
 370-3359, no, no,75,38.44,1,No,NH,0.01,No,Low
 383-1121, no, no,172,36.04,3,No,LA,0.03,No,Low
 360-1596, no, no,12,42.43,1,Yes,AZ,0.88,Yes,Critical
 395-2854, no, yes,57,30.06,0,No,OK,0.01,No,Low
 362-1407, no, yes,72,37.4,3,No,GA,0.0,No,Low
 341-9764, no, yes,36,24.87,0,No,AK,0.01,No,Low
 353-3305, no, no,78,22.24,1,No,MA,0.0,No,Low
 402-1381, yes, yes,136,34.66,3,No,AK,0.17,No,Low
 332-9891, no, no,149,23.87,1,No,NJ,0.04,No,Low
 372-9976, no, no,98,21.47,3,No,GA,0.04,No,Low
 383-6029, yes, yes,135,29.43,0,Yes,MD,0.94,Yes,Critical
 353-7289, no, no,34,21.22,2,No,AR,0.07,No,Low
 390-7274, no, no,160,14.59,3,No,ID,0.09,No,Low
 352-1237, no, no,64,26.18,1,No,WI,0.0,No,Low
 353-3061, no, yes,59,20.55,2,No,OR,0.01,No,Low
 363-5450, no, no,65,35.92,3,No,MI,0.0,No,Low
 364-1995, no, no,142,31.79,2,No,DE,0.0,No,Low
 398-1294, no, no,119,27.05,5,Yes,ID,0.8,Yes,Critical
 405-7146, no, yes,97,22.64,1,No,WY,0.02,No,Low
 413-4957, no, no,52,32.62,3,No,IA,0.02,No,Low
 420-5645, no, no,60,37.5,1,No,IN,0.01,No,Low
 349-4396, no, no,10,31.64,2,No,VA,0.06,No,Low
 404-3211, no, no,96,27.23,2,No,UT,0.04,No,Low
 353-3759, no, no,87,25.67,5,Yes,WY,0.57,Yes,High
 363-5947, no, no,81,29.84,1,No,IN,0.03,No,Low
 340-5121, no, no,141,21.57,1,No,CO,0.02,No,Low
 370-7574, no, yes,121,33.73,3,Yes,CO,0.65,Yes,High
 403-9733, no, no,68,25.3,3,No,WI,0.1,No,Low
 355-7251, no, no,125,38.98,1,No,OK,0.02,No,Low
 359-5893, no, no,174,32.66,1,No,ID,0.01,No,Low
 405-3371, no, yes,116,45.66,2,No,CA,0.03,No,Low
 344-5117, no, yes,74,32.93,2,No,MN,0.01,No,Low
 332-8160, no, yes,149,30.72,3,No,SD,0.02,No,Low
 359-4081, no, no,38,22.3,2,No,NC,0.01,No,Low
 352-8305, no, yes,40,25.18,2,No,WA,0.02,No,Low
 329-9847, yes, no,43,42.76,0,No,WY,0.11,No,Low
 365-9011, yes, no,113,21.28,0,No,MN,0.04,No,Low
 338-9472, no, no,126,35.97,1,No,UT,0.02,No,Low
 374-8042, no, no,150,30.41,4,Yes,TX,0.77,Yes,Critical
 359-1231, no, no,138,41.11,3,No,NJ,0.1,No,Low
 413-7170, no, yes,162,38.23,0,No,MN,0.05,No,Low
 415-2935, no, no,147,42.26,3,No,NM,0.01,No,Low
 399-4246, no, no,90,34.58,1,No,NV,0.02,No,Low
 362-5889, no, no,85,40.09,0,No,HI,0.0,No,Low
 350-8921, no, no,50,26.71,1,No,MN,0.0,No,Low
 374-5353, no, no,82,51.05,0,Yes,DC,0.89,Yes,Critical
 360-1171, no, no,144,10.47,4,Yes,NY,0.91,Yes,Critical
 355-8887, no, no,46,36.4,2,No,MN,0.0,No,Low
 333-1967, no, no,70,28.93,1,No,MD,0.02,No,Low
 354-4577, no, no,144,34.19,1,No,WV,0.04,No,Low
 331-7425, yes, no,116,36.62,3,No,OR,0.02,No,Low
 419-2637, no, yes,55,28.15,3,No,CO,0.0,No,Low
 411-1530, no, yes,70,42.42,1,No,GA,0.0,No,Low
 395-3026, no, no,106,35.8,2,Yes,TX,0.68,Yes,High
 388-6441, no, yes,128,30.48,0,No,VT,0.0,No,Low
 402-1251, no, no,94,26.84,4,Yes,IN,0.87,Yes,Critical
 412-9997, no, no,111,36.43,1,No,WV,0.0,No,Low
 346-7302, no, yes,74,26.2,2,No,KY,0.03,No,Low
 358-9095, no, no,128,40.44,1,Yes,NJ,0.73,Yes,High
 400-9770, no, no,82,24.46,1,No,DC,0.0,No,Low
 334-1275, no, no,155,34.58,0,Yes,LA,0.62,Yes,High
 340-4953, no, no,80,21.13,1,No,AR,0.02,No,Low
 400-9510, no, no,78,42.99,3,No,ME,0.11,No,Low
 387-6103, no, no,90,30.45,3,No,AZ,0.01,No,Low
 366-4467, no, no,104,47.33,1,No,AK,0.05,No,Low
 370-3450, no, no,73,27.22,0,No,MT,0.02,No,Low
 327-3954, no, no,99,33.69,4,No,AZ,0.1,No,Low
 355-6291, no, no,120,36.06,1,Yes,MS,0.65,Yes,High
 362-9748, no, no,77,42.81,2,Yes,ID,0.73,Yes,High
 379-6506, no, yes,98,27.4,4,No,IA,0.12,No,Low
 347-7741, no, no,108,30.31,0,No,MA,0.03,No,Low
 354-3783, no, no,135,25.79,0,No,VT,0.0,No,Low
 401-7594, no, no,95,22.95,1,No,KY,0.01,No,Low
 397-4976, no, no,122,28.99,1,No,IN,0.01,No,Low
 334-2577, no, no,95,40.48,4,No,AZ,0.09,No,Low
 400-3637, no, yes,36,47.84,2,No,MI,0.04,No,Low
 383-4361, no, yes,93,20.04,1,No,NM,0.01,No,Low
 371-4306, no, yes,141,25.26,1,No,CO,0.02,No,Low
 403-4298, no, no,157,39.07,3,No,UT,0.03,No,Low
 409-3786, no, no,120,28.05,1,No,MI,0.03,No,Low
 337-4697, no, no,103,31.45,2,No,MA,0.0,No,Low
 383-1509, no, no,98,27.37,4,No,AL,0.23,No,Low
 359-9794, no, no,125,21.54,1,No,DE,0.0,No,Low
 407-7035, no, no,63,10.01,1,No,AZ,0.02,No,Low
 363-1069, yes, yes,36,33.46,0,Yes,ME,0.92,Yes,Critical
 391-4652, no, no,64,27.64,1,No,NJ,0.05,No,Low
 355-6837, no, no,74,48.03,1,Yes,NV,0.94,Yes,Critical
 409-1244, no, yes,112,19.33,2,No,MO,0.03,No,Low
 328-3266, no, no,97,40.77,2,No,ID,0.01,No,Low
 352-7072, no, no,46,35.73,1,No,NE,0.01,No,Low
 370-7550, no, yes,41,36.35,0,No,TX,0.01,No,Low
 369-5526, no, no,121,32.42,3,No,MD,0.01,No,Low
 329-4391, no, no,193,29.05,1,No,MS,0.02,No,Low
 408-4195, no, no,130,26.21,2,No,NV,0.03,No,Low
 354-4445, no, no,85,34.24,1,No,AZ,0.01,No,Low
 335-4858, no, no,162,12.02,4,Yes,MS,0.79,Yes,Critical
 414-8718, no, yes,61,31.88,4,Yes,MS,0.7,Yes,High
 409-5939, no, no,92,15.59,2,No,TX,0.01,No,Low
 331-4902, no, yes,131,36.41,3,No,NE,0.02,No,Low
 353-6870, no, no,90,24.74,3,No,NE,0.01,No,Low
 355-2909, no, no,75,28.27,1,No,CA,0.03,No,Low
 390-6101, no, no,78,39.27,1,No,NJ,0.03,No,Low
 400-3446, no, no,82,34.05,4,No,TX,0.11,No,Low
 411-5859, no, no,163,33.49,1,No,AR,0.01,No,Low
 387-2919, yes, no,91,22.08,3,No,AL,0.19,No,Low
 374-8525, no, yes,75,29.89,5,No,NY,0.12,No,Low
 379-5592, no, no,91,34.53,3,No,FL,0.01,No,Low
 345-8237, no, yes,127,31.14,1,No,AK,0.0,No,Low
 422-6690, no, yes,113,34.85,2,No,NV,0.03,No,Low
 346-2359, no, no,110,25.25,1,No,DE,0.04,No,Low
 374-3534, no, yes,120,34.05,0,No,MD,0.0,No,Low
 381-4756, no, yes,157,32.74,3,No,MI,0.05,No,Low
 390-2805, no, no,103,41.91,1,No,VT,0.05,No,Low
 390-2390, yes, no,117,28.41,2,Yes,VT,0.89,Yes,Critical
 419-9097, no, no,140,39.42,3,No,MI,0.03,No,Low
 386-7281, no, no,127,24.94,1,No,WA,0.0,No,Low
 380-3561, yes, no,83,46.16,1,No,UT,0.19,No,Low
 390-8760, no, no,121,30.86,1,No,LA,0.01,No,Low
 366-6730, no, yes,145,43.81,2,No,RI,0.09,No,Low
 395-5285, no, no,113,32.95,1,No,IA,0.0,No,Low
 354-3436, no, no,117,17.48,1,No,NE,0.07,No,Low
 336-7600, no, no,65,31.94,1,No,OH,0.02,No,Low
 383-6293, no, no,56,38.42,1,No,RI,0.01,No,Low
 362-4596, no, no,96,44.27,5,No,OK,0.09,No,Low
 401-3926, no, no,151,30.38,0,No,LA,0.11,No,Low
 370-9116, no, no,83,57.36,0,Yes,OH,0.91,Yes,Critical
 328-6289, no, yes,139,26.79,0,No,VA,0.02,No,Low
 350-9994, no, no,6,31.21,1,No,MO,0.03,No,Low
 351-4616, no, yes,115,24.16,1,No,FL,0.02,No,Low
 360-5779, no, no,87,23.17,0,No,SC,0.02,No,Low
 417-4885, no, no,141,36.91,0,No,VA,0.01,No,Low
 406-4710, no, yes,141,31.88,3,No,IA,0.02,No,Low
 409-8743, no, no,62,16.81,1,No,MI,0.01,No,Low
 335-4584, no, no,146,35.07,1,No,OK,0.02,No,Low
 361-9845, no, yes,92,41.33,2,No,DE,0.02,No,Low
 366-5699, no, yes,185,32.27,1,No,GA,0.07,No,Low
 329-9364, no, no,148,34.34,1,No,DC,0.01,No,Low
 390-7434, no, yes,94,28.92,1,No,AZ,0.01,No,Low
 404-9680, no, no,32,39.25,0,No,AL,0.08,No,Low
 338-9398, no, no,68,40.31,1,No,CO,0.02,No,Low
 394-2445, no, yes,64,30.96,2,No,NH,0.0,No,Low
 381-2709, no, no,25,20.28,3,No,NM,0.02,No,Low
 397-5060, no, no,65,19.86,1,No,OR,0.01,No,Low
 415-2393, no, no,179,37.26,0,No,LA,0.05,No,Low
 377-1765, no, no,94,42.94,2,No,NE,0.02,No,Low
 409-2111, no, no,62,25.01,0,No,MN,0.02,No,Low
 401-3170, no, no,127,34.36,2,No,MI,0.03,No,Low
 405-5681, no, no,116,29.5,3,No,AR,0.01,No,Low
 411-4582, no, no,70,39.46,3,No,KS,0.1,No,Low
 355-5009, yes, yes,94,33.51,4,No,WV,0.1,No,Low
 372-3750, no, no,126,9.89,5,Yes,AK,0.91,Yes,Critical
 405-2888, no, yes,67,19.65,2,No,NY,0.0,No,Low
 361-3337, no, no,19,31.64,2,No,NH,0.02,No,Low
 350-1639, yes, no,170,44.18,3,No,VA,0.5,No,Medium
 333-3221, no, no,73,36.43,1,No,NM,0.3,No,Medium
 422-1471, no, no,106,26.98,1,No,NY,0.05,No,Low
 399-7865, no, no,93,46.17,2,No,AZ,0.2,No,Low
 373-4819, no, no,164,27.3,1,No,WY,0.02,No,Low
 338-6981, no, no,51,39.51,1,No,WA,0.05,No,Low
 418-4365, no, no,107,22.75,0,No,CO,0.01,No,Low
 359-5461, no, no,130,30.07,1,No,TX,0.0,No,Low
 375-3586, no, no,80,35.68,2,No,KY,0.01,No,Low
 407-8376, no, no,94,23.38,0,No,MT,0.07,No,Low
 408-6496, no, yes,118,49.22,1,No,OK,0.05,No,Low
 385-7688, no, yes,117,33.68,1,No,MD,0.01,No,Low
 332-6934, no, no,78,25.45,0,No,TN,0.04,No,Low
 378-3625, no, no,208,55.51,2,Yes,TX,0.79,Yes,Critical
 353-7292, yes, yes,131,49.79,4,Yes,ME,0.85,Yes,Critical
 399-6786, no, no,63,14.11,0,No,DC,0.02,No,Low
 358-3261, no, yes,53,24.77,3,No,MN,0.01,No,Low
 377-9932, no, no,62,30.99,2,No,DE,0.08,No,Low
 397-4030, no, no,97,37.06,3,No,MD,0.03,No,Low
 367-1062, no, no,105,23.9,2,No,MI,0.02,No,Low
 341-8467, no, no,157,25.96,1,No,WA,0.01,No,Low
 339-9453, no, yes,66,18.14,1,No,MO,0.02,No,Low
 344-3388, no, no,122,41.45,2,No,IN,0.11,No,Low
 375-8013, no, no,38,33.05,3,No,OR,0.0,No,Low
 408-4142, no, no,106,36.36,3,No,MD,0.0,No,Low
 386-3671, no, no,99,36.92,3,No,RI,0.02,No,Low
 411-2284, no, no,99,40.99,1,No,LA,0.02,No,Low
 346-7795, yes, no,144,34.6,0,No,AZ,0.04,No,Low
 333-5609, no, yes,82,26.38,1,No,PA,0.01,No,Low
 405-1842, no, yes,86,28.49,1,No,AZ,0.02,No,Low
 366-6345, yes, no,70,38.54,2,Yes,FL,0.96,Yes,Critical
 337-9345, no, no,93,30.48,3,No,LA,0.01,No,Low
 328-6770, no, no,93,25.74,0,No,FL,0.0,No,Low
 380-7321, no, no,120,30.6,3,No,FL,0.0,No,Low
 375-1476, no, no,136,42.53,1,Yes,MD,0.85,Yes,Critical
 356-1567, no, no,106,37.91,0,No,AL,0.02,No,Low
 422-6685, no, no,81,31.21,3,No,WA,0.03,No,Low
 336-1090, no, yes,127,28.22,1,No,TN,0.02,No,Low
 343-2095, no, no,65,23.14,1,No,MS,0.0,No,Low
 345-3934, no, no,35,25.38,2,No,ME,0.01,No,Low
 338-8050, no, no,88,11.12,2,No,OK,0.05,No,Low
 388-9568, no, no,65,36.28,1,No,IN,0.04,No,Low
 402-6591, no, no,123,35.17,3,No,MO,0.01,No,Low
 403-6419, no, yes,126,31.65,2,No,IA,0.02,No,Low
 386-9790, no, yes,104,47.63,4,No,VA,0.16,No,Low
 378-5692, no, yes,45,33.42,0,No,KY,0.01,No,Low
 360-3324, yes, no,93,53.04,0,Yes,MD,0.91,Yes,Critical
 410-3719, yes, yes,63,33.83,1,No,OH,0.14,No,Low
 352-4221, no, no,100,34.53,3,No,OK,0.02,No,Low
 327-6179, no, no,53,28.7,0,No,NV,0.02,No,Low
 359-6196, yes, no,92,29.43,1,No,ID,0.01,No,Low
 374-9107, no, no,139,22.85,5,Yes,MN,0.96,Yes,Critical
 357-4078, no, yes,110,34.44,2,No,SD,0.07,No,Low
 366-5780, no, no,110,12.67,3,No,IL,0.0,No,Low
 393-9619, no, no,215,14.21,0,No,WY,0.02,No,Low
 355-9295, no, no,73,32.67,1,No,AL,0.01,No,Low
 400-5751, no, no,138,37.43,0,No,NJ,0.01,No,Low
 338-1027, yes, no,137,22.97,2,Yes,NV,0.87,Yes,Critical
 405-8867, no, no,36,43.08,1,No,IN,0.1,No,Low
 336-5616, no, no,85,38.25,3,No,WV,0.02,No,Low
 335-1697, no, no,108,33.75,0,Yes,VA,0.72,Yes,High
 331-5138, no, no,22,18.75,0,No,SC,0.01,No,Low
 385-8240, no, yes,107,10.2,0,No,RI,0.0,No,Low
 348-1359, no, no,51,36.52,0,No,IN,0.01,No,Low
 354-7339, no, no,94,30.91,4,No,AZ,0.15,No,Low
 349-1687, no, yes,119,26.18,2,No,NM,0.02,No,Low
 380-2558, no, yes,33,26.76,4,Yes,OR,0.76,Yes,Critical
 365-2153, no, no,106,35.34,4,No,NJ,0.08,No,Low
 345-6043, no, no,82,35.19,3,No,MS,0.02,No,Low
 349-2808, no, yes,86,20.23,0,No,MI,0.01,No,Low
 411-1715, yes, no,97,24.43,0,No,TX,0.11,No,Low
 385-2488, no, yes,106,28.2,4,No,FL,0.1,No,Low
 377-7177, no, no,108,23.56,1,No,DC,0.02,No,Low
 342-1099, no, no,114,14.4,1,No,TX,0.0,No,Low
 386-4170, yes, no,92,10.64,1,Yes,KS,0.89,Yes,Critical
 413-1269, no, no,59,26.38,1,No,UT,0.03,No,Low
 396-4460, no, yes,24,28.03,1,No,MN,0.0,No,Low
 334-2730, no, no,151,22.87,1,No,IL,0.06,No,Low
 340-3182, no, no,117,24.36,1,No,NM,0.0,No,Low
 377-8608, no, no,78,28.61,1,No,SC,0.03,No,Low
 417-3676, no, no,155,44.61,2,No,NC,0.08,No,Low
 417-6774, no, yes,114,35.05,1,No,WV,0.01,No,Low
 411-9554, no, yes,114,38.39,4,No,RI,0.01,No,Low
 420-3192, no, no,119,23.51,3,No,NH,0.03,No,Low
 389-1475, no, yes,64,16.05,0,No,MO,0.09,No,Low
 343-7734, yes, no,118,27.2,2,No,MA,0.35,No,Medium
 410-3390, no, no,101,35.12,0,No,PA,0.01,No,Low
 344-6495, no, no,117,22.9,1,No,OK,0.02,No,Low
 331-6229, no, yes,49,36.45,3,No,AL,0.0,No,Low
 337-7501, no, no,139,32.78,3,No,WY,0.0,No,Low
 339-9631, no, yes,92,25.69,1,No,PA,0.01,No,Low
 369-4384, no, no,83,37.64,3,No,WA,0.08,No,Low
 416-3915, yes, no,148,37.21,0,No,HI,0.02,No,Low
 339-3049, no, yes,144,32.27,2,Yes,SD,0.66,Yes,High
 361-7998, no, yes,131,32.76,2,No,AL,0.0,No,Low
 355-4842, yes, no,146,34.75,3,No,VT,0.01,No,Low
 387-6440, no, no,143,29.29,2,No,MT,0.07,No,Low
 369-2625, no, no,81,33.73,2,No,MN,0.01,No,Low
 389-7073, no, yes,48,35.99,1,No,AK,0.0,No,Low
 370-8463, no, yes,86,37.67,1,No,MI,0.02,No,Low
 362-7318, no, no,71,33.64,3,No,DE,0.04,No,Low
 412-1194, no, yes,145,25.08,2,No,SD,0.0,No,Low
 355-9508, no, no,137,35.09,2,No,MI,0.0,No,Low
 352-8202, no, no,137,35.0,2,No,KS,0.05,No,Low
 335-5882, no, no,167,35.29,0,No,AL,0.05,No,Low
 352-6976, no, no,89,51.66,1,Yes,OK,0.99,Yes,Critical
 393-6733, no, yes,199,39.2,0,No,CT,0.02,No,Low
 335-1838, no, no,132,16.92,0,No,NE,0.03,No,Low
 355-6930, no, no,94,30.11,1,No,WI,0.0,No,Low
 387-5860, no, yes,96,29.36,5,Yes,CT,0.82,Yes,Critical
 343-2605, no, yes,96,29.36,1,No,WI,0.01,No,Low
 350-6759, no, no,166,34.71,1,No,IN,0.03,No,Low
 371-1514, no, no,74,14.57,2,No,DC,0.03,No,Low
 346-9317, no, no,36,26.79,0,No,AR,0.01,No,Low
 398-4313, no, no,113,36.64,4,No,ME,0.06,No,Low
 412-4399, no, no,94,30.86,1,No,MN,0.01,No,Low
 330-1835, no, no,67,29.19,2,No,MD,0.0,No,Low
 416-1676, no, no,127,45.32,1,Yes,FL,0.93,Yes,Critical
 329-7347, no, no,121,28.97,0,Yes,RI,0.19,No,Low
 360-6868, no, no,158,26.86,1,No,IA,0.1,No,Low
 405-6641, no, no,136,15.64,1,No,AZ,0.04,No,Low
 393-2373, no, no,196,39.78,2,No,MO,0.04,No,Low
 419-1714, no, no,113,46.26,1,Yes,VT,0.97,Yes,Critical
 336-3819, no, no,122,50.39,4,Yes,IN,0.73,Yes,High
 341-3464, no, no,112,33.05,0,No,RI,0.01,No,Low
 413-5310, no, no,209,38.62,3,No,SD,0.27,No,Low
 366-7912, no, no,62,42.28,1,Yes,MN,0.87,Yes,Critical
 399-8845, no, yes,110,40.17,1,No,TX,0.03,No,Low
 368-2583, no, no,16,34.95,0,No,VA,0.0,No,Low
 360-6309, no, no,73,16.0,0,No,MA,0.05,No,Low
 359-5890, no, no,128,21.28,0,No,ID,0.05,No,Low
 332-2462, no, no,39,10.27,1,No,MA,0.07,No,Low
 381-9196, no, yes,103,20.57,2,No,GA,0.0,No,Low
 329-3222, no, yes,119,20.03,3,No,RI,0.01,No,Low
 363-5819, no, yes,173,39.51,3,No,ID,0.03,No,Low
 413-9269, yes, yes,128,38.0,2,Yes,SD,0.68,Yes,High
 330-7483, no, no,86,29.97,0,No,MA,0.03,No,Low
 403-7775, no, yes,114,21.28,1,No,WY,0.01,No,Low
 360-2479, no, no,104,23.58,0,No,VA,0.02,No,Low
 394-3791, no, no,148,14.67,1,No,OR,0.01,No,Low
 384-2632, no, no,129,35.19,3,No,VA,0.01,No,Low
 359-8466, no, yes,100,10.0,0,No,ME,0.01,No,Low
 331-8909, no, yes,121,11.68,1,No,AL,0.01,No,Low
 359-5160, no, yes,143,40.66,1,No,GA,0.02,No,Low
 330-9833, no, no,76,33.71,0,No,IA,0.0,No,Low
 362-2314, no, no,158,34.88,0,No,AZ,0.03,No,Low
 338-8478, no, no,116,32.66,3,No,FL,0.01,No,Low
 387-5453, no, no,54,46.34,1,Yes,MT,0.93,Yes,Critical
 380-3437, no, no,86,21.81,7,Yes,AL,0.85,Yes,Critical
 365-8779, no, no,108,28.83,0,No,DE,0.02,No,Low
 407-2750, no, no,66,34.22,1,No,MT,0.02,No,Low
 396-8265, no, yes,151,36.5,1,No,KY,0.0,No,Low
 397-4304, no, no,99,28.76,0,No,SC,0.02,No,Low
 333-2611, no, no,55,33.0,2,No,WA,0.07,No,Low
 409-8814, no, no,77,39.75,2,No,OR,0.14,No,Low
 336-5406, no, no,78,38.27,0,No,AK,0.03,No,Low
 343-6940, no, no,89,36.21,1,Yes,GA,0.11,No,Low
 361-9923, no, no,101,31.26,1,No,MN,0.02,No,Low
 350-6639, no, yes,44,37.71,0,No,IL,0.02,No,Low
 376-4300, no, yes,98,10.98,2,No,IN,0.0,No,Low
 349-6567, no, yes,64,26.28,1,No,SC,0.01,No,Low
 333-7749, no, no,141,44.23,3,No,VA,0.06,No,Low
 408-6089, no, yes,81,27.47,1,No,WI,0.0,No,Low
 375-2165, no, no,162,37.5,1,No,VT,0.01,No,Low
 400-6999, no, yes,83,26.5,3,No,AZ,0.0,No,Low
 420-7823, no, no,100,18.19,4,Yes,FL,0.61,Yes,High
 366-5241, no, no,59,31.03,4,No,AK,0.07,No,Low
 413-3412, yes, yes,179,37.42,4,No,AR,0.07,No,Low
 406-2752, no, no,79,25.87,1,No,AR,0.03,No,Low
 337-8078, no, no,117,30.86,2,No,AK,0.02,No,Low
 402-1942, yes, no,64,40.15,2,Yes,MS,0.95,Yes,Critical
 371-7917, no, no,31,28.24,1,No,ME,0.0,No,Low
 343-6374, yes, no,124,41.58,1,No,CA,0.12,No,Low
 385-8730, no, yes,122,22.81,2,No,NM,0.02,No,Low
 393-7892, yes, yes,37,25.45,1,No,NE,0.06,No,Low
 407-6748, no, yes,90,25.52,1,No,SC,0.03,No,Low
 341-4463, yes, no,159,43.71,1,Yes,CO,0.85,Yes,Critical
 351-2587, no, no,148,21.15,0,No,DE,0.01,No,Low
 421-9752, no, yes,39,24.09,1,No,OH,0.02,No,Low
 356-4001, no, no,77,39.1,2,No,MS,0.05,No,Low
 328-9869, no, no,194,27.59,0,No,OK,0.02,No,Low
 343-5709, no, no,154,59.64,1,Yes,CO,0.97,Yes,Critical
 334-1872, no, no,112,32.86,4,No,NC,0.05,No,Low
 350-1040, no, no,45,13.29,1,No,MD,0.04,No,Low
 369-3214, no, no,132,14.18,1,No,KS,0.0,No,Low
 385-6778, no, no,128,33.25,0,No,MA,0.02,No,Low
 383-7689, no, no,135,34.31,1,No,NC,0.0,No,Low
 385-5722, no, no,56,33.49,2,No,NM,0.0,No,Low
 357-1909, yes, no,151,37.06,0,Yes,CA,0.87,Yes,Critical
 364-3567, no, no,32,28.02,2,No,NY,0.02,No,Low
 422-4241, no, no,90,30.46,2,No,AZ,0.01,No,Low
 370-2957, no, yes,87,36.38,0,No,SD,0.0,No,Low
 329-6562, no, no,138,28.99,2,No,DC,0.01,No,Low
 363-3515, no, no,79,34.97,1,No,ND,0.02,No,Low
 374-7787, yes, no,95,28.14,1,Yes,MO,0.89,Yes,Critical
 345-2931, no, no,127,37.57,2,No,KS,0.01,No,Low
 373-5732, no, no,137,41.16,3,No,SD,0.06,No,Low
 348-7437, no, no,97,25.77,1,No,OK,0.0,No,Low
 332-9460, yes, no,149,29.95,0,No,OR,0.08,No,Low
 355-6531, yes, yes,117,33.32,1,No,IN,0.08,No,Low
 336-9390, no, no,84,27.12,2,No,OH,0.01,No,Low
 346-8581, no, no,137,39.13,4,No,KS,0.04,No,Low
 363-8824, no, no,99,24.94,3,No,CT,0.08,No,Low
 353-3351, no, no,54,35.79,1,No,NH,0.03,No,Low
 360-4320, no, no,85,17.34,1,No,WI,0.01,No,Low
 417-6252, no, no,150,21.42,3,No,MS,0.05,No,Low
 393-4949, no, no,43,28.63,1,No,WV,0.01,No,Low
 401-3156, no, no,35,17.95,0,No,MA,0.01,No,Low
 338-6283, no, no,98,35.11,5,No,MD,0.04,No,Low
 352-9017, no, no,112,36.91,2,No,PA,0.0,No,Low
 405-5305, no, no,16,39.03,0,Yes,WI,0.55,Yes,High
 376-9249, no, yes,98,47.31,0,No,TN,0.01,No,Low
 339-7139, no, no,84,23.56,0,No,TX,0.0,No,Low
 328-6011, no, no,94,39.85,1,Yes,OR,0.39,No,Medium
 378-1303, no, no,84,30.86,1,No,IL,0.01,No,Low
 402-5155, no, no,66,28.44,1,Yes,DC,0.63,Yes,High
 333-5430, no, yes,98,20.57,1,No,GA,0.0,No,Low
 365-9696, no, no,74,37.59,0,No,ID,0.0,No,Low
 410-4023, no, yes,96,24.79,1,No,UT,0.02,No,Low
 411-7649, no, no,119,37.88,1,No,KY,0.01,No,Low
 338-4065, no, no,73,31.18,4,No,OH,0.05,No,Low
 421-9401, yes, no,92,44.93,0,No,WI,0.09,No,Low
 343-9658, no, no,21,24.82,0,No,IL,0.01,No,Low
 332-5521, no, no,122,26.71,4,Yes,DE,0.86,Yes,Critical
 349-4369, yes, no,133,21.64,1,No,RI,0.03,No,Low
 351-4288, no, no,145,31.94,2,No,TX,0.01,No,Low
 422-5874, no, no,25,30.4,2,No,OR,0.01,No,Low
 396-2324, no, no,64,16.52,2,No,NV,0.0,No,Low
 416-5662, no, no,85,44.17,0,No,NE,0.57,Yes,High
 363-9663, no, no,126,43.61,3,No,MS,0.2,No,Low
 410-9477, no, no,76,28.82,0,No,OR,0.0,No,Low
 352-4418, no, no,113,40.75,2,Yes,DE,0.8,Yes,Critical
 361-6563, yes, no,224,29.16,1,Yes,DE,0.88,Yes,Critical
 417-4404, no, no,117,40.78,0,No,AZ,0.09,No,Low
 372-8048, no, yes,128,24.19,1,No,SD,0.0,No,Low
 356-3646, no, no,115,31.3,2,No,NV,0.01,No,Low
 351-9604, no, yes,141,35.17,2,No,NM,0.07,No,Low
 355-9581, no, no,51,44.18,1,No,MN,0.16,No,Low
 396-5189, no, no,100,34.65,0,No,NJ,0.02,No,Low
 356-9187, no, yes,96,42.3,3,No,IN,0.02,No,Low
 394-5537, no, yes,112,37.67,1,No,DC,0.02,No,Low
 408-2712, yes, no,129,32.79,1,No,MA,0.08,No,Low
 404-4486, no, no,163,20.81,1,No,ME,0.01,No,Low
 355-1113, no, yes,67,17.83,1,No,NH,0.03,No,Low
 411-4674, no, no,140,29.44,3,No,AZ,0.01,No,Low
 376-4519, no, no,49,20.3,2,No,OR,0.02,No,Low
 365-5979, no, no,46,42.55,2,Yes,KS,0.83,Yes,Critical
 382-2879, no, no,148,30.31,1,No,NE,0.06,No,Low
 420-1383, no, no,112,41.38,1,No,MI,0.22,No,Low
 411-7390, no, no,78,26.35,2,No,SC,0.0,No,Low
 383-8848, no, yes,61,49.08,0,No,PA,0.03,No,Low
 387-9301, no, yes,58,40.87,1,No,MT,0.03,No,Low
 399-3164, no, no,155,32.35,1,No,NM,0.02,No,Low
 385-8997, no, no,100,47.26,0,Yes,OH,0.87,Yes,Critical
 352-6573, no, no,113,26.35,1,No,WY,0.06,No,Low
 408-3384, no, no,81,26.1,2,No,MI,0.02,No,Low
 419-6033, no, yes,135,46.48,1,No,AR,0.03,No,Low
 336-2090, no, no,99,26.4,0,No,FL,0.0,No,Low
 343-7242, no, yes,59,22.63,1,No,AR,0.0,No,Low
 376-1713, no, no,135,41.96,1,No,MO,0.04,No,Low
 381-5878, yes, no,85,28.12,2,No,WI,0.18,No,Low
 390-5470, no, no,70,10.12,0,No,TX,0.02,No,Low
 414-4803, no, no,88,23.51,3,No,TX,0.0,No,Low
 382-5478, no, no,55,48.74,2,No,NM,0.05,No,Low
 333-7637, no, no,75,19.94,1,No,GA,0.01,No,Low
 341-1647, no, yes,79,44.93,4,No,ID,0.08,No,Low
 411-4232, no, no,85,21.74,0,No,AL,0.03,No,Low
 339-2616, no, yes,86,38.34,0,No,KS,0.03,No,Low
 327-3850, no, no,91,25.33,0,No,SD,0.02,No,Low
 328-7209, no, yes,149,33.81,1,No,LA,0.03,No,Low
 405-6189, no, no,97,43.59,1,Yes,OH,0.81,Yes,Critical
 418-6737, no, no,88,45.02,1,Yes,MA,0.88,Yes,Critical
 366-2212, no, no,60,16.69,2,No,AZ,0.01,No,Low
 356-1420, no, no,54,27.17,2,No,KY,0.04,No,Low
 343-1323, no, yes,11,32.4,3,No,DC,0.04,No,Low
 361-8239, no, no,109,31.28,0,No,WA,0.06,No,Low
 384-1621, no, no,90,44.51,1,No,UT,0.13,No,Low
 360-3525, no, no,115,25.14,3,No,RI,0.0,No,Low
 392-3813, no, yes,144,18.09,1,No,OH,0.05,No,Low
 337-6898, no, no,91,22.73,0,No,NV,0.03,No,Low
 366-8036, no, yes,105,32.9,0,No,ND,0.0,No,Low
 352-8327, yes, no,71,30.29,3,Yes,NV,0.89,Yes,Critical
 334-9505, no, yes,132,38.45,3,Yes,FL,0.66,Yes,High
 336-5702, no, no,112,28.97,1,No,MD,0.02,No,Low
 392-2381, no, yes,86,12.05,3,No,AZ,0.1,No,Low
 369-6880, no, yes,41,33.05,2,No,AL,0.02,No,Low
 416-8697, no, no,44,40.85,1,No,NE,0.02,No,Low
 345-3451, no, no,78,12.75,3,No,NV,0.01,No,Low
 379-2514, no, no,149,11.75,1,No,IL,0.01,No,Low
 418-6651, no, yes,72,16.42,4,Yes,WV,0.41,No,Medium
 421-3528, no, yes,139,36.48,0,No,MI,0.01,No,Low
 329-9046, no, no,74,25.25,3,No,AR,0.01,No,Low
 406-3890, no, no,50,43.88,1,No,UT,0.05,No,Low
 403-8904, no, yes,141,25.45,3,No,GA,0.02,No,Low
 393-4086, no, no,140,25.47,1,No,AZ,0.05,No,Low
 400-1367, no, no,99,32.37,2,No,ID,0.02,No,Low
 377-9473, no, no,166,30.84,1,No,HI,0.0,No,Low
 396-3068, no, no,124,25.69,1,No,NV,0.02,No,Low
 331-9293, no, no,74,26.47,0,No,MD,0.02,No,Low
 347-1914, no, no,117,25.48,2,No,GA,0.02,No,Low
 395-1962, no, no,85,37.79,3,No,GA,0.0,No,Low
 401-5485, no, yes,36,25.4,0,No,UT,0.02,No,Low
 355-6560, yes, no,102,39.75,0,No,MA,0.12,No,Low
 363-3911, no, no,76,34.71,0,No,IN,0.08,No,Low
 345-1998, no, no,165,41.29,1,No,VT,0.07,No,Low
 361-5277, no, no,130,25.57,1,No,IA,0.01,No,Low
 376-7145, no, no,78,35.51,0,No,IN,0.04,No,Low
 375-2975, yes, no,55,32.62,1,Yes,AL,0.97,Yes,Critical
 376-8573, yes, no,92,22.22,2,Yes,ME,0.88,Yes,Critical
 366-7360, no, yes,129,20.33,2,No,RI,0.03,No,Low
 347-7898, no, no,18,46.51,1,No,MD,0.07,No,Low
 390-7328, yes, no,161,26.54,2,No,FL,0.09,No,Low
 356-5491, no, yes,93,30.38,2,No,CA,0.04,No,Low
 373-3251, no, no,144,30.18,2,No,AL,0.01,No,Low
 343-1965, yes, no,75,35.92,4,Yes,ME,0.34,No,Medium
 378-8019, no, no,95,29.78,1,No,WV,0.0,No,Low
 386-1548, no, yes,126,19.43,3,No,SD,0.01,No,Low
 397-1649, no, yes,124,42.74,1,No,FL,0.04,No,Low
 366-7247, yes, no,93,36.87,1,Yes,MI,0.85,Yes,Critical
 402-9691, yes, yes,109,36.92,0,No,MI,0.04,No,Low
 334-9806, no, no,80,35.07,0,No,NM,0.0,No,Low
 378-7733, no, no,41,27.08,1,No,AK,0.01,No,Low
 407-2248, no, yes,136,24.33,2,No,OH,0.01,No,Low
 405-3916, no, no,92,26.18,3,Yes,MO,0.57,Yes,High
 407-2081, no, yes,143,31.72,1,No,KS,0.0,No,Low
 397-9148, no, yes,118,29.04,5,Yes,MS,0.7,Yes,High
 415-4857, no, yes,193,21.08,1,No,VT,0.01,No,Low
 354-7314, no, no,73,33.71,3,No,NE,0.01,No,Low
 346-5611, no, no,62,29.38,2,No,VA,0.0,No,Low
 349-4703, no, yes,30,36.96,0,No,DE,0.0,No,Low
 411-7778, yes, yes,60,45.2,0,Yes,AL,0.88,Yes,Critical
 421-1469, no, yes,148,15.91,1,No,ID,0.02,No,Low
 420-5990, no, no,96,16.69,2,No,MS,0.02,No,Low
 389-4780, no, no,52,36.5,2,No,OK,0.0,No,Low
 357-2735, no, no,87,28.59,1,No,NM,0.0,No,Low
 409-4791, no, no,41,34.49,3,No,WI,0.04,No,Low
 380-5286, no, no,112,44.44,1,No,WV,0.07,No,Low
 394-8402, no, no,88,12.46,4,Yes,SC,0.76,Yes,Critical
 392-1616, no, yes,122,43.13,7,No,KY,0.11,No,Low
 364-1969, no, no,61,7.65,2,No,MO,0.0,No,Low
 390-4152, no, no,87,39.32,1,No,IL,0.03,No,Low
 367-7039, no, no,176,8.06,2,No,OK,0.07,No,Low
 391-6607, no, no,30,38.66,0,No,MI,0.07,No,Low
 379-6652, no, yes,95,6.95,0,No,NJ,0.01,No,Low
 384-1833, no, no,46,21.22,2,No,ID,0.05,No,Low
 403-2455, yes, no,100,11.65,0,No,DC,0.06,No,Low
 391-1348, no, yes,47,27.8,2,No,NY,0.0,No,Low
 408-4174, no, no,77,27.71,2,No,AL,0.01,No,Low
 366-4334, no, yes,98,36.33,2,No,OR,0.07,No,Low
 406-5059, no, yes,125,34.22,1,No,OK,0.1,No,Low
 373-6784, no, no,67,52.77,4,No,LA,0.18,No,Low
 408-3532, no, no,194,8.23,1,No,NE,0.08,No,Low
 350-8680, no, yes,128,29.1,1,No,TX,0.03,No,Low
 398-9870, no, yes,190,28.31,0,No,UT,0.02,No,Low
 343-3356, no, no,165,36.82,0,No,OR,0.01,No,Low
 415-4609, no, no,59,18.33,2,No,NY,0.0,No,Low
 404-5387, no, yes,47,24.02,1,No,AL,0.0,No,Low
 415-8151, no, yes,150,35.68,0,No,RI,0.02,No,Low
 416-2778, yes, yes,152,40.38,9,Yes,MN,0.91,Yes,Critical
 393-3300, no, no,26,39.87,3,No,NC,0.1,No,Low
 391-7661, no, yes,79,17.53,3,No,MD,0.02,No,Low
 339-4317, no, yes,95,22.02,1,No,RI,0.0,No,Low
 418-6455, yes, no,69,47.57,2,Yes,WI,0.92,Yes,Critical
 378-3508, yes, yes,95,23.26,5,Yes,VT,0.84,Yes,Critical
 390-9359, no, yes,31,17.02,0,No,CT,0.01,No,Low
 364-2495, no, yes,121,40.31,4,No,OK,0.02,No,Low
 364-7719, no, no,111,29.38,4,Yes,AK,0.8,Yes,Critical
 421-1189, no, no,157,38.17,2,No,NY,0.08,No,Low
 419-8987, no, no,44,48.98,3,Yes,GA,0.98,Yes,Critical
 402-9980, yes, no,61,13.29,2,No,UT,0.09,No,Low
 376-5908, no, no,65,25.28,2,No,NM,0.01,No,Low
 400-3150, no, yes,74,33.08,2,No,NE,0.0,No,Low
 336-1749, no, no,123,27.12,0,No,NJ,0.01,No,Low
 420-1259, no, yes,58,33.07,1,No,TX,0.0,No,Low
 339-7541, no, no,74,29.6,2,Yes,MT,0.04,No,Low
 378-9029, no, no,125,22.41,2,No,CO,0.03,No,Low
 342-7514, no, no,80,27.3,1,No,VT,0.02,No,Low
 422-4956, no, yes,53,24.96,0,No,RI,0.0,No,Low
 389-8606, no, yes,99,34.12,1,No,WY,0.01,No,Low
 406-7261, no, no,99,24.75,1,No,ID,0.02,No,Low
 417-7973, no, yes,66,39.0,2,No,CT,0.01,No,Low
 390-2891, no, no,97,35.87,3,No,ME,0.02,No,Low
 385-7387, no, yes,75,20.66,2,No,AZ,0.01,No,Low
 362-2776, yes, no,85,36.72,2,No,MD,0.13,No,Low
 329-1955, no, no,108,49.81,2,No,IN,0.24,No,Low
 344-3160, yes, yes,133,37.59,2,Yes,NC,0.93,Yes,Critical
 406-2454, no, no,51,30.86,1,No,DE,0.01,No,Low
 335-3913, no, yes,186,12.63,2,No,MN,0.03,No,Low
 355-7705, yes, no,44,10.59,1,No,WI,0.23,No,Low
 410-7108, no, yes,64,38.86,3,No,FL,0.01,No,Low
 419-1674, no, no,44,38.78,2,Yes,WV,0.84,Yes,Critical
 351-7369, no, yes,114,52.68,1,No,SD,0.11,No,Low
 349-9566, no, no,92,34.32,3,No,FL,0.01,No,Low
 333-3421, no, no,110,25.47,2,No,OR,0.01,No,Low
 393-8199, no, yes,90,31.25,1,No,CO,0.0,No,Low
 388-4879, no, yes,72,31.74,1,No,CT,0.02,No,Low
 353-6007, no, no,113,35.6,1,Yes,IN,0.76,Yes,Critical
 416-1557, no, yes,171,37.94,3,No,PA,0.01,No,Low
 356-7217, no, no,104,27.91,1,No,NM,0.0,No,Low
 350-2012, no, no,165,25.59,1,No,ME,0.05,No,Low
 420-9838, no, no,104,39.81,0,Yes,SD,0.47,No,Medium
 373-6379, no, no,110,9.4,1,No,AR,0.09,No,Low
 355-7293, yes, no,90,37.71,1,No,TX,0.03,No,Low
 406-4588, no, no,114,28.83,1,No,NH,0.03,No,Low
 345-1524, no, no,101,15.25,5,Yes,OK,0.85,Yes,Critical
 375-8493, no, yes,117,13.63,1,No,WI,0.01,No,Low
 361-2924, no, no,109,37.21,2,No,AL,0.02,No,Low
 359-6163, no, no,82,21.37,1,No,PA,0.01,No,Low
 411-8140, no, no,92,29.97,2,No,OK,0.0,No,Low
 381-9049, no, yes,82,35.22,2,No,ME,0.01,No,Low
 344-4478, no, no,90,34.97,2,No,WV,0.01,No,Low
 360-2690, no, yes,87,25.74,1,No,HI,0.0,No,Low
 410-7383, no, no,124,26.78,3,No,MN,0.01,No,Low
 356-1889, no, no,39,27.27,2,No,NY,0.0,No,Low
 341-2360, no, no,84,27.03,1,No,AZ,0.01,No,Low
 370-3021, no, yes,75,36.4,0,No,OH,0.02,No,Low
 336-4656, no, no,102,17.44,2,No,MI,0.03,No,Low
 386-2810, yes, no,62,27.15,0,Yes,MA,0.94,Yes,Critical
 350-1354, no, no,143,34.48,1,No,WV,0.06,No,Low
 346-5707, no, no,53,9.78,3,No,MI,0.06,No,Low
 405-8370, no, no,30,28.88,1,No,NM,0.02,No,Low
 373-2053, no, no,112,57.04,2,Yes,MO,0.98,Yes,Critical
 369-5222, no, no,129,23.72,0,No,RI,0.01,No,Low
 347-7420, no, yes,63,24.19,1,No,NC,0.01,No,Low
 392-6856, no, no,28,31.93,0,No,WY,0.01,No,Low
 371-5556, no, no,111,24.85,3,No,WY,0.03,No,Low
 334-5337, no, no,91,39.41,3,No,PA,0.03,No,Low
 334-8817, no, no,90,32.93,1,No,KY,0.01,No,Low
 339-1405, no, no,151,26.59,4,No,OR,0.16,No,Low
 380-7742, yes, yes,105,37.52,1,Yes,NV,0.92,Yes,Critical
 329-6191, no, yes,41,40.77,2,No,DC,0.03,No,Low
 340-3075, no, yes,48,29.24,1,No,UT,0.0,No,Low
 416-5849, yes, yes,166,21.79,2,No,WA,0.06,No,Low
 334-7443, no, no,79,22.13,3,No,FL,0.02,No,Low
 394-9121, no, no,153,33.22,1,No,VA,0.0,No,Low
 383-1657, yes, no,110,49.86,0,Yes,KS,0.97,Yes,Critical
 347-4112, no, no,163,32.52,1,No,KS,0.01,No,Low
 362-8280, no, no,126,20.81,1,No,DC,0.0,No,Low
 402-9982, no, yes,105,35.63,2,No,ME,0.03,No,Low
 392-8905, no, no,172,36.67,3,No,LA,0.04,No,Low
 392-5512, no, no,126,27.44,0,No,DC,0.0,No,Low
 351-6384, no, no,97,24.51,3,No,TX,0.08,No,Low
 348-8015, yes, yes,95,37.43,0,Yes,NJ,0.89,Yes,Critical
 374-6966, no, no,87,43.55,4,No,DE,0.11,No,Low
 328-2236, no, no,97,19.16,1,No,VT,0.04,No,Low
 372-6497, no, no,76,50.92,0,Yes,GA,0.95,Yes,Critical
 417-8617, no, no,140,33.12,0,No,TX,0.05,No,Low
 361-9621, no, no,169,17.14,0,No,MT,0.02,No,Low
 421-2723, no, yes,68,14.03,3,No,ND,0.04,No,Low
 327-9341, no, yes,122,24.89,2,No,NJ,0.01,No,Low
 383-5474, no, no,36,30.24,2,No,MO,0.02,No,Low
 328-8147, no, yes,120,26.1,5,No,CO,0.11,No,Low
 373-5438, no, no,121,25.62,1,No,KS,0.14,No,Low
 333-9253, no, yes,64,30.62,0,No,NC,0.02,No,Low
 347-9421, no, yes,13,45.1,1,No,MT,0.02,No,Low
 419-3167, no, no,106,21.86,0,No,DE,0.01,No,Low
 414-4162, no, no,88,27.46,2,No,ND,0.01,No,Low
 416-5341, no, no,74,28.1,1,No,VA,0.0,No,Low
 368-8600, no, no,83,33.15,0,No,IL,0.01,No,Low
 336-6085, no, no,49,36.35,0,No,OK,0.04,No,Low
 377-1479, no, yes,111,34.94,1,No,CO,0.01,No,Low
 360-2107, no, yes,50,42.99,3,No,MT,0.05,No,Low
 405-9384, no, yes,153,40.05,0,No,WV,0.04,No,Low
 420-5179, no, no,88,32.64,1,No,ME,0.0,No,Low
 331-3174, no, yes,131,11.75,0,No,WI,0.0,No,Low
 411-5958, no, no,79,44.49,3,Yes,MO,0.84,Yes,Critical
 333-8180, no, no,140,40.04,2,No,NY,0.12,No,Low
 357-2679, no, no,105,36.28,1,No,CT,0.01,No,Low
 396-2867, no, yes,54,35.17,3,No,AR,0.01,No,Low
 341-9443, no, yes,87,44.85,3,No,WY,0.05,No,Low
 341-4103, no, yes,96,31.18,1,No,CA,0.03,No,Low
 416-8701, no, no,79,26.79,5,Yes,CA,0.46,No,Medium
 397-6109, no, no,55,29.85,0,No,MN,0.01,No,Low
 392-5587, no, no,130,41.23,2,No,AK,0.02,No,Low
 392-9342, no, no,34,25.67,0,No,VA,0.0,No,Low
 368-2845, no, no,139,23.48,1,No,CO,0.01,No,Low
 405-4920, no, no,109,45.0,1,Yes,MT,0.88,Yes,Critical
 348-7484, no, yes,65,47.99,1,No,SD,0.04,No,Low
 338-5207, no, no,63,35.9,0,No,NE,0.07,No,Low
 418-7846, no, no,152,33.51,3,No,VT,0.01,No,Low
 358-8729, no, no,147,34.9,1,No,ND,0.02,No,Low
 349-1943, no, yes,112,30.91,2,No,GA,0.0,No,Low
 368-8283, no, no,120,42.84,2,No,OR,0.05,No,Low
 345-1419, no, no,27,32.95,0,No,MT,0.08,No,Low
 358-8025, no, no,171,39.3,1,No,WY,0.06,No,Low
 383-8695, no, yes,101,34.02,0,No,GA,0.03,No,Low
 370-7565, no, yes,32,45.34,1,No,WV,0.09,No,Low
 401-6162, no, yes,3,20.08,2,No,CT,0.03,No,Low
 386-5303, no, no,151,29.8,0,No,IL,0.0,No,Low
 351-6552, no, no,60,21.27,3,No,CO,0.11,No,Low
 345-5338, no, no,119,30.06,1,No,DE,0.03,No,Low
 330-2849, no, no,43,41.12,1,No,LA,0.02,No,Low
 364-6801, no, no,42,41.0,0,No,MA,0.02,No,Low
 375-3003, no, no,84,36.91,1,No,IN,0.02,No,Low
 383-8878, no, no,65,33.22,0,No,NY,0.03,No,Low
 384-2372, yes, no,75,37.81,1,Yes,TX,0.79,Yes,Critical
 377-7107, no, no,116,32.22,1,No,KS,0.01,No,Low
 361-1581, no, no,107,20.93,0,No,WV,0.02,No,Low
 417-7888, no, yes,189,43.64,3,No,NE,0.0,No,Low
 383-8364, no, no,123,27.05,1,No,ND,0.02,No,Low
 396-2335, no, no,110,17.02,3,No,AK,0.0,No,Low
 408-4530, no, yes,63,5.25,1,No,CO,0.01,No,Low
 408-6621, no, no,176,37.94,3,No,ME,0.08,No,Low
 393-7522, no, no,108,31.86,1,No,SC,0.0,No,Low
 338-7120, no, yes,13,53.65,3,No,MN,0.03,No,Low
 357-4265, no, no,71,47.18,1,No,CO,0.08,No,Low
 398-8801, no, no,88,32.27,2,No,KS,0.0,No,Low
 346-2347, no, no,137,25.02,1,No,MS,0.02,No,Low
 343-2741, no, no,82,31.59,4,No,NE,0.1,No,Low
 420-8242, no, yes,92,26.42,3,No,NJ,0.03,No,Low
 402-7746, no, no,165,26.21,6,No,WI,0.39,No,Medium
 332-1494, no, no,96,16.59,1,No,MT,0.03,No,Low
 388-6223, no, no,156,30.4,1,No,AR,0.0,No,Low
 404-9539, no, no,63,25.38,0,No,WA,0.03,No,Low
 341-7332, no, no,37,35.02,0,No,NH,0.01,No,Low
 338-7886, no, no,98,36.86,0,No,IA,0.0,No,Low
 332-5596, no, no,121,17.56,0,No,WV,0.0,No,Low
 348-9945, no, no,94,23.7,0,No,RI,0.01,No,Low
 407-1896, no, no,99,32.5,1,No,KS,0.02,No,Low
 398-9408, no, yes,163,27.2,1,No,MT,0.01,No,Low
 369-8005, no, no,161,37.69,3,No,MO,0.01,No,Low
 346-2530, no, no,99,10.69,1,No,HI,0.03,No,Low
 400-5984, no, no,108,36.65,1,No,CO,0.02,No,Low
 351-1007, no, yes,84,28.1,3,No,CT,0.0,No,Low
 345-5980, yes, yes,83,16.1,2,No,ID,0.04,No,Low
 368-8964, no, no,139,34.54,2,No,DC,0.01,No,Low
 358-1912, no, no,69,33.2,3,No,TN,0.03,No,Low
 379-3132, no, no,129,24.43,4,No,WY,0.15,No,Low
 340-9910, no, no,106,19.45,2,No,MO,0.02,No,Low
 396-2719, no, no,158,37.88,2,No,VA,0.01,No,Low
 369-6204, no, yes,168,29.9,2,No,SD,0.02,No,Low
 420-9971, yes, no,115,42.48,1,Yes,WV,0.94,Yes,Critical
 410-3782, yes, yes,57,39.87,2,No,GA,0.06,No,Low
 404-4481, no, no,67,35.82,1,No,AZ,0.0,No,Low
 383-9255, no, no,127,30.99,1,No,AK,0.01,No,Low
 418-9385, no, no,78,32.35,2,No,AK,0.0,No,Low
 360-9676, no, yes,100,30.11,0,No,CT,0.02,No,Low
 327-3587, no, yes,103,14.82,6,Yes,UT,0.89,Yes,Critical
 385-4715, no, no,113,36.65,1,No,KY,0.04,No,Low
 414-2695, no, no,78,23.36,3,No,MI,0.09,No,Low
 331-5999, no, yes,129,32.78,1,No,OR,0.03,No,Low
 337-7739, no, no,57,25.38,2,No,TN,0.01,No,Low
 388-6658, no, no,82,24.43,1,No,WV,0.01,No,Low
 405-6943, no, no,64,38.22,1,No,NJ,0.03,No,Low
 382-4084, no, yes,86,44.4,2,No,MS,0.0,No,Low
 352-8249, no, yes,151,33.41,0,No,ME,0.05,No,Low
 353-8363, no, no,94,46.1,3,Yes,WY,0.9,Yes,Critical
 416-2825, no, no,90,35.22,2,No,WY,0.02,No,Low
 342-6696, no, no,48,51.07,2,No,IN,0.32,No,Medium
 338-9210, no, yes,85,39.03,2,No,NM,0.03,No,Low
 328-1768, yes, yes,93,31.88,1,No,NJ,0.11,No,Low
 406-5870, yes, no,169,9.71,3,No,DC,0.09,No,Low
 398-3834, no, no,68,27.56,5,Yes,UT,0.59,Yes,High
 330-7754, yes, no,91,24.65,2,Yes,KY,0.95,Yes,Critical
 414-9054, no, no,68,27.12,1,No,KS,0.01,No,Low
 350-2832, no, no,101,32.42,1,No,MI,0.02,No,Low
 414-9027, no, yes,67,39.2,1,No,UT,0.02,No,Low
 337-1225, no, no,66,5.78,0,No,NE,0.02,No,Low
 394-6577, no, yes,116,32.88,5,No,FL,0.02,No,Low
 359-6995, no, no,158,34.34,1,No,LA,0.0,No,Low
 377-7561, no, no,78,32.59,1,No,MT,0.0,No,Low
 380-6631, no, yes,119,27.42,1,No,WA,0.03,No,Low
 390-8876, no, no,120,25.6,1,No,MI,0.02,No,Low
 413-2201, no, no,155,31.38,1,No,KY,0.01,No,Low
 374-2073, no, no,106,37.52,1,No,LA,0.0,No,Low
 417-1272, yes, no,87,28.44,1,No,NM,0.03,No,Low
 358-1129, no, yes,146,26.18,3,No,AL,0.0,No,Low
 394-1211, no, yes,101,20.59,0,No,MO,0.02,No,Low
 327-1319, no, yes,22,30.96,3,No,CO,0.03,No,Low
 399-4413, no, no,90,18.63,2,No,TX,0.0,No,Low
 393-9985, no, no,41,35.68,1,No,NY,0.0,No,Low
 401-8377, no, no,69,28.48,2,No,OR,0.0,No,Low
 331-3202, no, no,33,36.36,2,No,WY,0.0,No,Low
 358-5953, no, no,112,19.69,1,No,UT,0.03,No,Low
 380-7624, no, yes,108,47.02,2,No,LA,0.07,No,Low
 416-5261, no, yes,136,30.5,2,No,NV,0.04,No,Low
 417-5067, no, no,128,31.84,1,No,NC,0.03,No,Low
 345-6515, no, no,27,34.2,2,No,NC,0.0,No,Low
 406-1349, yes, no,161,32.23,1,No,WY,0.17,No,Low
 360-9038, no, yes,33,31.76,0,No,TN,0.02,No,Low
 348-3444, no, yes,120,26.1,0,No,FL,0.02,No,Low
 370-2892, no, no,113,31.89,2,No,CA,0.0,No,Low
 383-4061, yes, no,122,39.25,0,Yes,PA,0.8,Yes,Critical
 391-7937, no, yes,148,41.63,2,No,WV,0.18,No,Low
 389-4083, no, no,74,39.25,3,No,NJ,0.02,No,Low
 410-9633, no, no,106,31.81,1,No,MT,0.04,No,Low
 418-9502, no, no,179,29.02,1,No,MN,0.01,No,Low
 339-6637, yes, yes,149,21.57,5,Yes,WI,0.87,Yes,Critical
 356-3403, no, no,77,32.22,0,No,ID,0.0,No,Low
 371-9457, yes, no,127,30.07,1,Yes,MA,0.92,Yes,Critical
 391-8087, no, no,80,27.39,1,No,OR,0.01,No,Low
 392-6420, no, no,106,28.8,1,No,MT,0.0,No,Low
 399-4094, no, yes,61,43.25,0,No,AL,0.0,No,Low
 378-4013, yes, yes,135,21.71,2,No,ND,0.09,No,Low
 386-6306, no, yes,115,28.99,6,No,LA,0.16,No,Low
 359-3618, yes, no,167,37.25,2,No,ND,0.03,No,Low
 340-8875, yes, no,107,46.5,2,No,MS,0.22,No,Low
 330-2693, yes, no,112,27.52,1,No,WV,0.07,No,Low
 403-7627, no, yes,35,41.09,1,No,WI,0.0,No,Low
 342-3678, yes, no,103,10.68,3,No,KS,0.26,No,Low
 344-9943, no, yes,107,47.79,1,No,MO,0.04,No,Low
 390-5686, no, no,69,38.79,3,No,PA,0.09,No,Low
 358-5826, no, no,85,35.67,0,No,SD,0.01,No,Low
 393-7826, no, no,24,45.15,2,Yes,NJ,0.87,Yes,Critical
 335-9786, no, no,90,36.53,2,No,AL,0.0,No,Low
 368-9860, no, no,137,18.79,3,No,ME,0.03,No,Low
 416-9522, yes, yes,92,47.79,0,No,AZ,0.08,No,Low
 416-7307, no, no,38,23.43,2,No,VT,0.07,No,Low
 397-6789, yes, yes,69,46.16,1,Yes,NV,0.86,Yes,Critical
 335-9501, no, no,45,19.18,2,No,WI,0.0,No,Low
 388-1250, no, no,73,31.84,1,No,HI,0.01,No,Low
 386-1374, no, no,92,33.49,1,No,DE,0.0,No,Low
 346-8112, no, yes,113,30.67,1,No,AZ,0.0,No,Low
 364-9040, yes, no,68,25.25,1,Yes,VA,0.94,Yes,Critical
 366-3944, no, yes,135,33.51,2,No,GA,0.02,No,Low
 331-9861, no, yes,100,26.13,1,No,AZ,0.0,No,Low
 330-2881, no, yes,96,44.42,1,No,MN,0.0,No,Low
 402-9558, no, no,108,41.85,1,No,ME,0.03,No,Low
 341-3180, no, no,84,32.47,0,No,FL,0.02,No,Low
 371-8598, no, no,134,35.41,1,No,WA,0.13,No,Low
 398-8385, no, no,72,43.01,0,No,MT,0.42,No,Medium
 333-4154, no, no,83,34.39,0,No,AL,0.0,No,Low
 330-3589, no, no,137,29.65,0,No,WV,0.03,No,Low
 417-1477, no, yes,56,21.61,1,No,GA,0.03,No,Low
 327-5525, yes, yes,61,24.4,0,No,OH,0.17,No,Low
 363-8244, no, yes,171,31.77,1,No,DE,0.0,No,Low
 419-9104, no, no,123,32.98,1,No,NE,0.03,No,Low
 363-1560, no, no,58,39.92,0,No,FL,0.0,No,Low
 341-4075, no, no,156,21.03,1,No,AK,0.0,No,Low
 366-9074, no, no,166,29.56,0,No,WI,0.1,No,Low
 367-1424, no, yes,75,22.25,1,No,WA,0.05,No,Low
 341-1191, no, no,75,53.48,2,Yes,KY,0.9,Yes,Critical
 342-9480, no, no,83,38.74,1,No,OH,0.03,No,Low
 355-9360, no, no,243,16.24,2,No,UT,0.06,No,Low
 343-1538, no, no,153,31.5,1,No,NM,0.0,No,Low
 335-2331, no, no,150,24.87,1,No,MN,0.01,No,Low
 335-7257, no, yes,92,31.28,2,No,WV,0.01,No,Low
 332-2137, no, no,80,17.99,0,No,MN,0.02,No,Low
 352-2998, no, no,134,30.26,1,No,AL,0.0,No,Low
 346-6941, no, yes,77,25.4,1,No,PA,0.05,No,Low
 400-2203, no, no,147,35.6,2,No,DE,0.0,No,Low
 421-2955, no, no,74,29.26,1,No,MO,0.0,No,Low
 331-6629, yes, no,138,28.78,1,No,IL,0.04,No,Low
 343-6314, no, no,143,20.25,0,No,FL,0.01,No,Low
 414-6638, no, no,64,33.01,2,No,HI,0.04,No,Low
 350-5883, no, no,120,33.8,2,No,ME,0.02,No,Low
 409-4447, yes, no,121,28.51,3,Yes,CO,0.91,Yes,Critical
 376-4856, no, no,88,34.37,2,No,NH,0.0,No,Low
 335-1874, no, no,87,54.83,2,Yes,SC,0.91,Yes,Critical
 397-6255, no, no,100,36.75,0,No,IN,0.01,No,Low
 381-5047, no, no,104,12.99,3,No,FL,0.01,No,Low
 403-6850, no, no,27,12.36,1,No,GA,0.02,No,Low
 375-3658, no, yes,81,35.77,0,No,IL,0.01,No,Low
 341-2603, yes, yes,64,21.62,0,No,NC,0.03,No,Low
 342-5062, no, yes,107,34.31,1,No,VT,0.02,No,Low
 354-1558, no, yes,88,37.32,1,No,DC,0.0,No,Low
 351-9537, no, no,111,16.88,3,No,VT,0.07,No,Low
 401-1252, no, no,77,40.66,5,No,NV,0.07,No,Low
 366-9538, yes, no,67,20.55,2,No,OR,0.05,No,Low
 364-7622, no, no,102,38.2,1,No,AL,0.03,No,Low
 393-9918, no, yes,146,30.02,1,No,ND,0.0,No,Low
 376-4484, no, yes,144,48.26,1,No,FL,0.05,No,Low
 410-6791, no, no,96,30.7,1,Yes,NE,0.62,Yes,High
 343-2392, no, yes,70,21.4,1,No,ND,0.02,No,Low
 408-4323, no, no,149,40.39,0,No,ME,0.04,No,Low
 395-1718, no, no,129,33.73,2,No,IL,0.04,No,Low
 354-9492, no, no,166,46.63,0,No,WA,0.1,No,Low
 367-8168, yes, no,136,33.93,3,Yes,MA,0.65,Yes,High
 340-3500, no, no,149,37.01,3,No,KS,0.09,No,Low
 369-4962, no, no,70,22.9,3,No,RI,0.0,No,Low
 334-8967, no, yes,120,36.16,2,No,MO,0.0,No,Low
 402-2377, no, no,66,43.57,2,No,IA,0.02,No,Low
 366-3917, no, no,104,31.21,1,No,WY,0.0,No,Low
 333-3531, no, no,160,29.95,1,No,NV,0.0,No,Low
 333-8954, no, yes,129,34.85,1,No,WI,0.0,No,Low
 374-9203, no, no,93,45.54,3,Yes,AL,0.92,Yes,Critical
 334-3289, no, no,169,30.46,2,No,HI,0.0,No,Low
 353-7822, no, no,58,25.4,1,No,MO,0.05,No,Low
 350-1422, no, yes,75,27.81,3,No,CA,0.0,No,Low
 385-8406, no, no,45,35.29,1,No,MO,0.0,No,Low
 380-7277, no, no,155,28.12,3,No,CT,0.04,No,Low
 352-1798, no, no,52,35.67,4,No,MD,0.06,No,Low
 385-7922, no, yes,119,37.42,0,No,OH,0.01,No,Low
 353-7730, no, no,86,24.02,1,No,NV,0.02,No,Low
 337-7163, no, no,42,33.41,0,No,MD,0.02,No,Low
 348-5567, yes, no,127,30.75,2,No,NE,0.03,No,Low
 420-9575, no, no,123,17.85,0,No,OH,0.03,No,Low
 366-3358, no, no,98,46.14,4,Yes,MA,0.93,Yes,Critical
 359-9972, no, yes,149,35.14,1,No,OK,0.01,No,Low
 387-3332, no, no,160,28.36,1,No,MA,0.0,No,Low
 354-6960, no, no,103,34.83,5,No,WA,0.28,No,Low
 405-3335, no, yes,132,26.28,1,No,HI,0.01,No,Low
 379-4257, no, no,137,21.59,1,No,CO,0.03,No,Low
 355-4992, yes, no,129,45.46,1,No,FL,0.15,No,Low
 383-6373, no, no,62,47.77,1,No,WI,0.33,No,Medium
 382-7993, no, yes,122,46.04,4,No,ID,0.01,No,Low
 422-5865, no, no,32,29.1,1,No,WY,0.01,No,Low
 410-9961, no, no,86,21.1,3,No,GA,0.1,No,Low
 343-9946, no, no,130,27.68,1,No,FL,0.03,No,Low
 357-7060, no, no,42,24.87,1,No,WY,0.06,No,Low
 355-9541, no, no,73,43.32,2,No,DE,0.09,No,Low
 378-4145, no, yes,66,43.33,2,No,ME,0.1,No,Low
 386-2317, no, yes,103,18.31,0,No,DC,0.01,No,Low
 335-8146, no, no,128,27.0,1,No,IA,0.04,No,Low
 377-2235, no, no,104,31.09,2,No,CO,0.01,No,Low
 386-9141, no, no,103,33.75,0,No,MN,0.01,No,Low
 416-5623, no, no,124,30.33,0,No,VT,0.0,No,Low
 327-3053, no, no,87,18.85,1,No,AZ,0.03,No,Low
 395-6195, no, yes,109,28.37,1,Yes,LA,0.64,Yes,High
 397-8772, yes, no,167,41.62,2,No,MO,0.05,No,Low
 346-7656, no, no,97,20.54,4,Yes,ME,0.94,Yes,Critical
 343-2350, no, no,106,28.1,2,No,MD,0.0,No,Low
 372-4722, no, no,125,21.54,2,No,VT,0.01,No,Low
 399-8615, no, yes,108,36.7,0,No,DC,0.02,No,Low
 379-8248, no, no,125,23.82,1,No,WY,0.01,No,Low
 414-6219, no, yes,89,35.68,1,No,VA,0.0,No,Low
 387-1343, yes, yes,72,23.77,0,No,VA,0.05,No,Low
 370-5527, no, no,23,54.67,2,Yes,CT,0.93,Yes,Critical
 393-8736, no, no,149,28.32,7,No,HI,0.15,No,Low
 402-7626, no, no,73,36.41,0,No,WI,0.0,No,Low
 370-2688, no, no,61,44.2,1,Yes,MD,0.89,Yes,Critical
 418-9036, no, no,161,32.62,4,Yes,WV,0.75,Yes,Critical
 417-2035, no, no,73,36.21,0,No,VT,0.02,No,Low
 355-3602, no, yes,118,20.08,1,No,UT,0.03,No,Low
 393-4027, no, no,23,32.33,6,No,CO,0.07,No,Low
 418-5141, no, yes,127,13.97,0,No,NC,0.01,No,Low
 406-1247, no, yes,42,27.85,0,No,NJ,0.03,No,Low
 402-3892, no, no,118,45.53,5,Yes,AR,0.89,Yes,Critical
 332-2965, no, no,45,27.17,2,No,IA,0.0,No,Low
 377-1218, no, yes,50,36.43,1,No,GA,0.05,No,Low
 355-2464, no, no,179,48.84,0,Yes,MO,0.96,Yes,Critical
 404-4611, no, no,152,17.2,2,No,MO,0.0,No,Low
 373-2339, no, no,105,17.48,2,No,WY,0.09,No,Low
 410-3503, no, no,72,18.55,0,No,HI,0.06,No,Low
 410-4739, no, no,52,36.7,1,No,PA,0.08,No,Low
 365-3562, no, no,125,34.58,1,No,TX,0.01,No,Low
 387-7641, no, no,143,18.72,1,No,VA,0.01,No,Low
 385-9744, no, no,65,18.87,1,No,RI,0.01,No,Low
 398-5006, no, no,80,40.78,1,No,WI,0.05,No,Low
 408-3977, no, no,1,24.62,1,No,MS,0.12,No,Low
 334-2729, no, no,60,23.02,1,No,KY,0.02,No,Low
 334-7685, no, no,43,14.31,1,No,NC,0.02,No,Low
 350-9228, no, no,143,35.55,0,No,NV,0.04,No,Low
 407-5774, no, yes,81,22.12,0,No,UT,0.05,No,Low
 413-4039, no, yes,205,29.89,2,No,ME,0.06,No,Low
 343-2077, no, no,24,41.12,1,No,HI,0.02,No,Low
 336-5661, no, no,74,23.24,0,No,OH,0.03,No,Low
 355-4143, no, no,77,11.51,1,No,WV,0.02,No,Low
 366-5918, no, no,74,34.07,1,No,OK,0.01,No,Low
 368-7555, yes, no,74,21.39,1,Yes,KY,0.98,Yes,Critical
 408-2119, no, no,200,21.79,1,No,AL,0.07,No,Low
 329-2789, no, no,86,38.47,4,No,MD,0.17,No,Low
 334-1508, no, yes,91,27.59,0,No,NE,0.0,No,Low
 337-1506, no, no,76,38.15,2,No,DC,0.01,No,Low
 396-8400, no, no,130,20.49,1,No,TX,0.06,No,Low
 349-2654, no, no,56,15.49,2,No,OH,0.09,No,Low
 417-2716, no, no,117,28.7,0,No,DE,0.02,No,Low
 402-1725, no, no,63,26.1,2,No,IA,0.03,No,Low
 403-3229, no, no,126,38.45,0,No,VT,0.0,No,Low
 353-6056, no, no,132,32.62,1,No,OR,0.08,No,Low
 399-9802, no, yes,81,28.54,4,Yes,NV,0.71,Yes,High
 366-7069, no, no,122,30.6,2,No,NC,0.0,No,Low
 332-5949, no, no,46,43.76,2,Yes,NJ,0.93,Yes,Critical
 393-6376, no, yes,150,29.65,1,No,MN,0.04,No,Low
 354-7025, no, no,99,27.15,1,No,ID,0.01,No,Low
 351-6585, no, no,87,40.32,1,No,AL,0.01,No,Low
 330-5462, no, no,108,17.51,1,No,AK,0.03,No,Low
 407-2292, no, no,101,26.15,4,No,VT,0.17,No,Low
 340-3011, no, no,53,34.87,3,No,PA,0.03,No,Low
 345-9153, no, yes,132,29.87,2,No,AK,0.0,No,Low
 379-5503, no, no,158,26.5,2,No,CA,0.02,No,Low
 389-6790, no, yes,114,26.25,0,No,MS,0.01,No,Low
 408-3610, no, yes,77,35.65,2,No,AR,0.0,No,Low
 375-8238, yes, no,144,25.5,0,No,NV,0.09,No,Low
 378-5633, no, yes,91,39.51,3,No,AL,0.0,No,Low
 389-9120, no, no,58,28.12,2,No,GA,0.03,No,Low
 380-2758, no, no,5,33.86,3,No,AR,0.01,No,Low
 402-2728, no, no,97,36.99,0,No,MA,0.07,No,Low
 354-9062, no, no,107,36.06,3,No,NJ,0.01,No,Low
 417-2054, no, yes,142,26.18,1,No,MO,0.01,No,Low
 353-1941, no, yes,9,32.95,1,No,NY,0.0,No,Low
 328-1522, no, no,73,29.82,0,No,AZ,0.03,No,Low
 408-4529, no, yes,48,25.84,2,Yes,NJ,0.07,No,Low
 417-5320, no, no,43,39.13,0,No,WV,0.04,No,Low
 370-9755, no, yes,122,29.73,1,Yes,NM,0.65,Yes,High
 372-4835, no, no,93,32.33,0,No,SC,0.0,No,Low
 334-6605, no, no,85,29.99,1,No,VT,0.01,No,Low
 399-5564, no, no,59,27.35,3,No,TN,0.02,No,Low
 392-2887, no, no,87,38.88,1,No,LA,0.02,No,Low
 328-2110, no, no,137,24.48,0,No,OH,0.04,No,Low
 383-5976, no, yes,21,23.1,6,No,OR,0.55,Yes,High
 332-6181, no, no,129,56.83,0,Yes,DE,0.91,Yes,Critical
 330-5255, no, no,104,22.19,0,No,KY,0.07,No,Low
 413-5190, no, yes,93,22.81,4,Yes,GA,0.86,Yes,Critical
 394-7447, no, no,63,47.26,4,Yes,VT,0.8,Yes,Critical
 353-7096, no, no,161,17.92,0,No,OR,0.02,No,Low
 395-6002, no, no,50,32.11,3,No,TX,0.03,No,Low
 372-9816, no, yes,103,19.01,1,No,MO,0.01,No,Low
 400-7253, no, yes,84,27.05,1,No,ND,0.02,No,Low
 344-7470, no, no,92,36.11,1,No,MN,0.01,No,Low
 378-8572, no, no,77,24.19,1,No,NV,0.01,No,Low
 345-9140, yes, no,64,58.96,1,Yes,NY,0.97,Yes,Critical
 340-5460, no, yes,159,19.36,1,No,FL,0.02,No,Low
 369-8024, yes, yes,110,45.54,1,Yes,KS,0.82,Yes,Critical
 395-8595, no, no,138,29.14,3,No,NV,0.04,No,Low
 359-4587, no, no,178,46.82,1,No,NV,0.72,Yes,High
 375-5439, no, yes,38,33.52,0,No,SC,0.0,No,Low
 361-3779, no, yes,50,32.74,2,No,MI,0.03,No,Low
 375-8934, no, yes,45,15.59,1,No,MI,0.03,No,Low
 395-4757, no, no,70,21.47,0,No,TN,0.0,No,Low
 421-7205, no, yes,147,42.76,3,No,NY,0.06,No,Low
 379-8805, no, no,94,32.4,1,No,NV,0.01,No,Low
 348-2150, no, no,179,19.74,0,No,IL,0.03,No,Low
 417-9128, no, no,116,36.94,2,No,MS,0.04,No,Low
 351-4226, no, no,59,30.5,0,No,ND,0.01,No,Low
 330-6630, no, no,165,35.31,0,No,NC,0.06,No,Low
 387-9137, no, no,133,47.14,2,Yes,MI,0.77,Yes,Critical
 372-3987, no, no,140,21.3,1,No,TN,0.04,No,Low
 408-5183, no, yes,93,23.48,2,No,VT,0.02,No,Low
 412-9357, no, yes,52,28.78,0,No,OK,0.0,No,Low
 402-3599, no, yes,64,34.22,1,No,DE,0.01,No,Low
 379-5211, yes, no,12,36.84,2,No,ND,0.05,No,Low
 405-9217, no, no,48,32.37,2,No,OR,0.05,No,Low
 340-9200, no, no,181,24.36,1,No,NY,0.02,No,Low
 339-9026, no, yes,168,16.56,2,No,MO,0.04,No,Low
 343-4772, no, no,155,30.84,3,No,FL,0.01,No,Low
 345-2108, no, no,105,41.89,0,No,ND,0.34,No,Medium
 401-4650, no, no,11,24.38,2,No,NY,0.05,No,Low
 400-3945, no, no,182,17.83,2,No,ND,0.01,No,Low
 338-3781, no, no,104,26.55,1,No,NY,0.03,No,Low
 342-6316, no, no,102,19.52,0,No,OH,0.27,No,Low
 336-5920, no, no,122,39.53,0,No,AL,0.01,No,Low
 332-1060, no, no,41,24.41,1,No,SC,0.02,No,Low
 418-3426, no, no,132,30.04,2,No,GA,0.01,No,Low
 408-6326, no, no,76,44.78,1,Yes,WY,0.84,Yes,Critical
 334-6142, no, no,13,24.89,1,No,WV,0.0,No,Low
 336-6128, no, yes,115,24.65,2,No,HI,0.02,No,Low
 406-6708, no, no,67,28.53,1,No,WV,0.01,No,Low
 388-8670, no, no,154,28.37,0,No,LA,0.02,No,Low
 363-5853, no, no,100,24.23,2,No,AR,0.0,No,Low
 383-6544, yes, no,146,22.61,1,No,AK,0.06,No,Low
 378-2940, no, yes,148,42.99,1,No,DC,0.14,No,Low
 338-7683, no, yes,67,16.15,2,No,AL,0.02,No,Low
 329-2786, yes, no,161,33.01,1,Yes,UT,0.92,Yes,Critical
 369-9465, no, no,70,37.88,1,No,KS,0.04,No,Low
 337-3769, no, no,116,34.31,0,No,MN,0.04,No,Low
 400-6257, no, yes,99,36.72,2,Yes,VA,0.48,No,Medium
 411-6663, no, no,87,24.87,1,No,UT,0.01,No,Low
 384-3101, no, no,87,39.92,1,No,IN,0.04,No,Low
 339-5329, no, no,70,33.76,2,No,CT,0.01,No,Low
 388-9944, no, no,131,16.05,2,No,DE,0.0,No,Low
 403-1769, no, no,119,32.37,2,No,VT,0.0,No,Low
 390-1612, no, yes,119,24.24,3,No,MO,0.03,No,Low
 421-7214, yes, no,87,22.81,0,No,RI,0.02,No,Low
 338-6962, no, no,112,19.02,5,Yes,CA,0.72,Yes,High
 333-9826, no, no,75,20.88,2,No,RI,0.0,No,Low
 411-8549, no, no,150,32.18,4,No,CT,0.03,No,Low
 381-9234, no, yes,161,40.87,0,No,IN,0.04,No,Low
 387-9855, yes, yes,91,15.9,0,No,FL,0.05,No,Low
 371-6990, no, no,124,26.96,3,No,KS,0.01,No,Low
 417-3046, yes, no,94,41.34,4,No,NY,0.13,No,Low
 385-7082, no, no,217,29.99,4,No,TX,0.2,No,Low
 365-5886, no, no,158,37.55,0,No,RI,0.01,No,Low
 373-5196, no, no,102,24.55,0,No,NV,0.04,No,Low
 327-6194, no, no,85,36.09,0,No,UT,0.01,No,Low
 381-4565, no, no,79,24.99,1,No,OK,0.01,No,Low
 357-9832, no, yes,139,16.35,2,No,MN,0.02,No,Low
 396-4845, no, no,103,44.78,0,No,NC,0.08,No,Low
 378-6772, yes, no,98,2.13,1,No,OR,0.07,No,Low
 353-4296, no, no,78,27.59,2,No,NH,0.01,No,Low
 362-8331, no, no,50,31.21,1,No,AK,0.03,No,Low
 362-4685, no, no,161,30.28,1,No,OR,0.0,No,Low
 383-1431, no, no,67,34.24,0,No,KS,0.01,No,Low
 332-2258, no, yes,86,20.91,1,No,WV,0.01,No,Low
 375-8304, no, no,92,35.36,0,No,GA,0.01,No,Low
 340-5580, no, no,174,40.66,1,No,NM,0.02,No,Low
 362-1490, no, no,124,32.81,1,No,OH,0.04,No,Low
 336-4281, no, yes,132,29.67,1,No,ND,0.01,No,Low
 361-1315, no, yes,190,19.84,1,No,RI,0.01,No,Low
 342-5906, no, no,101,15.95,1,No,HI,0.01,No,Low
 405-7904, yes, yes,185,26.2,2,No,WY,0.1,No,Low
 349-4762, no, yes,68,40.72,0,No,NY,0.01,No,Low
 385-3263, no, yes,117,36.72,0,No,KS,0.01,No,Low
 405-9496, no, no,118,31.86,1,No,LA,0.02,No,Low
 396-6775, no, no,124,28.46,0,No,PA,0.03,No,Low
 393-6475, no, no,22,27.27,1,No,NV,0.0,No,Low
 379-7779, no, no,75,24.34,1,No,MN,0.0,No,Low
 408-8650, no, no,134,34.9,1,No,PA,0.03,No,Low
 400-3497, no, yes,164,37.25,1,No,MO,0.03,No,Low
 407-9244, no, no,44,24.34,1,No,NY,0.0,No,Low
 406-8809, no, no,177,39.58,2,No,ME,0.01,No,Low
 358-1778, no, no,110,27.54,0,No,NH,0.01,No,Low
 337-4339, no, yes,53,4.4,1,No,WY,0.01,No,Low
 344-7197, no, no,108,26.21,4,Yes,NY,0.84,Yes,Critical
 333-7631, no, no,80,54.79,0,Yes,ME,0.95,Yes,Critical
 372-6623, no, no,158,35.68,1,No,MN,0.0,No,Low
 363-2602, no, no,114,32.56,0,No,OH,0.01,No,Low
 387-7757, no, yes,64,49.49,1,No,NC,0.02,No,Low
 397-5381, no, no,88,36.65,3,No,SD,0.02,No,Low
 406-4604, yes, no,82,35.5,3,No,UT,0.03,No,Low
 376-9513, no, no,111,43.5,3,No,KY,0.15,No,Low
 360-1852, no, no,60,42.96,2,No,MT,0.12,No,Low
 421-7270, no, no,113,22.46,3,No,NJ,0.04,No,Low
 371-9482, no, no,109,36.89,1,No,FL,0.03,No,Low
 337-4101, no, yes,105,17.32,0,No,IN,0.01,No,Low
 420-2796, no, no,85,35.96,2,No,DE,0.05,No,Low
 366-4225, no, no,131,26.08,0,No,AL,0.01,No,Low
 398-4567, no, no,59,28.27,2,No,ME,0.0,No,Low
 388-4571, no, no,148,31.48,1,No,SD,0.04,No,Low
 360-8666, no, no,210,17.78,2,No,VA,0.06,No,Low
 333-3704, no, no,115,41.68,0,No,AK,0.03,No,Low
 383-2566, no, no,106,46.65,1,No,ID,0.64,Yes,High
 406-5584, no, no,93,16.73,1,No,RI,0.01,No,Low
 344-4691, no, yes,57,47.58,1,No,KY,0.01,No,Low
 347-9737, no, no,98,31.82,1,No,ND,0.0,No,Low
 333-7961, no, no,157,46.95,3,No,HI,0.15,No,Low
 364-2439, no, yes,116,34.07,1,No,WI,0.01,No,Low
 411-8043, no, no,30,27.59,2,No,WV,0.02,No,Low
 332-5084, no, no,111,30.07,4,Yes,NJ,0.5,No,Medium
 413-4831, no, no,52,28.14,0,No,KS,0.0,No,Low
 343-4806, no, no,72,37.03,4,No,AL,0.11,No,Low
 401-8735, no, yes,135,34.24,2,Yes,NJ,0.73,Yes,High
 391-8626, no, no,86,32.39,3,No,NC,0.01,No,Low
 327-5817, no, yes,98,30.58,3,No,DE,0.0,No,Low
 381-4712, no, no,151,40.1,3,No,WY,0.03,No,Low
 335-3320, no, no,118,23.87,0,No,ID,0.04,No,Low
 415-8780, no, no,117,24.58,2,No,NY,0.03,No,Low
 362-1146, no, no,55,32.13,0,No,MO,0.04,No,Low
 352-7413, no, no,82,17.17,0,No,ID,0.03,No,Low
 387-6716, no, no,152,35.07,1,No,IA,0.11,No,Low
 352-1127, no, yes,108,28.07,1,No,TN,0.01,No,Low
 368-1288, no, no,98,28.05,1,Yes,OH,0.02,No,Low
 403-5279, no, no,130,26.5,3,No,IL,0.09,No,Low
 397-9333, yes, no,136,33.86,1,No,FL,0.01,No,Low
 411-7353, no, no,47,26.4,3,No,MA,0.0,No,Low
 383-2537, no, no,189,35.41,3,No,OK,0.03,No,Low
 330-4419, no, no,107,26.71,1,No,KY,0.01,No,Low
 390-7930, no, no,91,26.25,5,Yes,MI,0.85,Yes,Critical
 362-5111, no, no,159,32.15,1,Yes,NE,0.54,Yes,Medium
 358-6796, no, yes,11,22.36,2,No,VA,0.0,No,Low
 409-7494, no, no,167,28.29,1,No,NY,0.02,No,Low
 400-1636, no, no,111,24.19,2,No,MT,0.02,No,Low
 389-2747, no, yes,99,14.91,2,No,VT,0.02,No,Low
 415-2176, no, yes,159,31.3,0,No,KS,0.01,No,Low
 377-8067, yes, yes,114,29.67,2,No,VA,0.08,No,Low
 362-7835, no, no,71,17.56,2,No,AL,0.01,No,Low
 361-5225, no, no,122,5.97,1,No,PA,0.04,No,Low
 333-3447, no, yes,100,41.92,1,No,AL,0.01,No,Low
 341-3044, no, yes,83,13.35,1,No,WV,0.05,No,Low
 350-7306, no, no,64,25.18,5,Yes,NV,0.85,Yes,Critical
 353-8849, no, no,105,35.05,1,No,TN,0.03,No,Low
 402-3476, no, yes,144,42.77,2,No,ID,0.01,No,Low
 338-6018, yes, yes,106,45.95,1,Yes,WY,0.86,Yes,Critical
 409-3520, no, yes,19,26.62,1,No,TX,0.03,No,Low
 357-1085, no, no,46,23.7,1,No,MA,0.1,No,Low
 353-3285, no, no,127,37.43,2,No,IL,0.04,No,Low
 409-9885, no, yes,9,36.4,1,No,LA,0.01,No,Low
 388-7701, no, no,157,33.32,1,No,CO,0.0,No,Low
 385-8184, no, no,105,18.09,6,Yes,UT,0.85,Yes,Critical
 345-2863, no, yes,105,30.5,0,No,MI,0.02,No,Low
 353-6300, no, no,155,36.84,2,No,NH,0.01,No,Low
 389-5649, no, no,31,30.14,0,No,ID,0.02,No,Low
 378-8137, no, no,161,25.77,1,No,WA,0.05,No,Low
 340-4627, no, yes,95,44.57,0,No,MN,0.03,No,Low
 352-6833, no, no,122,29.51,3,No,NY,0.01,No,Low
 420-2000, yes, no,37,18.12,2,No,MD,0.1,No,Low
 368-5437, no, no,132,32.86,5,Yes,GA,0.72,Yes,High
 418-8170, no, yes,119,36.92,0,No,HI,0.0,No,Low
 403-9417, no, no,16,35.62,1,No,AL,0.01,No,Low
 330-6165, no, no,99,16.22,1,No,CT,0.02,No,Low
 412-4185, no, yes,76,36.48,1,No,CO,0.0,No,Low
 409-4734, no, no,167,22.37,4,Yes,KS,0.92,Yes,Critical
 348-9828, no, no,129,28.63,1,No,NJ,0.02,No,Low
 418-8850, no, no,116,24.89,1,No,FL,0.01,No,Low
 330-8351, yes, no,60,31.11,1,No,CA,0.12,No,Low
 347-7773, no, no,128,17.56,0,No,KS,0.0,No,Low
 392-6841, no, yes,47,19.07,0,No,TX,0.03,No,Low
 354-2189, yes, no,40,29.02,3,No,MN,0.17,No,Low
 349-9060, no, no,173,29.33,0,No,AK,0.04,No,Low
 334-1311, no, yes,157,33.03,1,No,OR,0.01,No,Low
 415-3120, no, yes,66,31.93,2,No,MS,0.0,No,Low
 387-5891, yes, yes,50,52.21,0,No,VT,0.17,No,Low
 368-8026, no, no,72,20.09,3,No,UT,0.01,No,Low
 332-9446, no, no,130,26.18,1,No,KS,0.02,No,Low
 393-5284, no, no,143,26.44,1,No,NV,0.0,No,Low
 376-1677, yes, no,89,21.35,1,No,DE,0.08,No,Low
 392-2268, no, no,108,33.88,0,No,IN,0.04,No,Low
 396-4311, no, no,32,26.84,1,No,TX,0.03,No,Low
 363-4005, no, no,166,34.58,2,No,MA,0.01,No,Low
 344-9966, no, no,109,37.77,1,No,VT,0.01,No,Low
 337-7377, no, yes,72,15.78,1,No,CA,0.14,No,Low
 373-7037, no, yes,134,36.86,0,No,IA,0.01,No,Low
 356-7580, no, no,13,32.84,4,No,NH,0.07,No,Low
 390-3401, no, no,90,19.24,3,No,GA,0.07,No,Low
 350-9313, no, yes,111,28.25,3,No,WI,0.01,No,Low
 420-9009, no, yes,101,44.57,1,No,CO,0.02,No,Low
 415-2641, no, no,72,35.33,0,No,SC,0.01,No,Low
 392-4929, no, yes,67,41.72,1,No,MI,0.07,No,Low
 346-5068, no, no,172,48.81,3,Yes,MD,0.79,Yes,Critical
 389-2631, no, yes,154,32.69,2,No,IN,0.01,No,Low
 368-3808, no, no,69,33.01,2,No,ME,0.0,No,Low
 406-8599, no, no,123,35.87,3,No,DC,0.01,No,Low
 386-7456, no, yes,130,24.12,0,No,TN,0.02,No,Low
 357-4936, no, yes,142,37.49,2,No,FL,0.01,No,Low
 397-7411, no, no,29,26.76,1,No,WA,0.03,No,Low
 353-6218, no, yes,87,24.4,0,No,HI,0.0,No,Low
 369-5942, no, no,149,26.52,0,No,NE,0.01,No,Low
 416-8543, yes, no,146,27.22,2,No,TN,0.12,No,Low
 358-4576, yes, no,88,39.97,4,Yes,MD,0.67,Yes,High
 352-5118, yes, yes,119,27.2,5,Yes,NM,0.78,Yes,Critical
 408-2621, no, no,48,32.03,1,No,VT,0.03,No,Low
 353-3994, no, no,135,33.12,1,No,OR,0.01,No,Low
 367-4277, no, no,100,42.13,1,No,IN,0.01,No,Low
 354-3237, no, no,98,37.6,4,No,MO,0.07,No,Low
 394-8504, no, yes,75,20.15,2,No,FL,0.02,No,Low
 370-4139, no, yes,180,39.41,1,No,DC,0.02,No,Low
 382-6135, no, yes,100,36.7,1,No,VT,0.01,No,Low
 359-5718, no, yes,119,36.91,2,No,OH,0.02,No,Low
 385-3111, no, no,86,14.2,0,No,MO,0.03,No,Low
 353-4880, no, yes,155,31.16,1,No,LA,0.01,No,Low
 343-7019, yes, no,78,40.26,1,Yes,IL,0.88,Yes,Critical
 419-6133, no, no,153,32.95,1,No,NJ,0.0,No,Low
 350-7344, no, yes,92,22.78,0,No,IA,0.0,No,Low
 397-6064, no, yes,13,30.02,2,No,WA,0.04,No,Low
 363-6896, no, no,154,32.54,3,No,NE,0.03,No,Low
 416-9021, yes, yes,144,29.72,0,No,CT,0.1,No,Low
 408-3269, no, no,48,46.78,1,No,WV,0.48,No,Medium
 408-9463, no, no,94,29.58,1,No,ND,0.0,No,Low
 340-7062, no, no,139,28.05,1,No,UT,0.05,No,Low
 417-4309, no, no,126,38.88,1,No,MS,0.01,No,Low
 421-2659, no, no,122,18.34,2,No,MN,0.01,No,Low
 383-2017, no, no,139,37.62,1,No,NH,0.03,No,Low
 411-6294, no, no,95,23.99,3,No,LA,0.01,No,Low
 332-9525, no, yes,80,28.29,4,No,ME,0.04,No,Low
 401-5012, no, yes,131,42.43,3,No,KS,0.05,No,Low
 368-8835, no, no,36,30.36,1,No,KS,0.0,No,Low
 351-1382, no, no,180,23.63,2,No,NV,0.04,No,Low
 359-7694, no, no,25,22.83,2,No,MT,0.01,No,Low
 419-5505, no, no,113,36.7,3,No,MT,0.04,No,Low
 341-4570, no, yes,88,30.87,1,No,ID,0.0,No,Low
 366-6991, no, no,120,30.33,1,No,AK,0.0,No,Low
 377-7399, no, no,74,18.09,1,No,UT,0.01,No,Low
 377-9092, no, no,109,29.02,2,No,AR,0.0,No,Low
 373-6681, no, yes,162,31.37,0,No,LA,0.09,No,Low
 417-7736, no, yes,124,27.4,1,No,KS,0.0,No,Low
 393-2812, no, no,177,14.43,2,No,OR,0.03,No,Low
 398-3176, no, no,91,37.04,1,No,WI,0.03,No,Low
 334-8694, no, no,105,46.05,0,Yes,CO,0.85,Yes,Critical
 369-5449, no, no,24,41.31,0,Yes,KS,0.66,Yes,High
 380-5246, no, no,48,21.79,0,No,IL,0.07,No,Low
 390-3873, no, no,86,21.47,2,No,IA,0.04,No,Low
 354-4568, no, no,163,30.38,4,No,AZ,0.27,No,Low
 339-6968, no, no,91,27.03,0,No,NE,0.0,No,Low
 379-5933, no, no,56,25.65,3,No,ID,0.01,No,Low
 365-5682, yes, yes,147,37.38,3,No,OH,0.01,No,Low
 382-8518, no, no,64,28.56,2,No,TX,0.01,No,Low
 356-8449, no, yes,108,27.56,4,Yes,TN,0.76,Yes,Critical
 333-3460, no, no,159,33.8,5,No,OK,0.01,No,Low
 375-8596, yes, no,136,43.66,3,No,ND,0.15,No,Low
 384-5907, no, yes,116,31.08,1,No,MT,0.01,No,Low
 373-2903, no, yes,45,33.46,1,No,NC,0.0,No,Low
 361-7702, no, no,122,23.82,2,No,MN,0.03,No,Low
 388-5850, no, no,138,33.03,5,No,MN,0.06,No,Low
 405-6298, no, no,132,19.99,1,No,MA,0.0,No,Low
 368-2074, yes, no,101,32.93,0,No,PA,0.01,No,Low
 328-5050, no, no,58,41.33,2,No,GA,0.09,No,Low
 395-5783, no, no,81,24.72,1,No,NV,0.03,No,Low
 420-7301, no, no,87,28.75,3,No,TX,0.01,No,Low
 328-2478, no, no,116,38.98,2,No,ME,0.0,No,Low
 381-2460, yes, no,85,33.52,4,No,RI,0.1,No,Low
 390-9811, no, yes,62,31.69,2,Yes,MN,0.03,No,Low
 373-5670, no, no,90,12.94,0,No,NH,0.01,No,Low
 351-7016, no, no,98,27.68,2,No,TN,0.0,No,Low
 394-9934, no, no,73,30.99,1,No,UT,0.04,No,Low
 422-8268, yes, no,107,33.05,2,No,RI,0.03,No,Low
 373-7690, no, yes,55,32.18,2,No,NH,0.0,No,Low
 366-9781, no, yes,76,27.22,3,No,AK,0.02,No,Low
 404-5427, no, no,30,24.65,3,No,NC,0.01,No,Low
 389-9783, no, no,157,37.52,4,No,AZ,0.07,No,Low
 351-7005, no, yes,40,38.2,1,Yes,MA,0.68,Yes,High
 348-2009, no, no,72,24.99,1,No,TN,0.0,No,Low
 340-4236, no, yes,95,44.34,1,No,WY,0.01,No,Low
 348-1528, no, no,42,26.42,0,No,IA,0.01,No,Low
 365-5039, no, no,86,28.25,1,No,IN,0.01,No,Low
 411-1810, no, no,131,36.01,0,No,NJ,0.03,No,Low
 364-7644, no, yes,55,22.19,4,Yes,FL,0.8,Yes,Critical
 335-9066, no, no,74,27.66,0,No,MT,0.02,No,Low
 362-7581, yes, yes,81,40.31,1,No,ND,0.17,No,Low
 346-1095, no, no,81,28.25,4,No,MI,0.1,No,Low
 357-9136, no, no,28,20.69,6,Yes,MT,0.89,Yes,Critical
 390-7863, no, no,111,29.99,0,No,AL,0.01,No,Low
 344-2416, no, yes,3,11.46,2,No,NV,0.04,No,Low
 373-1448, no, no,51,39.05,1,Yes,MI,0.72,Yes,High
 360-7076, no, yes,68,29.92,1,No,FL,0.05,No,Low
 413-2241, no, no,163,42.11,0,Yes,NY,0.78,Yes,Critical
 343-3961, no, no,87,19.62,2,No,KS,0.06,No,Low
 375-4107, no, no,58,19.07,0,Yes,NC,0.66,Yes,High
 414-7410, no, no,109,27.64,0,No,MN,0.02,No,Low
 351-2535, no, no,111,39.0,4,No,RI,0.14,No,Low
 416-9615, no, no,144,23.73,2,No,UT,0.03,No,Low
 377-1293, no, no,135,44.85,5,Yes,OR,0.49,No,Medium
 388-6479, no, yes,109,36.98,4,No,SC,0.06,No,Low
 390-2755, no, yes,107,19.43,1,No,IL,0.0,No,Low
 340-5930, no, no,149,33.37,2,No,OH,0.02,No,Low
 401-3622, no, no,56,43.04,1,No,MA,0.05,No,Low
 382-1104, no, no,129,16.66,0,No,OR,0.02,No,Low
 355-9324, no, no,92,42.4,0,No,CA,0.26,No,Low
 393-4843, no, yes,67,22.03,1,No,WV,0.02,No,Low
 401-4052, no, no,120,37.62,0,No,VT,0.03,No,Low
 385-1830, no, no,166,37.52,1,No,ID,0.02,No,Low
 348-7409, no, no,66,14.89,1,No,OR,0.02,No,Low
 361-4910, no, no,76,34.61,0,No,GA,0.0,No,Low
 415-6578, no, no,79,36.31,2,No,ME,0.03,No,Low
 395-5015, no, yes,98,30.87,2,No,HI,0.01,No,Low
 369-6012, no, yes,141,36.62,1,No,AZ,0.0,No,Low
 394-4520, no, no,49,45.27,2,Yes,UT,0.94,Yes,Critical
 380-5873, no, no,46,33.86,3,No,IA,0.0,No,Low
 372-5384, no, no,137,19.55,3,No,CT,0.08,No,Low
 419-1863, no, no,171,45.99,1,Yes,WA,0.85,Yes,Critical
 352-5697, no, no,10,37.77,1,No,VA,0.05,No,Low
 373-4274, no, no,88,10.52,3,No,CO,0.06,No,Low
 382-4024, no, no,89,23.99,2,No,LA,0.03,No,Low
 395-9215, no, no,82,32.16,3,Yes,TX,0.06,No,Low
 331-9149, no, no,139,33.32,3,No,SD,0.03,No,Low
 347-3958, no, no,87,29.17,0,No,VA,0.0,No,Low
 389-2540, yes, no,137,29.58,2,No,NY,0.21,No,Low
 399-3083, no, no,45,13.36,1,Yes,WA,0.65,Yes,High
 420-8308, no, no,90,34.15,1,No,WI,0.0,No,Low
 384-7724, no, no,103,24.02,1,No,TN,0.04,No,Low
 389-2114, no, no,100,40.09,2,No,CT,0.13,No,Low
 335-4414, no, no,110,31.47,3,No,WA,0.02,No,Low
 370-5361, no, no,124,43.23,2,No,NH,0.07,No,Low
 374-5965, no, no,10,31.11,2,No,MT,0.02,No,Low
 420-6414, no, yes,89,27.8,2,No,NE,0.02,No,Low
 392-2708, no, no,121,35.34,2,No,WA,0.01,No,Low
 352-7234, no, no,101,42.26,3,No,WI,0.04,No,Low
 337-9878, no, yes,103,31.52,2,No,AR,0.01,No,Low
 350-7288, no, no,51,33.63,1,No,WI,0.03,No,Low
 415-8448, yes, no,2,22.46,2,Yes,DE,0.65,Yes,High
 392-6331, no, no,111,33.51,0,No,NH,0.0,No,Low
 392-3315, no, no,118,26.28,2,No,VA,0.0,No,Low
 382-5401, no, yes,17,26.03,6,Yes,TN,0.77,Yes,Critical
 389-7012, no, no,130,35.9,2,No,VA,0.01,No,Low
 411-4714, no, no,193,16.46,2,Yes,ID,0.63,Yes,High
 343-3846, no, no,114,29.24,1,No,TN,0.03,No,Low
 370-4395, no, no,137,23.99,2,No,AZ,0.02,No,Low
 422-4394, no, yes,185,25.69,2,No,MT,0.02,No,Low
 405-1780, no, no,101,35.63,3,No,OK,0.01,No,Low
 393-2220, no, yes,95,41.99,3,No,ID,0.0,No,Low
 355-8299, no, yes,7,37.64,1,No,NV,0.0,No,Low
 379-8681, no, no,126,54.62,1,Yes,KS,0.89,Yes,Critical
 409-7034, no, no,71,41.43,0,No,WY,0.19,No,Low
 358-1922, no, no,124,42.76,3,No,MS,0.31,No,Medium
 346-1629, yes, no,97,40.27,0,Yes,WY,0.7,Yes,High
 347-1870, no, no,28,27.15,2,No,TX,0.03,No,Low
 374-9576, yes, no,90,25.19,4,Yes,WA,0.9,Yes,Critical
 380-1096, no, no,190,25.65,1,No,HI,0.04,No,Low
 396-5790, no, yes,31,35.79,1,No,IL,0.0,No,Low
 356-5244, no, yes,52,29.05,2,No,AK,0.01,No,Low
 341-1412, no, no,73,43.3,0,No,MD,0.09,No,Low
 387-7371, no, no,111,48.35,0,Yes,MA,0.74,Yes,High
 392-2555, no, no,98,0.0,4,Yes,SD,0.88,Yes,Critical
 403-9167, yes, no,106,22.73,1,Yes,PA,0.92,Yes,Critical
 338-6550, no, no,111,38.23,0,No,NC,0.01,No,Low
 357-5801, no, no,59,25.81,1,No,VT,0.0,No,Low
 403-1953, no, yes,71,24.04,2,No,KY,0.0,No,Low
 357-6039, no, no,55,48.57,0,Yes,WA,0.96,Yes,Critical
 388-9653, no, no,13,9.93,1,No,LA,0.0,No,Low
 359-2915, no, yes,136,15.37,0,No,WA,0.02,No,Low
 381-4562, no, no,123,19.45,0,No,ME,0.01,No,Low
 406-2213, no, no,105,25.11,2,No,WI,0.0,No,Low
 330-6436, no, yes,50,51.46,3,No,TX,0.08,No,Low
 332-4289, no, no,118,23.14,1,No,IA,0.0,No,Low
 386-3596, no, no,97,28.85,3,No,AZ,0.0,No,Low
 337-3740, no, no,51,38.62,0,No,ND,0.04,No,Low
 414-1496, no, no,73,37.03,1,Yes,VT,0.04,No,Low
 349-7291, no, no,35,21.11,2,No,HI,0.0,No,Low
 385-1985, no, no,64,35.05,1,No,WY,0.0,No,Low
 329-7102, no, no,63,22.59,3,No,WV,0.01,No,Low
 394-2553, no, yes,117,17.83,3,No,OK,0.01,No,Low
 339-1330, no, no,115,41.65,1,Yes,CT,0.82,Yes,Critical
 398-1959, no, no,162,31.37,1,No,UT,0.0,No,Low
 408-7015, no, no,89,15.22,3,No,NY,0.04,No,Low
 384-9254, yes, no,94,40.05,1,No,VA,0.03,No,Low
 355-9475, no, no,129,31.62,4,No,VT,0.14,No,Low
 334-1337, no, no,86,38.06,1,No,SD,0.01,No,Low
 359-1441, no, no,96,30.52,1,No,PA,0.04,No,Low
 391-5442, no, no,190,28.8,1,No,ND,0.03,No,Low
 374-1551, no, no,80,20.08,1,No,CT,0.02,No,Low
 399-6233, no, no,108,19.04,4,Yes,SC,0.95,Yes,Critical
 337-4749, no, yes,97,28.63,0,No,MI,0.01,No,Low
 403-5552, no, yes,84,36.43,0,No,VT,0.01,No,Low
 405-3097, no, no,65,41.77,4,Yes,OH,0.77,Yes,Critical
 364-9240, no, yes,131,26.62,1,No,VT,0.07,No,Low
 404-9348, yes, yes,58,24.28,1,No,IL,0.07,No,Low
 336-1462, no, no,36,34.41,3,No,MO,0.0,No,Low
 364-8981, no, no,54,19.86,1,No,WI,0.0,No,Low
 412-7606, no, no,45,26.47,1,No,NJ,0.01,No,Low
 380-6342, no, yes,125,40.14,2,No,GA,0.03,No,Low
 418-3017, no, yes,72,23.48,2,No,VT,0.01,No,Low
 367-3648, no, no,141,8.82,3,No,CT,0.04,No,Low
 341-5892, no, no,113,13.82,0,No,AZ,0.04,No,Low
 334-4678, no, yes,20,29.16,0,No,SD,0.03,No,Low
 366-6751, no, no,212,21.42,1,No,CT,0.02,No,Low
 397-8512, yes, no,99,33.52,4,No,IN,0.29,No,Low
 367-9495, no, no,94,33.0,1,No,OH,0.01,No,Low
 379-2991, no, no,40,19.67,1,No,NY,0.01,No,Low
 356-4832, no, yes,86,26.72,3,No,NE,0.01,No,Low
 413-4040, no, no,101,45.85,3,Yes,OK,0.9,Yes,Critical
 366-4444, no, no,170,41.89,0,No,NC,0.06,No,Low
 394-3806, no, no,105,38.66,1,No,HI,0.39,No,Medium
 368-5647, no, no,103,32.27,0,No,UT,0.03,No,Low
 412-1076, yes, yes,140,32.11,4,No,MD,0.14,No,Low
 413-7655, no, no,101,0.0,1,No,VT,0.14,No,Low
 371-2316, no, yes,98,18.79,1,No,TX,0.02,No,Low
 420-3346, no, no,104,28.49,4,No,AZ,0.21,No,Low
 367-3971, no, no,115,22.44,3,No,VA,0.01,No,Low
 417-5813, no, no,112,28.53,0,No,WI,0.01,No,Low
 421-8535, no, no,70,36.28,1,No,NE,0.01,No,Low
 375-1721, no, no,126,29.82,0,No,KY,0.0,No,Low
 331-8484, no, yes,87,14.04,3,No,NV,0.03,No,Low
 366-5829, no, no,125,24.34,4,Yes,MT,0.87,Yes,Critical
 367-7906, no, no,86,21.34,1,No,MO,0.0,No,Low
 412-2520, no, yes,73,13.99,6,Yes,MS,0.88,Yes,Critical
 386-9177, no, no,232,28.15,1,No,NM,0.02,No,Low
 420-6780, no, yes,1,31.13,0,No,NJ,0.07,No,Low
 401-1454, no, no,133,27.56,1,No,NH,0.01,No,Low
 379-2508, no, no,103,28.32,1,No,NC,0.0,No,Low
 353-3492, no, yes,131,23.1,1,No,MT,0.0,No,Low
 406-4840, no, yes,95,28.17,0,No,SD,0.0,No,Low
 391-7982, no, no,182,29.94,1,No,VA,0.01,No,Low
 379-9821, no, no,99,24.19,0,No,LA,0.04,No,Low
 398-7414, no, no,27,30.19,3,No,NV,0.02,No,Low
 338-8566, no, no,141,14.14,1,No,AK,0.0,No,Low
 397-3058, yes, yes,29,39.95,2,No,OH,0.12,No,Low
 389-8096, no, no,65,17.97,2,No,NM,0.0,No,Low
 393-6840, yes, no,81,25.4,3,Yes,MI,0.93,Yes,Critical
 360-7404, no, yes,37,45.0,0,No,MN,0.03,No,Low
 411-5740, no, yes,107,27.25,1,No,WY,0.0,No,Low
 412-3726, yes, yes,127,16.3,1,No,WY,0.24,No,Low
 372-7326, no, no,78,23.92,0,No,WA,0.05,No,Low
 338-9873, no, no,55,20.35,2,No,NM,0.03,No,Low
 383-4322, no, yes,86,16.98,2,No,VA,0.03,No,Low
 401-7654, no, no,176,42.65,2,No,RI,0.03,No,Low
 410-5455, yes, no,96,34.1,2,No,AL,0.1,No,Low
 419-4310, no, yes,11,35.67,1,No,WV,0.0,No,Low
 367-2056, no, yes,48,33.66,1,No,WV,0.02,No,Low
 363-6695, no, no,127,40.77,1,No,NJ,0.02,No,Low
 374-6217, no, no,63,27.97,0,No,TN,0.0,No,Low
 337-9569, no, no,79,37.55,1,No,MI,0.07,No,Low
 350-9720, no, yes,47,19.18,2,No,UT,0.03,No,Low
 380-4080, yes, yes,89,19.14,0,Yes,IL,0.83,Yes,Critical
 333-7460, no, yes,83,38.49,1,No,MI,0.03,No,Low
 378-3722, yes, yes,126,41.63,4,No,WI,0.06,No,Low
 353-9339, no, no,60,34.54,2,No,ND,0.0,No,Low
 386-6535, no, no,122,23.24,0,No,VT,0.0,No,Low
 403-5575, no, no,136,25.94,1,No,WA,0.1,No,Low
 331-5962, no, yes,172,46.73,1,No,NC,0.01,No,Low
 390-9627, no, no,102,33.27,1,Yes,ME,0.02,No,Low
 406-4560, yes, no,113,34.73,1,No,SD,0.05,No,Low
 359-6931, no, no,79,37.79,3,No,WV,0.03,No,Low
 331-7342, no, yes,55,37.83,1,No,ID,0.03,No,Low
 367-2227, no, yes,111,21.9,2,No,LA,0.02,No,Low
 335-8836, no, no,160,29.63,0,No,GA,0.04,No,Low
 398-6703, no, no,110,41.23,4,No,FL,0.02,No,Low
 370-8379, no, no,192,37.67,4,No,CO,0.1,No,Low
 335-3880, no, no,93,19.43,0,No,NV,0.0,No,Low
 375-8761, no, yes,101,37.35,2,No,IN,0.0,No,Low
 367-1398, no, no,77,24.63,2,No,VA,0.03,No,Low
 395-7857, no, yes,105,40.21,2,No,UT,0.05,No,Low
 398-8745, no, yes,133,29.58,2,Yes,UT,0.61,Yes,High
 386-3717, no, no,131,18.62,1,No,MO,0.09,No,Low
 330-1175, no, yes,106,13.87,1,No,CT,0.02,No,Low
 418-6752, no, no,118,22.68,1,No,HI,0.02,No,Low
 349-6464, no, no,125,23.31,1,No,MD,0.01,No,Low
 366-7331, no, no,95,33.49,0,No,VA,0.0,No,Low
 361-8288, no, no,80,33.68,3,No,MT,0.01,No,Low
 377-6635, no, no,145,6.72,0,No,SC,0.04,No,Low
 408-1513, no, no,37,33.92,2,No,CO,0.01,No,Low
 370-7546, no, no,87,26.66,1,No,ID,0.0,No,Low
 389-4278, no, no,69,31.18,3,No,AL,0.01,No,Low
 379-3012, no, no,83,22.51,1,No,CO,0.01,No,Low
 355-3620, no, no,195,10.74,0,No,UT,0.03,No,Low
 413-7743, yes, yes,67,30.79,0,Yes,DE,0.82,Yes,Critical
 372-2296, no, yes,75,19.98,3,No,OH,0.01,No,Low
 333-9728, no, yes,123,37.18,0,No,RI,0.05,No,Low
 415-6110, no, yes,41,35.24,1,No,FL,0.07,No,Low
 340-9803, no, no,75,25.6,0,No,OH,0.0,No,Low
 400-7002, yes, no,76,46.46,1,Yes,MD,0.73,Yes,High
 395-7435, yes, no,86,45.24,1,No,IL,0.17,No,Low
 336-7143, no, no,140,19.18,0,No,PA,0.02,No,Low
 352-2175, no, no,70,17.8,3,No,AZ,0.02,No,Low
 346-6352, no, yes,121,32.95,0,No,NH,0.01,No,Low
 405-7467, no, no,112,28.66,1,No,RI,0.01,No,Low
 379-8526, no, no,118,43.04,2,No,HI,0.07,No,Low
 410-5713, no, yes,66,29.7,1,No,NJ,0.07,No,Low
 408-5916, no, no,78,14.79,0,No,WI,0.0,No,Low
 370-5626, no, yes,129,34.77,2,No,MD,0.01,No,Low
 408-1331, no, no,6,38.51,3,No,OR,0.03,No,Low
 419-9688, yes, no,107,39.8,1,No,NV,0.08,No,Low
 343-5219, yes, no,107,22.66,3,Yes,AR,0.93,Yes,Critical
 401-5586, no, no,138,22.76,1,No,MT,0.12,No,Low
 377-9178, no, no,103,27.23,0,No,CT,0.04,No,Low
 345-5639, no, yes,116,39.2,0,No,UT,0.02,No,Low
 336-3488, no, no,189,38.66,2,No,GA,0.0,No,Low
 414-6426, no, no,161,12.38,2,No,NV,0.05,No,Low
 335-5591, no, no,1,33.34,1,No,TN,0.04,No,Low
 421-9144, no, no,89,33.51,1,No,DE,0.0,No,Low
 422-7728, no, no,64,37.33,1,No,NY,0.08,No,Low
 344-3466, no, yes,126,26.08,4,Yes,MT,0.83,Yes,Critical
 398-7978, no, no,129,36.72,2,No,IA,0.0,No,Low
 346-8368, no, yes,128,37.89,0,No,VT,0.01,No,Low
 392-2722, no, yes,81,19.7,3,No,LA,0.04,No,Low
 393-3274, no, no,114,32.27,1,No,MT,0.01,No,Low
 339-4636, no, no,50,26.3,0,No,NH,0.01,No,Low
 349-7138, no, no,86,23.19,3,No,WV,0.0,No,Low
 363-3295, no, no,96,28.99,1,No,ID,0.0,No,Low
 407-9830, no, no,72,46.31,0,No,AZ,0.08,No,Low
 333-8822, no, yes,64,35.7,8,No,SC,0.21,No,Low
 419-6418, yes, yes,57,40.21,2,No,WV,0.02,No,Low
 351-8955, no, no,65,26.16,2,No,OH,0.03,No,Low
 338-1840, no, no,163,37.91,1,No,MD,0.04,No,Low
 336-6997, no, no,136,42.91,2,No,MD,0.05,No,Low
 408-6266, no, no,116,33.64,1,No,MN,0.02,No,Low
 332-4291, no, no,93,25.91,3,No,NE,0.02,No,Low
 355-7895, no, yes,142,40.36,3,No,MN,0.02,No,Low
 348-2916, no, no,92,45.15,1,No,NY,0.2,No,Low
 339-8132, no, no,70,33.54,1,No,HI,0.0,No,Low
 374-1684, no, yes,22,33.85,1,No,MO,0.05,No,Low
 362-7604, no, no,37,39.73,2,No,NV,0.0,No,Low
 389-3206, no, no,51,31.13,1,No,MA,0.06,No,Low
 336-2829, no, no,174,23.7,2,No,NH,0.01,No,Low
 403-8916, no, no,68,36.36,1,Yes,UT,0.61,Yes,High
 384-1135, no, no,130,35.21,1,No,FL,0.0,No,Low
 390-2320, no, no,104,23.75,2,No,WA,0.04,No,Low
 398-8578, no, no,134,30.12,2,No,CT,0.02,No,Low
 393-9424, no, yes,108,28.87,2,No,KY,0.03,No,Low
 417-6330, no, no,103,29.5,3,No,NM,0.02,No,Low
 340-6339, no, no,62,27.18,1,No,ND,0.02,No,Low
 380-6571, no, no,162,19.57,2,No,NV,0.0,No,Low
 368-6488, no, yes,93,23.26,2,No,CA,0.06,No,Low
 363-2193, no, no,42,15.67,1,No,ID,0.01,No,Low
 328-1206, no, yes,155,41.46,2,No,OK,0.06,No,Low
 385-3540, no, no,36,19.91,0,No,IA,0.0,No,Low
 337-7167, no, no,143,37.96,0,Yes,OH,0.72,Yes,High
 372-8405, no, no,197,26.32,3,No,NJ,0.01,No,Low
 377-1273, no, no,81,44.44,1,Yes,IA,0.89,Yes,Critical
 380-7816, yes, no,138,7.91,4,Yes,DE,0.91,Yes,Critical
 402-6744, no, yes,103,25.48,0,Yes,CA,0.53,Yes,Medium
 400-2181, yes, no,127,41.17,2,Yes,WY,0.95,Yes,Critical
 366-1613, no, no,136,44.1,1,Yes,OR,0.79,Yes,Critical
 347-8205, no, no,99,37.81,2,No,ME,0.01,No,Low
 328-2982, no, no,95,11.8,0,No,AR,0.0,No,Low
 384-8723, yes, yes,118,26.61,4,Yes,ME,0.83,Yes,Critical
 341-7686, no, no,113,10.4,5,Yes,WV,0.91,Yes,Critical
 353-6038, yes, no,128,41.68,0,No,PA,0.01,No,Low
 416-8827, no, no,117,17.39,3,No,HI,0.01,No,Low
 418-8450, no, yes,48,39.25,3,No,MT,0.04,No,Low
 385-7861, yes, no,81,38.66,0,No,DC,0.07,No,Low
 393-3507, no, no,57,32.78,1,No,AR,0.0,No,Low
 372-5262, no, no,140,27.64,1,No,MS,0.0,No,Low
 411-3095, no, yes,107,37.3,2,No,OH,0.02,No,Low
 331-5919, no, no,56,23.32,1,No,MO,0.01,No,Low
 402-1556, no, no,159,14.91,1,No,TX,0.07,No,Low
 349-7362, no, no,102,46.09,1,No,MD,0.17,No,Low
 339-2734, no, no,107,17.58,1,No,CT,0.0,No,Low
 330-4914, no, no,106,8.87,2,No,SC,0.0,No,Low
 371-2500, no, no,225,28.12,0,Yes,MI,0.67,Yes,High
 335-3681, no, no,75,25.08,2,No,SD,0.01,No,Low
 405-1132, no, no,86,37.03,0,No,CO,0.0,No,Low
 399-9239, no, no,169,40.07,1,No,ID,0.02,No,Low
 350-7227, no, yes,122,34.77,2,No,AZ,0.0,No,Low
 384-6654, no, no,106,30.33,0,No,FL,0.02,No,Low
 376-4271, no, yes,52,22.12,2,No,MN,0.02,No,Low
 391-8124, no, yes,79,17.63,2,No,DE,0.0,No,Low
 393-2524, no, no,135,40.78,2,No,MI,0.05,No,Low
 384-4385, no, no,70,25.23,0,No,MS,0.0,No,Low
 377-8266, no, no,80,25.26,2,No,MA,0.01,No,Low
 345-1243, no, no,37,32.49,0,No,CA,0.02,No,Low
 394-8086, no, yes,161,37.15,1,No,MN,0.07,No,Low
 348-9145, no, no,137,16.58,1,No,VT,0.04,No,Low
 376-5201, no, no,123,21.88,0,No,CT,0.04,No,Low
 356-2093, no, yes,80,40.22,2,No,WV,0.0,No,Low
 353-2080, no, no,94,14.6,0,No,WV,0.03,No,Low
 397-7500, no, yes,105,24.0,1,No,NE,0.0,No,Low
 414-5786, no, yes,73,33.05,0,No,NC,0.01,No,Low
 388-4282, no, no,112,28.49,2,No,NE,0.08,No,Low
 415-5132, no, no,179,39.87,1,No,IL,0.02,No,Low
 352-4541, no, no,57,26.21,1,No,MA,0.0,No,Low
 373-5928, no, yes,127,24.34,1,No,AZ,0.0,No,Low
 406-7737, yes, yes,122,36.79,1,No,SD,0.1,No,Low
 332-7607, no, yes,33,27.52,1,No,MT,0.01,No,Low
 359-7788, no, no,94,20.18,3,No,VT,0.0,No,Low
 384-1549, no, no,100,30.45,1,No,UT,0.03,No,Low
 352-8508, no, no,106,25.14,2,No,HI,0.0,No,Low
 404-1002, no, yes,148,35.56,2,No,DC,0.02,No,Low
 414-2905, no, yes,120,41.53,0,No,WI,0.08,No,Low
 380-9849, no, yes,91,29.8,1,No,UT,0.01,No,Low
 387-6498, no, no,86,25.59,1,No,WA,0.01,No,Low
 360-6024, no, yes,78,33.56,0,No,SD,0.05,No,Low
 352-5815, no, no,94,27.8,1,No,MT,0.1,No,Low
 366-2273, no, no,85,40.27,2,Yes,NJ,0.66,Yes,High
 414-9119, no, no,89,13.99,1,No,CT,0.01,No,Low
 409-8796, no, no,128,36.72,1,No,VA,0.01,No,Low
 337-2442, yes, no,115,30.6,1,No,NC,0.03,No,Low
 404-1931, no, no,76,24.43,1,No,AK,0.03,No,Low
 367-9765, no, yes,75,33.69,1,No,MD,0.02,No,Low
 378-7299, no, yes,90,31.55,2,No,IL,0.03,No,Low
 410-5192, no, no,30,23.39,3,No,CT,0.03,No,Low
 405-1108, yes, no,105,46.56,1,Yes,KS,0.91,Yes,Critical
 392-1734, no, yes,102,21.3,3,No,MA,0.0,No,Low
 395-6030, no, no,83,30.4,3,No,NJ,0.02,No,Low
 330-5168, no, yes,63,36.53,0,No,AR,0.02,No,Low
 334-3142, no, no,155,27.71,2,No,MS,0.0,No,Low
 362-9983, no, yes,82,27.85,2,No,ND,0.05,No,Low
 414-2606, no, no,87,32.22,1,No,IN,0.01,No,Low
 402-4501, no, yes,115,26.38,0,No,MI,0.0,No,Low
 387-2604, yes, no,99,41.19,0,Yes,AR,0.48,No,Medium
 400-3343, yes, yes,121,43.2,3,No,VT,0.05,No,Low
 353-2450, no, yes,54,19.04,2,No,WV,0.0,No,Low
 406-2032, no, no,105,19.64,3,No,ME,0.06,No,Low
 409-4462, no, no,73,23.31,1,No,IA,0.01,No,Low
 392-5941, no, no,95,33.73,0,No,CT,0.03,No,Low
 334-9182, no, yes,21,22.56,3,No,NM,0.03,No,Low
 346-3445, no, yes,163,37.33,2,No,OR,0.06,No,Low
 368-9507, no, no,57,28.83,0,No,VT,0.01,No,Low
 382-3966, yes, no,104,27.27,4,No,RI,0.07,No,Low
 334-5844, no, yes,83,16.15,0,No,RI,0.0,No,Low
 362-9411, no, no,141,27.22,2,No,NM,0.02,No,Low
 390-3565, no, no,95,33.08,3,No,AL,0.02,No,Low
 417-4810, no, no,184,40.19,1,Yes,MT,0.85,Yes,Critical
 384-3389, no, no,74,26.71,2,No,CT,0.02,No,Low
 414-9717, no, no,67,30.57,0,No,TN,0.01,No,Low
 357-1700, yes, no,104,25.19,0,No,ID,0.09,No,Low
 376-7207, no, yes,71,31.14,1,No,TX,0.0,No,Low
 368-7706, no, no,149,20.26,4,Yes,NH,0.94,Yes,Critical
 346-4216, no, yes,154,38.08,0,No,ND,0.02,No,Low
 370-9533, no, yes,138,3.32,0,No,SC,0.09,No,Low
 372-1493, no, no,117,31.42,1,No,KS,0.01,No,Low
 387-6031, no, no,130,29.97,1,No,ME,0.0,No,Low
 366-6248, no, no,73,41.09,2,No,RI,0.03,No,Low
 369-3756, no, yes,100,38.2,0,No,WI,0.05,No,Low
 363-1719, no, no,149,35.24,1,No,NC,0.0,No,Low
 402-6666, no, no,29,33.46,2,No,OH,0.0,No,Low
 408-9779, no, no,131,18.85,1,No,WY,0.03,No,Low
 407-2441, no, no,153,20.83,2,No,NJ,0.02,No,Low
 384-5027, no, no,84,38.57,2,No,ND,0.06,No,Low
 380-3161, no, no,133,31.79,2,No,WI,0.01,No,Low
 360-8135, no, no,112,28.99,0,No,KY,0.0,No,Low
 399-5426, no, no,87,34.82,0,No,NY,0.0,No,Low
 385-2564, no, no,72,28.2,2,No,MO,0.0,No,Low
 337-8618, no, no,66,26.18,4,Yes,AZ,0.88,Yes,Critical
 354-8491, no, yes,65,26.88,1,No,MN,0.01,No,Low
 394-6278, no, no,74,38.28,2,No,CO,0.02,No,Low
 405-2276, no, no,116,27.1,6,Yes,MD,0.94,Yes,Critical
 376-1000, no, no,68,29.36,2,No,AR,0.01,No,Low
 397-1659, no, no,68,37.88,3,No,TN,0.02,No,Low
 379-3953, yes, no,54,36.4,1,No,DE,0.07,No,Low
 418-6512, no, no,99,9.32,1,No,TN,0.03,No,Low
 392-5296, no, no,107,22.78,3,No,WI,0.02,No,Low
 355-3814, no, no,124,31.42,1,No,WV,0.01,No,Low
 375-2098, no, yes,95,48.13,3,No,CT,0.01,No,Low
 372-7990, no, no,173,49.61,0,Yes,MN,0.84,Yes,Critical
 356-4558, no, no,110,37.86,1,No,MO,0.01,No,Low
 398-5788, no, no,102,29.67,0,No,VA,0.01,No,Low
 390-4003, no, no,130,11.63,0,No,NH,0.01,No,Low
 332-8103, no, yes,91,46.41,1,No,OK,0.04,No,Low
 406-9926, yes, no,64,38.3,1,Yes,CT,0.94,Yes,Critical
 418-2402, no, yes,176,48.14,1,No,TN,0.11,No,Low
 384-3299, yes, no,93,22.34,1,Yes,MD,0.94,Yes,Critical
 378-9090, no, yes,84,15.25,1,No,WI,0.04,No,Low
 350-6473, no, no,138,21.61,3,No,SD,0.05,No,Low
 379-4583, no, yes,101,18.0,1,No,ND,0.05,No,Low
 411-5078, no, no,136,24.19,2,No,VA,0.0,No,Low
 347-4982, no, no,111,32.52,2,No,UT,0.03,No,Low
 341-9274, no, yes,132,34.32,0,No,MA,0.04,No,Low
 353-7461, no, no,128,42.04,3,No,SD,0.07,No,Low
 371-7366, no, yes,92,41.17,1,No,AL,0.03,No,Low
 395-7923, yes, no,197,21.64,5,Yes,AL,0.95,Yes,Critical
 351-8398, no, no,191,27.54,1,No,WV,0.0,No,Low
 329-2204, no, yes,99,30.45,2,No,SC,0.01,No,Low
 407-7507, no, yes,106,33.56,3,No,FL,0.02,No,Low
 405-8075, no, no,88,25.19,2,No,KY,0.03,No,Low
 390-9698, no, no,78,32.83,0,No,UT,0.01,No,Low
 403-4917, no, no,98,29.19,1,No,NY,0.01,No,Low
 391-6709, no, yes,17,33.75,1,No,MS,0.0,No,Low
 389-5988, no, yes,56,20.69,1,No,NH,0.01,No,Low
 372-1534, no, no,84,22.13,2,No,VA,0.14,No,Low
 395-6369, no, no,95,34.58,2,No,VT,0.0,No,Low
 400-3197, no, no,16,29.7,5,No,WY,0.09,No,Low
 377-4169, yes, no,76,40.97,1,Yes,NV,0.73,Yes,High
 384-5343, no, no,93,24.09,0,No,WV,0.01,No,Low
 338-4472, no, no,83,22.92,2,No,WA,0.02,No,Low
 332-2126, no, no,123,27.73,1,No,KS,0.01,No,Low
 349-2157, no, no,64,24.74,1,No,VT,0.0,No,Low
 393-4823, no, no,82,56.07,0,Yes,OK,0.98,Yes,Critical
 385-2683, no, no,107,33.07,2,No,GA,0.0,No,Low
 345-8350, no, no,110,22.42,1,No,CO,0.0,No,Low
 334-4506, no, yes,96,25.5,1,No,AK,0.0,No,Low
 332-3544, no, yes,47,33.42,2,No,TN,0.01,No,Low
 380-5102, no, no,115,16.95,2,No,KY,0.01,No,Low
 395-6149, no, no,69,24.41,3,No,PA,0.0,No,Low
 398-8122, no, yes,163,39.42,2,No,CT,0.04,No,Low
 334-4438, no, no,90,6.43,3,No,CT,0.03,No,Low
 384-7459, no, no,98,12.38,3,No,MN,0.01,No,Low
 368-3931, no, yes,90,16.12,1,No,WY,0.01,No,Low
 353-1352, no, yes,174,37.71,1,No,PA,0.0,No,Low
 348-5725, no, no,95,45.73,2,Yes,OR,0.96,Yes,Critical
 365-2008, no, no,79,45.61,1,Yes,PA,0.91,Yes,Critical
 393-3635, no, yes,123,33.78,1,No,OK,0.06,No,Low
 380-8727, no, no,99,19.64,7,Yes,VT,0.88,Yes,Critical
 381-2376, no, no,114,34.36,2,No,ID,0.01,No,Low
 365-8114, no, no,141,36.65,1,No,PA,0.0,No,Low
 415-5008, no, no,132,28.88,1,No,NM,0.0,No,Low
 392-8318, no, no,133,34.29,0,No,FL,0.02,No,Low
 401-4007, no, no,133,37.59,4,No,TX,0.05,No,Low
 338-7709, no, yes,93,37.18,2,No,VT,0.05,No,Low
 374-1981, no, no,34,49.93,2,Yes,MA,0.95,Yes,Critical
 333-5101, no, no,140,20.45,4,Yes,OR,0.87,Yes,Critical
 345-3734, no, yes,96,29.89,2,No,DE,0.0,No,Low
 384-5004, no, no,144,47.35,1,Yes,FL,0.67,Yes,High
 341-9396, no, yes,24,40.17,3,No,ID,0.01,No,Low
 408-6302, no, no,54,46.55,1,No,MD,0.1,No,Low
 348-7193, no, no,50,22.29,5,Yes,WV,0.88,Yes,Critical
 417-4063, no, yes,92,28.46,4,No,ID,0.05,No,Low
 375-6911, no, no,96,33.61,3,No,NV,0.02,No,Low
 358-3604, no, no,146,28.82,2,No,OH,0.0,No,Low
 339-7485, yes, yes,138,38.28,0,No,ID,0.06,No,Low
 368-3078, no, no,102,29.67,4,No,SC,0.47,No,Medium
 418-7055, no, no,76,22.05,5,Yes,MO,0.97,Yes,Critical
 386-9981, no, no,99,34.0,3,No,NE,0.0,No,Low
 366-2541, no, yes,83,16.3,0,No,NC,0.03,No,Low
 335-3110, no, yes,36,25.98,1,No,ME,0.01,No,Low
 400-7809, no, no,70,22.08,1,No,MI,0.07,No,Low
 404-3106, yes, no,109,45.63,2,Yes,AZ,0.77,Yes,Critical
 333-2337, no, no,100,32.05,2,No,AZ,0.08,No,Low
 353-6482, no, no,104,29.0,1,No,HI,0.0,No,Low
 397-8162, no, no,106,32.54,1,No,NJ,0.02,No,Low
 380-6722, no, no,84,12.8,1,No,MS,0.07,No,Low
 329-2918, no, no,80,25.47,2,No,MA,0.03,No,Low
 348-8022, no, no,100,19.7,1,No,SC,0.01,No,Low
 388-4459, no, no,99,21.9,2,No,MN,0.01,No,Low
 358-3114, no, no,50,22.39,1,No,WV,0.07,No,Low
 343-9654, no, no,105,17.24,1,No,MS,0.07,No,Low
 401-9909, no, yes,113,25.33,4,No,VA,0.17,No,Low
 404-9978, no, yes,111,16.46,2,No,MS,0.03,No,Low
 397-8011, no, no,161,18.28,2,No,NM,0.05,No,Low
 341-8719, no, no,70,39.58,0,Yes,TX,0.84,Yes,Critical
 408-1242, no, yes,97,20.59,3,No,HI,0.03,No,Low
 406-7726, no, no,130,21.13,0,No,WA,0.05,No,Low
 351-2773, no, no,92,26.81,1,No,WI,0.07,No,Low
 368-6174, no, no,119,21.13,0,No,CO,0.02,No,Low
 334-5029, no, no,115,48.69,1,Yes,NV,0.95,Yes,Critical
 413-1789, no, no,134,24.09,0,No,RI,0.01,No,Low
 414-1246, no, yes,127,29.41,0,No,VA,0.0,No,Low
 330-4978, no, no,80,45.68,2,Yes,NJ,0.93,Yes,Critical
 386-1631, no, yes,153,37.15,0,No,ND,0.06,No,Low
 363-1208, no, no,85,43.4,3,No,MN,0.55,Yes,High
 334-5263, no, no,79,7.12,1,No,HI,0.0,No,Low
 361-4137, no, no,35,44.34,1,No,ND,0.18,No,Low
 374-8187, no, yes,120,40.7,0,No,WI,0.02,No,Low
 370-1525, no, no,68,38.54,0,No,MN,0.01,No,Low
 355-3801, no, no,60,30.48,1,Yes,DC,0.72,Yes,High
 392-5605, no, no,120,26.86,1,No,KS,0.01,No,Low
 363-1366, no, yes,71,29.87,1,No,MT,0.05,No,Low
 358-5274, no, no,124,26.76,3,No,WV,0.0,No,Low
 376-9607, no, no,23,19.23,1,Yes,ME,0.67,Yes,High
 374-1213, no, no,225,31.06,1,No,WY,0.03,No,Low
 421-8537, yes, no,181,27.42,0,Yes,NY,0.95,Yes,Critical
 351-5576, no, no,63,24.23,2,No,VT,0.0,No,Low
 407-7258, yes, no,54,32.39,2,Yes,NC,0.94,Yes,Critical
 405-4420, yes, yes,80,27.08,1,No,MO,0.06,No,Low
 340-2855, yes, yes,118,26.15,1,No,NC,0.15,No,Low
 342-8002, yes, no,42,30.72,2,No,NJ,0.13,No,Low
 355-6826, no, no,134,34.46,0,No,OH,0.07,No,Low
 402-3886, no, yes,66,32.44,0,No,TX,0.01,No,Low
 336-5900, no, no,66,34.87,2,No,WA,0.09,No,Low
 339-7684, no, yes,127,40.05,1,No,TN,0.01,No,Low
 390-2433, no, no,146,32.18,0,No,HI,0.0,No,Low
 360-7246, no, yes,93,28.37,1,No,WY,0.02,No,Low
 335-6508, no, no,77,41.68,0,Yes,CT,0.48,No,Medium
 348-6720, no, no,111,22.54,4,Yes,NM,0.91,Yes,Critical
 406-6400, no, no,125,30.99,2,No,NJ,0.0,No,Low
 390-7370, no, yes,115,32.69,2,No,AL,0.01,No,Low
 390-5055, yes, no,115,20.74,2,Yes,MN,0.91,Yes,Critical
 405-7542, no, no,114,32.81,2,No,NC,0.0,No,Low
 364-4927, no, no,106,26.96,0,No,OH,0.02,No,Low
 329-3458, no, yes,118,15.56,2,No,ND,0.02,No,Low
 331-3842, no, no,59,26.11,1,No,CO,0.01,No,Low
 343-4147, yes, yes,87,37.67,1,No,ND,0.06,No,Low
 335-2274, no, no,21,41.6,1,No,NY,0.23,No,Low
 343-3227, no, yes,142,40.77,0,No,WI,0.05,No,Low
 336-6907, no, no,62,29.31,0,No,WY,0.01,No,Low
 331-1391, no, no,149,41.23,3,Yes,OR,0.87,Yes,Critical
 360-1643, no, yes,54,19.99,2,No,CO,0.02,No,Low
 410-2518, no, no,112,29.67,1,No,LA,0.05,No,Low
 344-4970, no, no,68,26.74,1,No,AL,0.0,No,Low
 408-1486, no, yes,201,32.64,1,No,TX,0.11,No,Low
 396-1648, no, no,88,37.09,1,No,PA,0.0,No,Low
 391-2022, no, yes,85,24.58,1,No,IL,0.01,No,Low
 420-6465, yes, no,51,26.11,0,Yes,DE,0.98,Yes,Critical
 398-2628, no, yes,45,23.09,2,No,MO,0.0,No,Low
 409-5519, no, no,116,27.32,0,No,AR,0.01,No,Low
 391-8554, no, yes,146,34.43,1,No,OH,0.02,No,Low
 395-1693, no, yes,63,25.87,1,No,WI,0.01,No,Low
 393-3194, no, no,133,38.66,0,No,GA,0.09,No,Low
 328-3402, no, no,125,32.57,2,No,KY,0.02,No,Low
 411-4781, no, no,72,23.61,1,No,OH,0.0,No,Low
 401-2581, no, no,130,21.59,0,No,TN,0.02,No,Low
 385-1214, no, no,97,28.66,1,No,SD,0.01,No,Low
 348-6853, no, no,54,48.72,1,Yes,NY,0.97,Yes,Critical
 341-8412, no, yes,160,27.98,1,No,GA,0.02,No,Low
 330-8142, no, no,79,24.48,1,No,TX,0.0,No,Low
 361-1404, no, yes,92,24.07,0,No,WV,0.03,No,Low
 375-9671, no, no,59,34.73,1,No,MI,0.02,No,Low
 372-1824, no, no,132,27.74,1,No,ND,0.0,No,Low
 408-3606, no, no,21,38.25,0,No,NE,0.05,No,Low
 333-3595, no, no,93,29.94,2,No,SD,0.0,No,Low
 379-7009, no, yes,147,43.21,5,No,NJ,0.11,No,Low
 411-4940, no, no,101,29.73,1,No,AK,0.01,No,Low
 409-7523, yes, no,125,31.84,0,Yes,CT,0.83,Yes,Critical
 408-6725, no, no,63,36.01,3,No,CO,0.01,No,Low
 350-2384, no, no,107,41.12,0,No,MD,0.09,No,Low
 348-1706, no, no,110,33.34,3,No,ND,0.03,No,Low
 415-6145, no, no,83,39.32,3,No,NH,0.03,No,Low
 373-3731, no, no,117,27.47,1,No,MN,0.01,No,Low
 341-3349, no, no,124,32.98,0,No,KY,0.05,No,Low
 399-8859, no, no,115,18.65,3,No,NH,0.09,No,Low
 377-4518, yes, no,156,47.09,1,No,CO,0.2,No,Low
 341-1594, no, no,89,32.66,0,No,KY,0.01,No,Low
 418-8770, no, no,72,33.73,0,No,KY,0.02,No,Low
 332-9118, no, yes,101,35.56,0,No,IN,0.01,No,Low
 386-1418, no, no,53,31.42,2,No,OR,0.07,No,Low
 393-3535, no, no,116,28.53,2,No,SD,0.08,No,Low
 328-9006, no, no,78,23.66,3,No,DE,0.02,No,Low
 402-2482, no, yes,117,37.62,0,No,OR,0.03,No,Low
 408-4865, no, no,56,20.67,1,No,NE,0.02,No,Low
 396-6247, no, yes,123,45.97,1,No,OH,0.17,No,Low
 396-9462, no, no,127,23.73,2,No,OH,0.0,No,Low
 396-9279, no, yes,116,43.01,2,No,AR,0.02,No,Low
 363-8715, no, yes,138,31.26,1,No,KS,0.01,No,Low
 356-1358, no, no,120,34.56,3,No,TX,0.05,No,Low
 360-7839, no, no,102,34.1,3,No,WI,0.01,No,Low
 364-8774, no, no,95,28.49,2,No,OR,0.04,No,Low
 348-5038, no, no,102,26.61,2,No,VA,0.0,No,Low
 365-4728, no, yes,89,36.57,1,No,AR,0.02,No,Low
 351-9037, no, no,50,51.29,1,No,CT,0.25,No,Low
 397-9184, no, yes,93,25.89,7,No,OH,0.3,No,Medium
 398-4538, no, no,68,33.22,1,No,WY,0.01,No,Low
 382-6827, no, no,70,35.48,2,No,IL,0.06,No,Low
 408-1340, no, yes,138,32.32,0,No,MO,0.02,No,Low
 333-9511, no, yes,141,31.52,4,No,DC,0.08,No,Low
 358-7379, no, yes,112,31.14,0,No,MA,0.0,No,Low
 397-1766, yes, no,117,9.21,1,Yes,NH,0.61,Yes,High
 331-2144, no, yes,1,35.36,1,No,IA,0.02,No,Low
 345-7014, no, no,70,39.15,1,No,AL,0.0,No,Low
 395-1898, no, yes,87,40.94,2,No,OR,0.04,No,Low
 373-8920, no, yes,52,33.27,2,No,WV,0.0,No,Low
 373-8908, no, no,97,46.94,0,Yes,WA,0.97,Yes,Critical
 415-1203, no, no,105,28.24,2,No,NV,0.0,No,Low
 369-7017, no, yes,77,23.1,4,Yes,SC,0.75,Yes,Critical
 420-8435, yes, no,80,32.15,2,Yes,NC,0.97,Yes,Critical
 395-2579, no, yes,120,30.24,1,No,NH,0.01,No,Low
 405-7850, no, yes,54,24.46,2,No,WY,0.0,No,Low
 394-7710, yes, no,148,25.19,2,No,FL,0.1,No,Low
 342-4122, no, no,119,48.81,2,Yes,PA,0.88,Yes,Critical
 340-1876, no, yes,162,30.55,1,Yes,NC,0.6,Yes,High
 383-6095, no, no,85,28.19,5,Yes,MO,0.8,Yes,Critical
 413-1061, no, yes,101,24.5,1,No,KS,0.02,No,Low
 343-5347, no, no,172,29.33,0,No,KY,0.01,No,Low
 376-4861, no, no,80,33.97,1,No,DE,0.01,No,Low
 417-2265, no, no,67,18.55,2,No,WI,0.02,No,Low
 419-7415, no, no,86,29.21,1,No,CO,0.0,No,Low
 407-2259, no, no,107,37.79,1,Yes,NM,0.81,Yes,Critical
 333-2906, no, no,133,41.79,0,No,DE,0.15,No,Low
 360-7477, no, no,116,27.98,0,No,IL,0.01,No,Low
 342-5243, no, no,63,35.99,0,No,WA,0.04,No,Low
 417-3999, yes, yes,119,25.02,0,Yes,MA,0.88,Yes,Critical
 379-1720, yes, no,133,43.3,0,Yes,OH,0.83,Yes,Critical
 368-3117, yes, no,94,28.92,1,No,TN,0.1,No,Low
 352-5000, no, no,69,33.17,0,No,MA,0.01,No,Low
 405-7676, no, no,146,25.38,7,Yes,MI,0.89,Yes,Critical
 361-2349, no, no,119,13.92,2,Yes,TX,0.1,No,Low
 383-2901, yes, yes,142,32.49,0,No,NH,0.05,No,Low
 369-7049, no, no,123,35.17,3,No,MD,0.02,No,Low
 387-5533, no, no,101,40.63,1,Yes,MS,0.86,Yes,Critical
 362-3660, no, no,43,30.48,0,No,AZ,0.04,No,Low
 357-3577, no, no,69,31.5,0,No,IN,0.0,No,Low
 394-3312, yes, no,15,24.04,2,No,NY,0.13,No,Low
 395-8330, no, yes,107,42.26,1,No,WI,0.01,No,Low
 373-8895, no, no,67,25.93,2,No,WV,0.01,No,Low
 386-4581, no, no,99,24.75,1,No,NY,0.01,No,Low
 354-8191, no, no,46,27.91,1,No,OK,0.04,No,Low
 359-7562, yes, no,55,37.57,1,No,NC,0.03,No,Low
 359-4336, no, no,39,50.22,1,Yes,KY,0.98,Yes,Critical
 336-9901, no, no,92,23.77,2,No,TX,0.01,No,Low
 406-3069, no, no,56,27.59,4,Yes,CT,0.76,Yes,Critical
 334-6519, no, no,76,46.36,0,Yes,NE,0.92,Yes,Critical
 361-8113, yes, yes,132,34.05,2,No,HI,0.24,No,Low
 347-9769, no, yes,140,26.71,1,No,SC,0.05,No,Low
 352-9130, yes, yes,51,23.09,2,No,AK,0.04,No,Low
 378-4557, no, no,27,40.24,1,No,SD,0.08,No,Low
 360-8919, no, no,224,18.94,3,No,ID,0.02,No,Low
 405-4109, yes, yes,105,26.54,0,Yes,OK,0.96,Yes,Critical
 381-2498, no, no,117,32.49,2,No,WA,0.07,No,Low
 357-5696, no, no,91,26.01,1,Yes,SD,0.66,Yes,High
 412-2947, no, no,135,37.2,4,No,OH,0.15,No,Low
 363-3571, no, no,146,34.92,3,No,VA,0.02,No,Low
 405-5403, yes, no,147,38.28,0,Yes,WI,0.89,Yes,Critical
 330-9354, no, no,68,42.48,2,Yes,IN,0.87,Yes,Critical
 396-7091, no, no,68,22.37,3,No,NM,0.03,No,Low
 398-3004, no, yes,86,33.64,0,No,HI,0.01,No,Low
 400-4020, no, no,131,28.31,1,No,KY,0.02,No,Low
 356-3448, no, yes,86,38.32,1,No,OH,0.0,No,Low
 335-2019, no, no,159,46.89,2,Yes,VT,0.91,Yes,Critical
 332-6633, no, yes,134,24.29,1,No,AZ,0.0,No,Low
 359-7648, no, no,113,35.22,1,No,VT,0.01,No,Low
 412-9190, no, no,132,35.05,1,No,MO,0.0,No,Low
 368-9007, no, no,85,35.75,1,No,AL,0.0,No,Low
 384-5632, yes, yes,93,38.37,1,Yes,NJ,0.76,Yes,Critical
 352-6068, no, yes,174,28.53,4,Yes,WA,0.73,Yes,High
 343-9645, no, no,61,33.61,2,No,NY,0.01,No,Low
 384-7873, no, yes,91,28.87,1,No,DC,0.04,No,Low
 396-2187, no, yes,88,32.4,2,No,NE,0.01,No,Low
 383-5109, no, yes,88,13.65,2,No,MA,0.07,No,Low
 377-7843, no, yes,195,39.39,0,No,VT,0.01,No,Low
 382-7999, no, no,182,11.75,0,No,NM,0.02,No,Low
 328-1222, no, no,118,32.1,4,No,CO,0.09,No,Low
 371-1727, no, no,103,25.6,8,Yes,NH,0.87,Yes,Critical
 369-8871, no, no,65,32.64,2,No,IL,0.0,No,Low
 335-9726, no, yes,61,27.83,3,No,UT,0.02,No,Low
 357-3709, no, no,172,35.99,1,No,WV,0.04,No,Low
 422-9964, no, no,72,29.84,1,No,NJ,0.02,No,Low
 366-9211, no, no,113,25.52,2,No,NM,0.01,No,Low
 384-9033, no, no,177,32.22,1,No,ND,0.02,No,Low
 382-4932, no, no,100,12.04,6,Yes,WA,0.92,Yes,Critical
 404-7518, no, no,67,36.64,1,No,NM,0.01,No,Low
 353-1954, no, no,136,17.29,3,No,DE,0.01,No,Low
 391-7166, no, no,71,43.93,4,No,GA,0.07,No,Low
 370-9000, no, no,134,41.21,1,No,HI,0.04,No,Low
 332-3642, no, no,124,22.41,1,No,CT,0.14,No,Low
 412-3898, no, no,84,32.33,2,No,NJ,0.02,No,Low
 366-5640, no, no,39,26.2,2,No,ME,0.0,No,Low
 356-2302, no, no,110,31.96,3,No,OK,0.02,No,Low
 345-9018, no, no,102,17.53,1,No,TN,0.02,No,Low
 365-6205, no, no,70,29.82,0,No,WY,0.02,No,Low
 337-1151, no, no,142,24.72,1,No,NY,0.01,No,Low
 374-4664, yes, no,81,42.6,1,No,DE,0.05,No,Low
 396-9656, no, no,17,27.46,1,No,RI,0.0,No,Low
 377-5043, no, no,119,44.22,1,Yes,PA,0.83,Yes,Critical
 401-7359, no, no,105,47.82,0,Yes,HI,0.99,Yes,Critical
 375-2184, yes, yes,108,22.12,3,Yes,MD,0.91,Yes,Critical
 367-6005, no, no,90,17.34,2,No,VA,0.0,No,Low
 364-2166, no, yes,100,37.18,1,No,IN,0.01,No,Low
 414-4741, no, yes,155,21.85,1,No,OR,0.0,No,Low
 403-9719, no, no,113,21.88,2,Yes,AZ,0.64,Yes,High
 371-8452, no, no,123,29.27,1,No,WI,0.0,No,Low
 392-6239, no, no,145,33.86,1,No,VA,0.04,No,Low
 410-5250, no, no,42,31.37,2,No,MO,0.0,No,Low
 336-1574, no, no,125,28.66,0,No,NV,0.05,No,Low
 406-8324, no, yes,131,29.58,1,No,HI,0.01,No,Low
 411-7110, no, no,107,39.17,1,No,WA,0.11,No,Low
 341-9907, no, no,48,33.69,1,No,IL,0.0,No,Low
 400-8952, no, no,76,31.64,0,No,IL,0.01,No,Low
 333-9266, no, no,128,25.25,1,No,LA,0.05,No,Low
 419-4894, no, no,73,26.71,0,No,WI,0.05,No,Low
 364-9904, no, no,52,26.35,4,Yes,TX,0.72,Yes,High
 394-3048, yes, yes,126,21.98,1,No,MI,0.22,No,Low
 352-6265, no, no,124,32.05,1,No,NC,0.04,No,Low
 357-3187, no, no,137,35.5,0,No,WA,0.09,No,Low
 373-8483, no, no,71,40.46,0,Yes,ND,0.8,Yes,Critical
 375-9930, no, no,139,35.89,0,No,NE,0.03,No,Low
 352-6282, no, yes,107,33.81,3,No,MS,0.01,No,Low
 396-2945, no, no,147,36.18,1,No,KY,0.0,No,Low
 412-3527, no, no,116,23.36,3,No,RI,0.02,No,Low
 328-4231, no, yes,60,32.61,2,No,NY,0.02,No,Low
 413-9055, no, no,38,25.33,0,No,TX,0.12,No,Low
 363-8755, no, no,63,19.91,3,No,DE,0.0,No,Low
 388-8891, no, no,94,18.36,3,No,NM,0.04,No,Low
 360-1776, no, no,131,19.18,0,No,RI,0.08,No,Low
 411-3578, no, no,158,29.9,1,No,MS,0.01,No,Low
 399-7268, no, no,139,40.22,1,Yes,NY,0.66,Yes,High
 350-1532, no, no,77,28.8,1,No,NE,0.0,No,Low
 359-2197, no, no,140,22.03,3,No,WI,0.03,No,Low
 407-9290, no, no,72,30.11,1,No,KY,0.0,No,Low
 358-6672, no, yes,52,22.66,1,No,SD,0.02,No,Low
 393-4621, no, no,103,28.53,5,No,VA,0.17,No,Low
 336-7357, no, yes,74,29.68,1,No,KS,0.0,No,Low
 351-1466, no, no,124,25.55,2,No,ND,0.01,No,Low
 394-6668, no, yes,85,48.14,5,No,CO,0.18,No,Low
 403-2673, no, yes,113,26.83,5,Yes,KY,0.74,Yes,High
 355-1735, no, no,71,24.0,2,No,WA,0.02,No,Low
 416-7679, no, yes,177,39.13,1,No,NV,0.05,No,Low
 340-4972, yes, no,49,40.43,2,Yes,SC,0.96,Yes,Critical
 417-4826, yes, no,106,34.68,3,Yes,RI,0.75,Yes,Critical
 408-6676, no, no,60,37.59,1,No,ID,0.02,No,Low
 417-6683, no, no,43,30.12,4,No,KY,0.15,No,Low
 331-6270, no, no,66,20.06,1,No,ME,0.01,No,Low
 404-9754, no, no,125,27.85,0,No,SD,0.01,No,Low
 364-9425, no, yes,114,24.02,3,No,SC,0.01,No,Low
 339-6477, no, no,112,46.33,3,Yes,TN,0.89,Yes,Critical
 362-2787, no, yes,101,20.21,2,No,MT,0.0,No,Low
 405-9233, no, no,70,1.34,0,No,WI,0.04,No,Low
 416-1845, no, no,59,27.12,0,No,AK,0.01,No,Low
 385-9657, no, no,59,25.53,1,No,AZ,0.0,No,Low
 420-5652, no, yes,124,24.57,2,No,MT,0.04,No,Low
 415-1141, no, no,99,23.92,2,No,DE,0.0,No,Low
 334-5634, no, no,150,28.76,1,No,VA,0.01,No,Low
 403-4200, no, no,81,37.54,2,No,MA,0.01,No,Low
 357-7893, no, no,86,36.77,0,No,IN,0.02,No,Low
 369-2899, no, no,84,28.82,0,No,MD,0.0,No,Low
 381-1026, no, yes,118,43.57,1,No,NV,0.07,No,Low
 388-8722, no, no,89,30.55,1,No,CO,0.04,No,Low
 418-3135, no, no,93,45.22,3,No,KS,0.04,No,Low
 380-3974, no, no,85,16.44,2,No,AR,0.04,No,Low
 338-7232, no, no,160,14.06,0,No,WY,0.02,No,Low
 334-5223, no, no,28,28.59,3,No,PA,0.01,No,Low
 340-8323, no, no,73,48.69,1,Yes,TX,0.95,Yes,Critical
 337-6851, no, no,156,29.63,3,No,NY,0.01,No,Low
 344-5973, yes, no,33,32.4,1,No,OR,0.06,No,Low
 335-2261, no, no,77,29.84,4,No,CA,0.07,No,Low
 343-1458, no, no,119,22.68,1,No,NY,0.0,No,Low
 415-4875, no, yes,91,34.78,3,No,AR,0.04,No,Low
 381-2726, no, no,102,41.17,3,No,MI,0.15,No,Low
 395-3852, no, yes,86,43.03,3,No,OK,0.01,No,Low
 358-7914, no, no,82,22.1,0,No,TX,0.0,No,Low
 332-6958, no, no,89,18.0,0,No,NC,0.0,No,Low
 355-1019, no, no,86,33.01,3,No,ID,0.0,No,Low
 382-9447, no, no,134,31.25,1,No,IL,0.0,No,Low
 386-8536, no, no,92,33.41,2,No,OR,0.01,No,Low
 363-3818, no, no,87,31.37,3,No,SD,0.01,No,Low
 360-6416, no, no,64,44.52,0,No,NE,0.05,No,Low
 332-8764, no, no,80,34.41,3,No,RI,0.03,No,Low
 398-4814, no, yes,165,28.46,3,No,MD,0.01,No,Low
 410-5963, no, yes,153,28.51,1,No,ID,0.0,No,Low
 399-6642, no, yes,41,32.59,1,No,ME,0.0,No,Low
 390-9986, no, no,108,40.83,2,No,SD,0.05,No,Low
 391-1793, no, yes,104,32.15,1,No,NY,0.01,No,Low
 352-5542, no, no,115,21.71,1,No,DE,0.0,No,Low
 386-8118, no, no,87,34.88,1,No,OK,0.01,No,Low
 394-9825, no, yes,159,26.11,2,No,SC,0.01,No,Low
 382-4952, no, no,119,26.27,2,No,IN,0.01,No,Low
 387-2698, no, no,69,26.13,1,No,NV,0.01,No,Low
 417-1360, yes, yes,87,29.1,1,No,IL,0.02,No,Low
 408-4836, no, no,93,55.78,1,Yes,SD,0.89,Yes,Critical
 374-8329, yes, no,154,24.8,0,Yes,OK,0.84,Yes,Critical
 363-8424, no, yes,57,34.2,1,No,KS,0.01,No,Low
 408-8910, no, no,130,23.65,5,No,IA,0.19,No,Low
 399-3840, no, no,151,20.21,2,No,NJ,0.11,No,Low
 367-8692, no, no,162,36.99,2,Yes,NJ,0.71,Yes,High
 387-4504, no, no,60,24.65,1,No,MT,0.14,No,Low
 328-2647, no, no,81,34.6,3,No,IA,0.07,No,Low
 369-7903, no, no,132,40.82,3,No,WA,0.01,No,Low
 399-6852, no, no,86,14.25,1,No,NE,0.0,No,Low
 335-4888, no, no,136,45.87,1,Yes,TX,0.93,Yes,Critical
 344-2260, no, yes,121,21.47,1,No,MS,0.01,No,Low
 349-4070, no, yes,105,14.98,2,No,IA,0.03,No,Low
 394-6505, no, yes,105,37.15,2,No,WI,0.01,No,Low
 419-3612, no, yes,51,40.26,1,No,MT,0.02,No,Low
 356-1952, no, no,64,21.1,3,No,GA,0.0,No,Low
 416-7866, yes, yes,80,31.31,0,No,MT,0.06,No,Low
 398-1759, no, no,56,37.86,4,No,ND,0.37,No,Medium
 338-9950, no, no,120,25.36,1,No,VT,0.01,No,Low
 412-7278, no, no,103,35.11,3,No,SD,0.01,No,Low
 347-1263, no, yes,164,27.15,3,No,OH,0.03,No,Low
 386-5684, no, yes,116,34.8,2,No,OH,0.02,No,Low
 334-4354, no, no,121,36.24,1,No,MT,0.05,No,Low
 398-5970, yes, no,55,45.83,1,No,IL,0.11,No,Low
 330-3429, no, no,183,19.84,2,No,NV,0.0,No,Low
 418-4637, no, no,104,44.78,0,No,UT,0.15,No,Low
 393-7322, no, no,90,23.83,1,No,NH,0.01,No,Low
 353-5557, no, no,82,33.61,1,No,LA,0.04,No,Low
 411-5334, no, no,101,23.15,3,No,VT,0.0,No,Low
 398-8588, no, yes,9,15.05,2,No,NY,0.0,No,Low
 374-7285, no, no,97,36.6,0,No,CT,0.09,No,Low
 379-7215, no, no,94,45.76,3,Yes,KS,0.89,Yes,Critical
 357-7875, no, yes,127,34.65,0,No,MI,0.05,No,Low
 393-9677, no, yes,125,45.63,0,No,SD,0.01,No,Low
 345-9598, no, no,140,27.05,1,No,ME,0.03,No,Low
 353-3203, no, no,90,19.45,2,No,MD,0.05,No,Low
 330-7486, no, no,67,23.61,2,No,VA,0.0,No,Low
 397-6425, no, no,113,31.62,1,No,NJ,0.02,No,Low
 338-1815, no, yes,121,28.97,0,No,TN,0.02,No,Low
 406-5023, no, no,93,27.97,4,No,DC,0.14,No,Low
 368-2458, no, no,121,28.66,1,No,DC,0.01,No,Low
 400-8375, no, no,53,44.4,0,Yes,OR,0.87,Yes,Critical
 387-8201, no, no,75,32.39,1,No,RI,0.0,No,Low
 346-4360, no, no,132,30.79,2,No,AK,0.04,No,Low
 412-8811, no, no,162,30.11,3,No,WI,0.0,No,Low
 413-3990, no, no,140,27.29,1,No,IN,0.02,No,Low
 345-2448, no, no,91,22.9,2,No,MI,0.02,No,Low
 394-4512, no, yes,73,33.69,2,No,ID,0.0,No,Low
 400-8538, yes, no,95,38.91,4,Yes,NH,0.9,Yes,Critical
 412-8769, no, no,145,41.09,0,No,MN,0.01,No,Low
 390-1552, no, no,100,22.29,1,No,AZ,0.04,No,Low
 389-2477, no, no,122,39.8,2,No,MN,0.04,No,Low
 389-4695, no, no,109,34.02,0,No,MO,0.08,No,Low
 406-8037, no, no,82,26.18,1,No,AL,0.01,No,Low
 382-9138, no, yes,65,38.11,0,No,PA,0.0,No,Low
 414-7942, no, no,52,25.21,3,No,AK,0.0,No,Low
 348-7071, no, yes,136,29.68,2,No,MS,0.02,No,Low
 404-2942, no, no,75,23.55,1,No,IA,0.0,No,Low
 348-3581, no, no,146,18.53,1,No,WY,0.05,No,Low
 327-6764, no, no,105,27.59,4,No,NE,0.19,No,Low
 405-2831, no, no,48,35.84,2,No,ND,0.02,No,Low
 416-4351, no, no,45,24.21,1,No,CT,0.02,No,Low
 419-3196, no, yes,106,38.0,2,No,NC,0.03,No,Low
 411-6211, no, no,33,31.03,2,No,CT,0.0,No,Low
 391-8369, no, no,68,37.33,2,No,ND,0.02,No,Low
 416-4464, no, no,106,32.91,0,No,WA,0.05,No,Low
 347-1814, no, no,141,32.71,0,No,NV,0.0,No,Low
 386-7337, no, no,98,40.15,0,No,CO,0.01,No,Low
 375-8505, no, yes,94,39.64,0,No,KS,0.09,No,Low
 407-5056, no, no,65,27.0,2,No,CO,0.01,No,Low
 367-8924, no, no,85,21.44,1,No,MO,0.02,No,Low
 419-5171, no, no,71,49.37,3,Yes,MA,0.98,Yes,Critical
 396-7687, no, yes,112,10.3,0,No,NY,0.02,No,Low
 394-4548, no, no,110,25.23,0,No,AK,0.0,No,Low
 382-6438, no, no,111,41.91,2,No,WI,0.12,No,Low
 413-2194, no, no,74,50.68,2,Yes,NH,0.96,Yes,Critical
 366-2622, no, no,105,20.28,2,No,TN,0.03,No,Low
 416-7591, no, no,40,41.23,0,No,NY,0.16,No,Low
 355-2634, yes, yes,128,37.76,0,Yes,GA,0.77,Yes,Critical
 422-5350, no, no,123,40.15,2,Yes,MN,0.58,Yes,High
 329-2388, no, no,122,24.51,0,No,MI,0.02,No,Low
 381-5273, no, yes,114,26.28,3,No,ID,0.01,No,Low
 421-6694, no, yes,102,23.36,2,No,CT,0.0,No,Low
 342-1702, no, no,126,17.63,0,No,NC,0.22,No,Low
 381-4029, no, no,150,23.22,4,Yes,LA,0.89,Yes,Critical
 335-2967, no, no,60,49.27,2,Yes,NJ,0.96,Yes,Critical
 416-6594, no, no,123,44.35,3,No,TX,0.05,No,Low
 388-6026, yes, no,138,33.35,0,Yes,CA,0.98,Yes,Critical
 367-1024, no, no,29,33.25,1,No,MD,0.03,No,Low
 386-7118, no, no,111,37.77,4,No,WY,0.07,No,Low
 346-2020, yes, no,37,29.39,0,Yes,TX,0.91,Yes,Critical
 329-9067, no, no,111,42.47,0,Yes,CA,0.89,Yes,Critical
 329-6144, no, no,81,26.27,1,No,UT,0.04,No,Low
 332-1502, no, no,46,15.37,1,No,WA,0.12,No,Low
 342-8320, no, yes,69,45.7,0,No,MS,0.1,No,Low
 411-5748, no, no,125,18.04,1,No,OH,0.03,No,Low
 381-9367, no, no,43,4.59,3,No,KS,0.01,No,Low
 400-1280, no, yes,127,23.82,1,No,RI,0.0,No,Low
 360-5794, no, no,94,41.65,1,No,IN,0.01,No,Low
 373-3538, no, no,46,33.44,3,No,VT,0.0,No,Low
 394-9942, no, yes,73,22.3,2,No,MT,0.02,No,Low
 380-3329, no, yes,146,25.43,2,No,CT,0.0,No,Low
 334-7618, no, no,93,40.77,1,No,NM,0.2,No,Low
 327-9289, no, yes,52,24.16,1,No,OH,0.0,No,Low
 351-2589, no, no,202,19.62,3,No,GA,0.1,No,Low
 368-6892, no, yes,129,32.81,2,No,MN,0.02,No,Low
 337-9303, no, no,94,35.04,1,No,CT,0.02,No,Low
 377-5258, no, no,100,27.25,0,No,AL,0.0,No,Low
 348-5767, no, no,43,33.98,1,No,WV,0.02,No,Low
 373-3549, no, no,130,36.23,0,No,NH,0.05,No,Low
 422-8344, no, no,124,30.31,3,No,WY,0.01,No,Low
 411-2958, yes, no,92,42.89,3,Yes,VA,0.8,Yes,Critical
 384-2908, no, no,48,33.61,4,No,VT,0.05,No,Low
 347-6393, no, yes,98,18.89,2,No,OH,0.01,No,Low
 385-7148, no, no,100,16.41,1,Yes,MT,0.73,Yes,High
 419-2767, no, no,79,26.67,3,No,MA,0.02,No,Low
 375-1746, no, no,164,20.96,1,No,VA,0.05,No,Low
 362-7870, no, no,105,32.93,1,No,NM,0.02,No,Low
 410-3725, yes, no,89,35.17,0,No,AR,0.05,No,Low
 387-1535, no, no,126,42.47,3,Yes,NE,0.9,Yes,Critical
 329-2045, no, no,96,24.48,1,No,WY,0.0,No,Low
 341-6743, no, yes,120,50.92,0,No,IA,0.02,No,Low
 336-8343, no, no,212,38.42,2,Yes,SC,0.79,Yes,Critical
 368-5758, no, no,72,23.39,2,No,NC,0.01,No,Low
 346-8362, yes, yes,155,35.99,1,No,HI,0.05,No,Low
 345-9690, no, no,89,15.25,2,No,UT,0.01,No,Low
 339-9798, yes, no,126,33.59,2,No,WY,0.09,No,Low
 359-5731, no, no,172,45.9,2,Yes,AL,0.95,Yes,Critical
 373-2091, no, no,75,38.2,3,No,VA,0.0,No,Low
 367-3439, no, no,143,33.03,2,No,WI,0.01,No,Low
 367-1681, yes, no,166,8.11,0,Yes,FL,0.62,Yes,High
 420-9973, no, no,132,32.32,1,No,KS,0.0,No,Low
 351-4025, yes, no,94,15.22,1,Yes,NV,0.61,Yes,High
 393-5897, no, no,99,31.04,0,No,NY,0.0,No,Low
 384-7216, no, yes,136,34.94,1,No,VA,0.01,No,Low
 384-4595, no, no,119,39.36,1,No,KS,0.1,No,Low
 329-9667, yes, no,115,42.72,3,Yes,NC,0.91,Yes,Critical
 347-5063, no, no,160,29.1,2,No,MO,0.0,No,Low
 345-8433, no, no,166,33.64,2,No,ND,0.0,No,Low
 339-7602, no, no,120,22.92,1,No,CA,0.0,No,Low
 332-1109, no, no,173,32.54,1,No,WV,0.0,No,Low
 343-3296, no, no,156,29.67,0,No,IL,0.01,No,Low
 366-2536, no, no,70,30.16,0,No,NY,0.0,No,Low
 355-2293, no, no,41,30.96,1,No,NV,0.02,No,Low
 350-9318, no, no,132,37.81,0,No,AL,0.01,No,Low
 418-5300, yes, no,47,8.13,0,Yes,KS,0.87,Yes,Critical
 395-2626, no, no,160,20.71,1,No,ND,0.0,No,Low
 402-7372, no, no,180,24.4,3,No,OK,0.01,No,Low
 337-9710, no, no,93,28.03,2,No,UT,0.01,No,Low
 363-4967, no, no,109,32.91,2,No,OH,0.0,No,Low
 400-5389, no, no,80,17.19,0,No,WY,0.03,No,Low
 416-9162, no, yes,54,15.69,2,No,NM,0.05,No,Low
 414-6541, no, no,121,28.71,2,No,AL,0.01,No,Low
 392-6647, no, yes,157,37.26,1,No,DC,0.0,No,Low
 343-2465, no, yes,170,30.28,0,No,ID,0.01,No,Low
 338-9171, no, no,138,24.91,3,No,AR,0.07,No,Low
 405-4606, no, yes,92,29.29,1,No,ID,0.01,No,Low
 386-9711, no, no,126,32.45,1,No,TX,0.01,No,Low
 327-8495, no, no,41,39.46,3,Yes,NM,0.57,Yes,High
 416-5660, no, no,167,28.76,4,Yes,WA,0.84,Yes,Critical
 370-3032, no, no,91,21.05,2,No,UT,0.07,No,Low
 331-8462, no, no,127,16.32,3,No,RI,0.01,No,Low
 414-4037, no, yes,88,15.88,1,No,NC,0.02,No,Low
 415-2865, no, no,113,15.4,1,No,RI,0.06,No,Low
 362-2353, no, no,78,25.99,2,No,NY,0.06,No,Low
 329-5114, no, no,123,43.84,2,No,TX,0.44,No,Medium
 351-1389, yes, yes,136,14.48,2,No,DE,0.02,No,Low
 375-3668, no, yes,68,27.2,1,No,MS,0.01,No,Low
 375-5414, no, yes,132,31.09,0,No,OH,0.02,No,Low
 360-7079, no, no,133,36.75,2,No,LA,0.03,No,Low
 344-9302, no, no,127,44.49,0,No,FL,0.07,No,Low
 418-1775, no, no,110,41.0,2,No,WA,0.16,No,Low
 401-2468, no, no,121,30.12,1,No,WV,0.03,No,Low
 346-4984, no, no,116,15.22,2,No,NY,0.06,No,Low
 351-2928, yes, yes,112,34.05,1,No,NE,0.04,No,Low
 365-7774, yes, no,97,24.65,4,Yes,PA,0.66,Yes,High
 358-3691, no, no,43,27.12,2,No,MS,0.01,No,Low
 364-9059, no, no,110,25.81,3,No,IN,0.04,No,Low
 356-7208, no, no,67,29.95,1,No,VA,0.0,No,Low
 333-5551, no, no,166,25.86,0,No,MN,0.05,No,Low
 362-6528, no, no,129,27.42,1,No,DE,0.01,No,Low
 394-2560, yes, no,103,29.19,3,No,OR,0.01,No,Low
 367-3220, no, no,71,47.41,0,Yes,UT,0.94,Yes,Critical
 418-5708, no, yes,112,36.21,4,No,CT,0.02,No,Low
 421-2245, no, yes,8,41.29,1,No,AL,0.02,No,Low
 406-2242, no, no,98,36.92,0,Yes,TX,0.78,Yes,Critical
 347-6994, no, no,90,29.9,1,No,CT,0.0,No,Low
 413-7468, no, no,13,51.54,0,Yes,MS,0.69,Yes,High
 389-6082, no, no,58,40.61,2,No,AR,0.02,No,Low
 415-3689, no, yes,137,32.23,2,No,CA,0.01,No,Low
 379-2503, no, no,116,22.66,5,Yes,MI,0.78,Yes,Critical
 396-1106, no, yes,94,15.76,3,No,WV,0.01,No,Low
 379-4372, no, no,87,30.12,3,No,DE,0.0,No,Low
 336-3738, no, no,120,31.37,2,No,FL,0.01,No,Low
 380-2600, no, yes,97,29.94,0,No,AK,0.0,No,Low
 345-4473, no, no,134,34.8,6,No,ID,0.05,No,Low
 380-9990, no, no,68,24.41,2,No,OH,0.05,No,Low
 411-1045, no, no,93,30.48,1,No,NH,0.02,No,Low
 413-5306, no, no,120,23.34,1,No,MA,0.01,No,Low
 417-6906, no, no,41,40.43,2,No,SC,0.06,No,Low
 331-4807, no, no,80,34.63,2,No,OR,0.0,No,Low
 376-5375, no, yes,83,32.52,2,No,OH,0.02,No,Low
 361-9839, yes, no,109,35.55,2,No,NC,0.01,No,Low
 348-8679, no, yes,66,15.1,3,No,KY,0.01,No,Low
 403-6565, no, no,104,16.52,0,No,ID,0.05,No,Low
 346-5287, no, no,89,23.44,1,No,WA,0.03,No,Low
 413-6769, no, no,127,38.13,2,No,WV,0.05,No,Low
 370-5042, no, yes,117,35.29,1,No,RI,0.01,No,Low
 397-9486, no, no,128,45.58,2,No,KS,0.34,No,Medium
 364-3286, no, no,88,28.34,4,Yes,NV,0.74,Yes,High
 420-8897, no, no,61,45.41,1,Yes,NE,0.88,Yes,Critical
 378-9506, no, no,22,30.91,2,No,FL,0.02,No,Low
 399-6259, no, no,78,25.01,0,No,WY,0.01,No,Low
 335-5806, no, yes,56,6.41,1,No,WA,0.0,No,Low
 401-6392, no, no,192,31.45,2,No,CO,0.01,No,Low
 379-9859, no, no,70,26.59,2,No,WI,0.01,No,Low
 415-4051, no, no,148,40.68,1,No,KS,0.05,No,Low
 368-5612, no, yes,65,36.64,2,No,RI,0.03,No,Low
 374-5301, no, no,119,22.93,1,No,MT,0.04,No,Low
 406-5710, no, no,80,33.12,0,No,CO,0.0,No,Low
 354-7077, no, yes,152,40.65,5,No,CT,0.06,No,Low
 343-3340, no, no,113,15.74,3,No,FL,0.01,No,Low
 377-8267, no, no,75,35.6,1,No,VT,0.03,No,Low
 382-2453, no, no,80,33.59,1,No,OH,0.0,No,Low
 333-7449, no, no,148,2.99,1,No,NH,0.02,No,Low
 366-4287, yes, no,63,10.69,1,No,RI,0.22,No,Low
 415-2285, no, yes,97,34.39,1,No,FL,0.04,No,Low
 381-1328, no, no,166,23.14,0,No,MD,0.0,No,Low
 344-4022, no, no,94,35.19,1,No,WY,0.0,No,Low
 415-6601, no, yes,85,35.34,1,No,FL,0.04,No,Low
 351-7309, yes, no,80,47.01,1,Yes,TN,0.9,Yes,Critical
 363-7802, no, yes,210,53.35,3,No,NC,0.08,No,Low
 408-4870, yes, yes,88,49.05,1,No,IN,0.13,No,Low
 378-9478, no, no,100,35.85,4,No,IA,0.06,No,Low
 401-4778, no, yes,154,11.03,1,No,WV,0.01,No,Low
 370-9563, no, yes,32,41.4,1,No,UT,0.09,No,Low
 394-6382, no, no,18,33.49,3,No,GA,0.0,No,Low
 333-5295, no, yes,126,47.26,0,No,AK,0.01,No,Low
 370-2451, no, yes,144,37.38,1,No,UT,0.04,No,Low
 401-6982, no, no,29,53.24,2,Yes,MS,0.89,Yes,Critical
 329-8115, no, yes,86,24.77,0,No,AR,0.03,No,Low
 340-3409, no, yes,138,12.89,0,No,AK,0.01,No,Low
 397-5911, no, no,146,33.3,3,No,AK,0.01,No,Low
 415-6127, no, no,175,22.44,1,No,ME,0.03,No,Low
 392-6073, no, no,74,21.08,2,No,WV,0.03,No,Low
 419-6564, no, no,48,29.22,2,No,CT,0.02,No,Low
 340-8245, no, yes,74,42.4,4,No,GA,0.06,No,Low
 376-4540, yes, no,105,38.83,0,No,NV,0.04,No,Low
 361-5936, no, no,157,28.66,3,No,VT,0.03,No,Low
 421-9846, no, no,217,21.03,0,No,DC,0.04,No,Low
 356-1582, no, no,68,30.38,1,No,TN,0.01,No,Low
 375-4900, no, no,80,19.24,1,No,OR,0.0,No,Low
 420-8953, no, yes,38,24.21,2,No,MS,0.02,No,Low
 376-4035, no, yes,107,34.71,0,No,NC,0.0,No,Low
 344-5206, no, no,140,25.45,3,No,CO,0.0,No,Low
 328-7833, no, no,98,38.61,5,Yes,AR,0.71,Yes,High
 417-4266, no, no,114,26.4,2,No,PA,0.0,No,Low
 351-6574, no, no,46,26.59,1,No,MN,0.0,No,Low
 372-8925, no, yes,118,25.28,0,No,NM,0.02,No,Low
 340-5678, no, no,37,46.19,3,No,UT,0.13,No,Low
 361-6814, no, no,34,32.93,0,No,NE,0.0,No,Low
 336-7155, yes, yes,98,41.74,1,No,MS,0.14,No,Low
 342-8167, no, no,113,41.7,3,Yes,NV,0.87,Yes,Critical
 375-9180, no, no,69,33.34,0,No,OR,0.04,No,Low
 357-7064, no, no,121,22.8,2,No,VA,0.05,No,Low
 347-5354, yes, yes,59,38.25,1,No,NJ,0.23,No,Low
 362-9391, no, no,59,32.25,0,No,WV,0.0,No,Low
 386-8984, no, no,190,24.29,0,No,OR,0.04,No,Low
 384-6372, no, no,109,29.85,1,No,KY,0.0,No,Low
 358-1329, no, no,136,15.71,2,No,MO,0.01,No,Low
 400-7987, no, no,86,15.78,1,No,TX,0.0,No,Low
 327-8732, no, yes,100,37.69,0,No,MN,0.0,No,Low
 389-6955, no, no,106,27.13,0,No,FL,0.05,No,Low
 396-1800, no, no,104,24.57,2,No,PA,0.03,No,Low
 349-4979, no, no,129,27.05,2,No,WV,0.0,No,Low
 361-5864, no, no,205,8.48,2,No,IN,0.03,No,Low
 418-4658, no, yes,93,19.87,0,No,OK,0.0,No,Low
 330-6208, no, no,123,25.5,3,No,NE,0.04,No,Low
 416-6628, no, no,99,43.25,1,No,DE,0.08,No,Low
 349-5617, no, yes,61,46.02,3,No,MI,0.09,No,Low
 397-8051, no, no,71,35.19,1,No,IL,0.03,No,Low
 413-6346, yes, no,4,24.7,0,No,UT,0.23,No,Low
 395-9270, no, yes,148,39.22,3,No,IL,0.03,No,Low
 401-7575, no, no,141,25.76,1,No,WA,0.13,No,Low
 332-5964, no, no,56,24.84,0,No,NM,0.0,No,Low
 348-3338, no, no,160,43.52,3,No,MD,0.07,No,Low
 387-5411, no, yes,43,34.03,3,No,VA,0.04,No,Low
 378-7872, no, no,42,25.62,2,No,MT,0.03,No,Low
 389-6037, yes, no,135,31.62,1,No,CT,0.06,No,Low
 349-3732, no, no,106,36.19,3,No,AL,0.02,No,Low
 347-9738, no, no,106,33.12,0,No,WV,0.0,No,Low
 380-6074, no, yes,83,46.33,3,No,MO,0.02,No,Low
 338-4307, no, no,110,22.97,1,No,ND,0.0,No,Low
 339-3636, no, no,153,26.28,1,No,AR,0.02,No,Low
 328-9315, no, yes,109,39.19,5,No,GA,0.08,No,Low
 402-3634, no, no,31,28.12,1,No,FL,0.0,No,Low
 348-4316, no, no,124,24.36,4,Yes,LA,0.85,Yes,Critical
 375-3826, no, no,110,46.09,2,Yes,UT,0.97,Yes,Critical
 360-1406, no, no,124,43.1,0,No,AZ,0.07,No,Low
 356-5475, no, no,82,28.41,6,Yes,NY,0.58,Yes,High
 363-9969, no, no,122,28.61,1,No,KY,0.0,No,Low
 350-4367, no, no,137,17.8,1,No,AL,0.01,No,Low
 348-1592, no, no,69,23.02,1,No,IN,0.03,No,Low
 368-9751, no, yes,46,32.54,1,No,IN,0.02,No,Low
 380-6413, no, no,103,26.98,1,No,FL,0.0,No,Low
 367-9259, no, no,16,24.62,2,No,NM,0.02,No,Low
 404-8765, no, no,119,16.8,3,No,AL,0.0,No,Low
 371-6284, yes, no,124,26.83,3,Yes,MN,0.75,Yes,Critical
 403-9468, no, yes,122,27.71,1,No,NY,0.02,No,Low
 335-3133, no, no,139,30.87,4,No,MD,0.15,No,Low
 366-4426, no, no,67,21.93,2,No,KS,0.0,No,Low
 354-4752, no, no,84,14.62,1,No,WV,0.01,No,Low
 406-4768, no, yes,101,32.96,0,No,ID,0.0,No,Low
 367-9257, no, no,40,18.6,0,No,LA,0.05,No,Low
 342-8348, no, no,61,32.11,2,No,MI,0.03,No,Low
 410-7611, yes, no,120,30.58,1,Yes,TN,0.98,Yes,Critical
 341-3270, no, no,95,31.18,1,No,CA,0.04,No,Low
 416-7452, no, no,98,48.98,0,No,FL,0.14,No,Low
 356-8982, no, no,114,28.76,2,No,LA,0.05,No,Low
 340-6908, yes, yes,68,33.24,1,Yes,IL,0.97,Yes,Critical
 348-6659, no, yes,149,44.95,2,No,AL,0.03,No,Low
 345-2401, no, no,22,35.31,0,No,CT,0.02,No,Low
 422-5264, no, no,176,28.82,0,No,PA,0.03,No,Low
 422-1799, no, no,152,24.06,2,No,TX,0.0,No,Low
 404-2877, no, no,118,26.32,0,No,VA,0.02,No,Low
 417-7913, yes, no,101,22.7,1,No,MO,0.15,No,Low
 399-2457, no, no,102,46.44,2,Yes,MT,0.96,Yes,Critical
 419-3427, no, no,118,38.18,2,No,ND,0.02,No,Low
 358-2490, no, no,105,46.55,2,Yes,FL,0.87,Yes,Critical
 349-3112, no, no,153,27.12,1,Yes,WI,0.69,Yes,High
 414-5422, no, no,71,17.68,0,No,KY,0.02,No,Low
 386-3766, no, yes,71,19.62,1,No,MD,0.0,No,Low
 386-9724, no, no,68,37.76,2,No,IN,0.01,No,Low
 416-7393, no, no,66,19.79,3,No,MA,0.02,No,Low
 395-1380, no, no,101,37.01,3,No,ND,0.05,No,Low
 408-4911, no, no,116,22.0,0,No,VT,0.01,No,Low
 387-4064, no, yes,54,27.51,0,No,CT,0.02,No,Low
 380-5667, no, yes,112,33.8,1,No,VA,0.01,No,Low
 402-8930, no, yes,122,25.13,1,No,MS,0.05,No,Low
 336-6533, no, no,74,44.59,3,No,AK,0.31,No,Medium
 359-9992, no, no,90,41.89,1,No,WY,0.01,No,Low
 391-1737, no, no,112,29.63,4,Yes,NY,0.79,Yes,Critical
 404-2871, no, no,85,31.18,4,No,NC,0.27,No,Low
 420-6121, no, no,100,32.62,1,No,IL,0.04,No,Low
 369-4012, no, no,114,31.93,2,No,OH,0.01,No,Low
 357-2294, no, no,83,44.15,0,No,RI,0.06,No,Low
 348-9938, yes, no,157,30.67,0,No,WY,0.02,No,Low
 394-3023, no, no,51,8.81,2,No,OR,0.02,No,Low
 352-5466, no, no,42,51.66,1,Yes,NV,0.95,Yes,Critical
 364-5510, no, yes,101,21.03,1,Yes,ND,0.64,Yes,High
 396-6462, no, no,112,35.05,3,No,OR,0.02,No,Low
 384-5335, no, no,56,27.93,2,No,ND,0.01,No,Low
 416-6886, no, no,53,38.86,9,Yes,NJ,0.77,Yes,Critical
 357-2748, no, yes,64,34.07,1,No,WV,0.0,No,Low
 386-7976, no, no,123,26.23,0,No,VA,0.01,No,Low
 403-9199, no, yes,68,20.89,2,No,ID,0.0,No,Low
 361-1900, yes, no,40,37.54,0,No,CT,0.14,No,Low
 405-3848, no, no,132,36.48,0,No,NM,0.15,No,Low
 344-1136, yes, no,120,34.34,2,Yes,CT,0.91,Yes,Critical
 378-6276, no, yes,108,35.62,6,Yes,MI,0.34,No,Medium
 343-2592, no, no,161,50.64,1,Yes,SC,0.98,Yes,Critical
 396-4410, no, no,130,36.18,0,Yes,SC,0.61,Yes,High
 397-3943, no, no,122,24.75,0,No,NY,0.09,No,Low
 347-3821, no, yes,130,25.99,2,No,MT,0.0,No,Low
 400-8069, no, no,90,21.32,1,No,WY,0.06,No,Low
 346-5349, no, yes,139,23.51,0,No,NE,0.02,No,Low
 345-5089, no, no,57,32.18,3,No,IN,0.03,No,Low
 410-4613, no, no,128,33.88,4,No,CO,0.04,No,Low
 356-4706, yes, no,127,42.08,2,No,WY,0.09,No,Low
 347-3406, no, no,107,50.13,1,Yes,MD,0.9,Yes,Critical
 333-9133, no, no,177,29.82,1,No,OK,0.0,No,Low
 392-2459, no, no,121,30.5,1,No,SD,0.05,No,Low
 401-3685, yes, yes,99,21.56,0,No,SC,0.05,No,Low
 352-7752, yes, no,126,40.75,1,Yes,NY,0.98,Yes,Critical
 388-9285, no, yes,77,24.31,5,Yes,NY,0.51,Yes,Medium
 332-5582, no, no,21,15.62,2,No,WV,0.01,No,Low
 376-2550, no, no,56,35.77,1,No,WA,0.02,No,Low
 333-4594, no, yes,92,34.22,1,Yes,ID,0.59,Yes,High
 375-2522, no, no,81,24.75,2,No,MN,0.04,No,Low
 388-2240, yes, yes,139,34.6,1,Yes,TX,0.91,Yes,Critical
 420-1782, no, no,68,39.51,1,No,AZ,0.0,No,Low
 384-8890, no, yes,183,14.71,2,No,DE,0.09,No,Low
 371-4788, no, no,90,18.68,0,No,CO,0.01,No,Low
 360-5636, no, no,165,26.52,1,No,WI,0.03,No,Low
 373-4264, no, no,89,55.47,1,Yes,WI,0.88,Yes,Critical
 352-9836, no, no,59,33.15,0,No,NJ,0.05,No,Low
 342-2013, yes, no,16,18.7,0,No,IL,0.07,No,Low
 354-5689, no, no,114,25.01,5,Yes,DC,0.69,Yes,High
 335-8427, no, no,113,26.52,2,No,IA,0.04,No,Low
 409-6753, no, no,120,16.69,2,No,GA,0.0,No,Low
 349-1756, no, no,115,35.8,0,No,AK,0.02,No,Low
 328-8980, no, no,37,40.78,2,Yes,CA,0.79,Yes,Critical
 399-2151, yes, no,100,27.18,2,Yes,MN,0.93,Yes,Critical
 379-9524, no, no,132,33.63,4,Yes,CO,0.23,No,Low
 352-9947, no, yes,38,19.62,2,No,KY,0.01,No,Low
 336-1043, no, no,1,21.05,0,No,SC,0.13,No,Low
 416-7013, no, yes,97,19.99,1,No,MT,0.01,No,Low
 345-4551, no, yes,55,17.9,2,No,KY,0.01,No,Low
 405-9864, no, no,75,18.99,1,No,WV,0.02,No,Low
 350-4297, no, no,83,27.08,2,No,ID,0.0,No,Low
 350-7114, no, no,40,13.89,6,Yes,MN,0.93,Yes,Critical
 400-4244, no, yes,101,40.46,2,No,MA,0.01,No,Low
 417-2608, no, yes,120,21.78,0,No,MD,0.0,No,Low
 372-2990, no, yes,183,29.1,1,No,SD,0.02,No,Low
 353-9998, no, no,75,18.53,4,Yes,PA,0.8,Yes,Critical
 330-3008, no, no,80,37.4,2,No,KY,0.0,No,Low
 384-8629, no, no,88,9.45,0,No,ID,0.03,No,Low
 404-9504, no, yes,112,48.72,1,No,NY,0.01,No,Low
 405-8753, no, no,63,35.29,1,No,NM,0.02,No,Low
 409-9911, no, yes,105,18.63,4,Yes,CA,0.38,No,Medium
 394-4260, no, no,92,33.52,2,No,ID,0.0,No,Low
 380-9063, no, no,177,29.87,1,No,WY,0.01,No,Low
 395-4509, no, no,118,34.88,0,No,NM,0.0,No,Low
 401-6671, no, yes,111,32.83,1,No,HI,0.0,No,Low
 405-7204, no, yes,82,39.54,3,No,ID,0.01,No,Low
 329-5377, no, no,74,17.46,0,No,NC,0.0,No,Low
 408-9572, no, yes,121,44.73,5,No,TX,0.13,No,Low
 380-9879, no, no,131,33.49,1,No,GA,0.0,No,Low
 384-9243, no, no,125,28.78,2,No,AL,0.0,No,Low
 404-5597, no, no,19,34.26,1,No,ME,0.01,No,Low
 359-7521, no, no,138,42.67,3,No,VA,0.04,No,Low
 327-4795, no, no,119,39.17,3,No,ID,0.03,No,Low
 338-7955, no, no,137,18.67,1,No,NY,0.01,No,Low
 379-6970, no, no,182,47.52,2,Yes,NC,0.93,Yes,Critical
 351-7807, no, no,135,29.48,1,No,OH,0.02,No,Low
 342-9394, no, yes,134,36.45,1,No,HI,0.01,No,Low
 384-6264, no, no,45,16.34,1,No,DC,0.02,No,Low
 352-4534, no, no,129,17.24,1,No,TN,0.0,No,Low
 378-4617, no, no,142,39.53,4,No,VT,0.03,No,Low
 364-9567, no, yes,130,29.67,1,No,MD,0.01,No,Low
 371-5875, no, yes,163,38.08,1,No,LA,0.07,No,Low
 383-6489, no, no,105,35.89,4,No,HI,0.07,No,Low
 345-7117, no, no,119,18.56,2,No,FL,0.01,No,Low
 384-3902, no, no,78,37.4,0,No,WY,0.0,No,Low
 386-2759, no, no,92,30.84,2,No,NE,0.0,No,Low
 356-1270, no, yes,146,30.72,2,No,WY,0.0,No,Low
 379-1336, no, yes,125,16.41,1,No,OR,0.01,No,Low
 354-7201, no, no,88,31.2,3,No,IN,0.0,No,Low
 404-5057, no, yes,83,18.34,0,No,MD,0.01,No,Low
 407-8012, yes, no,3,27.37,1,No,TN,0.08,No,Low
 332-6139, yes, yes,152,24.96,1,Yes,WV,0.82,Yes,Critical
 328-1373, no, no,48,25.36,3,No,WA,0.04,No,Low
 411-6501, no, no,189,38.73,3,No,MS,0.03,No,Low
 329-8056, no, yes,95,27.25,0,No,OH,0.01,No,Low
 415-4564, no, no,129,23.43,1,Yes,IN,0.63,Yes,High
 329-6192, no, yes,66,24.09,0,No,CO,0.0,No,Low
 384-3904, no, yes,80,33.39,0,No,TX,0.01,No,Low
 373-1028, no, no,1,29.78,1,No,AK,0.06,No,Low
 369-1220, no, no,84,24.96,1,No,WV,0.0,No,Low
 359-9369, no, no,96,29.56,1,No,MA,0.01,No,Low
 415-3016, no, yes,123,51.88,1,No,TN,0.03,No,Low
 414-7090, yes, yes,116,27.59,3,Yes,ID,0.62,Yes,High
 350-2250, yes, no,105,25.5,3,No,DE,0.07,No,Low
 383-9355, no, no,80,33.58,1,No,VA,0.0,No,Low
 417-3257, no, no,157,40.83,2,No,MT,0.05,No,Low
 336-8010, no, yes,67,31.65,2,No,ID,0.01,No,Low
 354-7718, no, yes,141,19.87,0,No,IN,0.04,No,Low
 358-4412, no, yes,79,40.24,1,No,MD,0.02,No,Low
 368-8972, no, no,76,29.44,0,No,MS,0.03,No,Low
 407-9841, no, no,111,25.87,0,No,WA,0.04,No,Low
 393-5208, no, no,94,30.82,0,No,OH,0.04,No,Low
 332-2889, no, no,143,28.53,4,Yes,RI,0.74,Yes,High
 374-5530, no, no,109,29.82,1,No,AR,0.05,No,Low
 332-3381, no, no,138,14.89,2,No,AZ,0.0,No,Low
 344-9347, no, no,73,34.56,0,No,SC,0.05,No,Low
 412-1991, no, no,21,15.74,5,Yes,KY,0.89,Yes,Critical
 393-4528, no, yes,148,44.69,1,No,AL,0.04,No,Low
 347-2378, no, no,103,27.34,1,No,NE,0.02,No,Low
 385-2699, no, yes,143,24.11,1,No,MT,0.03,No,Low
 383-4319, no, yes,79,8.6,2,No,MN,0.0,No,Low
 352-7915, no, no,89,22.93,1,No,NV,0.01,No,Low
 375-5547, no, no,120,42.86,1,No,CA,0.35,No,Medium
 337-2348, no, yes,121,36.64,1,No,UT,0.01,No,Low
 342-8702, no, no,101,21.22,0,No,IL,0.02,No,Low
 393-5802, no, no,115,30.38,2,No,DC,0.04,No,Low
 384-2219, no, no,168,31.14,2,No,IN,0.04,No,Low
 347-6164, no, no,90,28.48,1,No,NM,0.01,No,Low
 376-9940, no, no,70,25.01,3,No,MS,0.03,No,Low
 354-4352, no, no,138,39.12,1,No,VT,0.03,No,Low
 331-8713, no, no,43,23.09,0,No,VT,0.01,No,Low
 341-3663, no, yes,117,34.97,2,No,UT,0.02,No,Low
 376-4665, no, no,108,12.55,2,No,KY,0.01,No,Low
 421-9034, no, no,118,32.18,2,No,VA,0.02,No,Low
 401-5169, no, no,169,25.02,3,No,OH,0.02,No,Low
 370-8262, no, yes,62,23.34,0,No,AZ,0.01,No,Low
 387-2041, no, no,86,12.02,2,No,NY,0.04,No,Low
 356-4146, no, no,44,34.78,0,No,VA,0.01,No,Low
 372-8883, no, no,111,20.93,5,Yes,MD,0.93,Yes,Critical
 336-1880, no, yes,127,22.05,2,No,MA,0.01,No,Low
 347-5843, yes, no,151,33.78,0,No,IL,0.09,No,Low
 370-8023, no, no,53,24.67,2,No,LA,0.01,No,Low
 417-9814, no, no,15,22.98,2,No,MO,0.0,No,Low
 387-3422, no, yes,123,21.2,1,No,DC,0.0,No,Low
 365-1664, no, no,137,36.7,1,No,PA,0.0,No,Low
 367-2436, no, no,106,20.26,2,No,TN,0.06,No,Low
 344-6258, no, no,88,24.53,3,No,NJ,0.01,No,Low
 353-8928, no, no,106,39.98,1,No,VA,0.02,No,Low
 365-7784, no, no,95,29.58,0,No,TN,0.02,No,Low
 330-2635, yes, no,57,19.55,0,Yes,NJ,0.85,Yes,Critical
 344-3131, no, no,184,25.79,2,No,WA,0.01,No,Low
 378-4294, no, no,109,26.03,3,No,AR,0.01,No,Low
 343-9365, no, no,127,37.16,2,No,WI,0.04,No,Low
 362-5579, no, no,82,45.08,2,No,WA,0.13,No,Low
 366-7616, no, no,180,24.36,1,No,RI,0.01,No,Low
 397-2870, no, no,174,32.35,2,No,ME,0.0,No,Low
 408-3262, no, no,92,31.4,2,Yes,CO,0.66,Yes,High
 372-9091, no, no,81,19.6,1,No,CO,0.01,No,Low
 410-3159, no, no,125,19.21,2,Yes,RI,0.59,Yes,High
 344-5181, no, no,119,50.01,0,Yes,CT,0.86,Yes,Critical
 396-8662, no, no,122,36.65,3,No,NC,0.0,No,Low
 339-6446, no, no,34,21.9,1,No,WY,0.01,No,Low
 384-7236, yes, yes,138,35.9,3,Yes,OR,0.86,Yes,Critical
 353-5257, no, yes,90,12.1,1,No,FL,0.02,No,Low
 369-7295, no, no,73,16.13,2,No,KY,0.04,No,Low
 408-5322, no, no,19,44.1,1,Yes,SC,0.86,Yes,Critical
 344-9620, no, yes,120,36.69,1,No,WA,0.01,No,Low
 329-8436, no, no,160,16.58,3,No,MT,0.05,No,Low
 414-6739, no, no,141,24.91,0,No,PA,0.02,No,Low
 406-1730, no, no,90,26.84,2,No,MA,0.0,No,Low
 336-9327, no, no,72,23.78,2,No,VT,0.0,No,Low
 378-7418, no, yes,117,26.04,1,No,MN,0.0,No,Low
 412-6019, yes, no,79,17.6,2,No,IL,0.07,No,Low
 390-4789, no, no,87,31.59,1,No,AR,0.01,No,Low
 386-9774, no, no,102,22.02,1,No,MD,0.11,No,Low
 353-8970, no, no,49,40.22,1,No,MT,0.07,No,Low
 410-5370, no, no,67,44.27,6,No,VT,0.29,No,Low
 404-4421, no, no,107,28.44,2,No,CO,0.02,No,Low
 409-3353, no, no,190,30.97,2,No,NC,0.03,No,Low
 422-2571, no, no,118,19.21,2,No,WA,0.03,No,Low
 412-3404, no, no,120,31.57,0,No,TN,0.07,No,Low
 333-2964, no, no,94,23.15,0,No,AR,0.02,No,Low
 406-6669, no, yes,115,37.84,1,No,DC,0.01,No,Low
 409-8802, no, no,61,33.54,1,No,MN,0.0,No,Low
 354-6183, no, yes,143,24.04,1,No,IA,0.04,No,Low
 354-2434, no, no,110,35.36,1,No,KS,0.01,No,Low
 389-7620, no, no,104,20.15,1,No,ND,0.04,No,Low
 338-1724, no, no,16,26.04,1,No,MT,0.01,No,Low
 399-1750, no, no,183,18.41,0,No,IL,0.01,No,Low
 354-8914, no, no,147,28.66,2,No,DC,0.01,No,Low
 409-2983, no, no,58,42.02,2,Yes,KY,0.79,Yes,Critical
 329-9689, yes, no,102,38.11,3,No,MS,0.05,No,Low
 337-8950, no, no,123,28.37,3,No,TN,0.07,No,Low
 374-1836, no, yes,64,20.13,1,No,IA,0.01,No,Low
 359-9454, no, no,103,32.45,2,No,AK,0.0,No,Low
 378-9542, no, no,152,54.03,1,Yes,MN,0.8,Yes,Critical
 344-1970, no, no,124,53.04,1,Yes,WV,0.92,Yes,Critical
 417-2774, no, no,97,24.82,1,No,OR,0.02,No,Low
 333-9002, no, no,131,22.37,1,Yes,MS,0.66,Yes,High
 369-8576, no, yes,57,32.88,2,No,ME,0.0,No,Low
 372-6920, no, no,157,31.47,2,No,MN,0.0,No,Low
 333-6575, no, no,194,32.86,0,No,GA,0.05,No,Low
 410-1190, no, no,66,24.89,1,No,DC,0.01,No,Low
 376-1641, no, no,155,12.1,0,No,GA,0.01,No,Low
 329-6731, no, no,123,20.94,4,Yes,NY,0.91,Yes,Critical
 393-3976, no, no,116,34.85,2,No,OK,0.02,No,Low
 388-7355, no, no,63,21.88,1,No,OK,0.05,No,Low
 412-7791, no, no,64,36.87,3,No,GA,0.0,No,Low
 368-6111, no, no,96,25.5,3,No,NJ,0.0,No,Low
 401-9420, no, no,53,27.9,1,No,MN,0.03,No,Low
 352-5750, no, no,105,36.04,3,No,ME,0.01,No,Low
 417-3702, no, yes,53,28.44,2,No,MI,0.01,No,Low
 353-5714, no, no,101,26.25,1,No,MT,0.05,No,Low
 409-9494, no, yes,129,30.14,3,No,NE,0.01,No,Low
 395-1901, no, no,122,39.3,1,Yes,ND,0.79,Yes,Critical
 378-8342, no, no,163,34.49,5,No,VA,0.03,No,Low
 417-6044, no, no,93,25.43,0,No,VT,0.0,No,Low
 348-1163, yes, no,115,58.7,1,Yes,OH,0.92,Yes,Critical
 337-4600, no, no,25,45.03,1,Yes,AL,0.82,Yes,Critical
 355-5922, no, no,73,20.74,1,No,DC,0.03,No,Low
 369-5810, no, no,120,30.12,2,No,ND,0.05,No,Low
 340-8291, no, no,196,22.63,1,No,TN,0.01,No,Low
 354-7397, no, no,97,38.27,0,Yes,DE,0.52,Yes,Medium
 407-7464, no, no,148,35.43,1,No,NY,0.06,No,Low
 386-6411, no, yes,85,29.43,1,No,AL,0.0,No,Low
 397-3746, yes, no,86,27.61,2,Yes,OK,0.91,Yes,Critical
 410-5236, no, yes,78,47.8,2,No,MS,0.08,No,Low
 409-2412, no, no,106,35.41,3,No,MD,0.01,No,Low
 400-7280, no, yes,147,41.38,2,No,NE,0.08,No,Low
 332-5820, no, no,145,38.11,1,Yes,AR,0.77,Yes,Critical
 373-4483, no, no,91,32.18,3,No,IL,0.02,No,Low
 347-6717, no, yes,81,28.61,4,No,IN,0.07,No,Low
 380-2929, no, yes,116,39.59,1,No,UT,0.04,No,Low
 420-7692, no, yes,69,26.35,1,No,LA,0.02,No,Low
 380-6437, no, no,135,26.25,0,No,ID,0.03,No,Low
 377-8309, no, no,73,39.9,2,No,KY,0.03,No,Low
 407-2718, no, no,48,40.8,1,No,MI,0.04,No,Low
 357-1938, yes, no,125,50.73,0,Yes,NH,0.69,Yes,High
 381-3735, no, no,100,28.22,1,No,WV,0.0,No,Low
 409-8453, no, yes,165,18.97,0,No,OR,0.03,No,Low
 395-6758, no, no,64,29.67,2,No,SD,0.0,No,Low
 399-5424, yes, yes,116,29.84,1,No,MD,0.04,No,Low
 409-4671, yes, yes,147,26.78,3,Yes,ND,0.38,No,Medium
 374-6525, no, no,115,35.05,1,No,TN,0.03,No,Low
 406-8665, no, yes,84,35.28,4,No,MO,0.09,No,Low
 342-7716, no, yes,86,24.62,4,No,IL,0.31,No,Medium
 417-2221, no, no,134,44.0,2,No,UT,0.01,No,Low
 376-5213, no, no,105,38.57,0,Yes,MI,0.54,Yes,Medium
 348-7448, no, no,88,25.99,2,No,AR,0.01,No,Low
 328-8179, no, yes,90,26.64,2,No,TX,0.01,No,Low
 389-4602, no, no,86,25.64,1,No,AK,0.01,No,Low
 413-2238, no, no,37,37.57,4,No,TN,0.08,No,Low
 402-3370, no, yes,141,54.81,1,Yes,NH,0.08,No,Low
 348-6008, no, no,148,26.11,2,No,NM,0.03,No,Low
 371-5655, no, yes,163,36.57,2,No,MN,0.0,No,Low
 374-5224, no, yes,89,29.65,1,No,IA,0.0,No,Low
 371-1187, no, no,63,30.69,0,No,RI,0.03,No,Low
 337-1100, no, no,102,20.93,2,No,AL,0.01,No,Low
 421-8141, no, no,76,28.17,1,No,NC,0.0,No,Low
 406-2678, no, no,104,34.03,2,No,SD,0.02,No,Low
 415-9649, no, no,109,26.32,3,No,MT,0.04,No,Low
 364-8128, no, no,105,21.32,2,No,HI,0.0,No,Low
 356-7817, no, yes,63,31.31,1,No,MT,0.0,No,Low
 404-6357, no, yes,105,46.7,3,No,KY,0.02,No,Low
 398-2138, yes, yes,68,24.14,1,No,DC,0.03,No,Low
 378-8029, yes, yes,63,25.76,1,No,CO,0.03,No,Low
 386-4215, no, no,74,21.22,3,No,MI,0.02,No,Low
 367-8156, no, no,76,30.46,0,No,AL,0.01,No,Low
 382-8079, yes, no,91,41.89,2,Yes,KS,0.7,Yes,High
 354-2985, no, no,101,39.56,5,No,NC,0.07,No,Low
 373-6922, no, no,116,48.96,0,Yes,SC,0.98,Yes,Critical
 397-7125, no, yes,131,29.04,1,No,CO,0.03,No,Low
 333-6296, no, no,84,36.74,1,No,MN,0.02,No,Low
 365-6022, no, no,104,23.58,2,No,WY,0.02,No,Low
 365-1688, no, no,108,35.82,3,No,FL,0.02,No,Low
 382-4872, no, no,111,30.91,0,No,NY,0.01,No,Low
 367-6136, no, yes,155,10.47,1,No,OK,0.02,No,Low
 404-3592, no, no,66,35.31,1,No,ME,0.0,No,Low
 415-2949, no, no,64,37.26,1,No,NE,0.0,No,Low
 375-8880, no, no,69,38.59,2,No,OH,0.11,No,Low
 335-6832, no, no,116,41.8,3,No,CT,0.09,No,Low
 361-8367, no, no,101,43.74,0,No,DC,0.07,No,Low
 408-2002, no, no,15,20.59,2,No,OK,0.03,No,Low
 347-8659, no, no,88,51.26,4,Yes,NJ,0.84,Yes,Critical
 376-2922, no, no,197,39.76,0,No,IA,0.01,No,Low
 382-2182, yes, no,50,16.93,2,Yes,VA,0.9,Yes,Critical
 408-2089, no, no,172,28.87,2,No,VA,0.07,No,Low
 369-6890, yes, yes,188,33.8,1,Yes,NM,0.95,Yes,Critical
 347-2951, yes, no,85,19.75,3,No,FL,0.03,No,Low
 420-6324, yes, no,103,43.5,1,Yes,RI,0.78,Yes,Critical
 402-7650, no, yes,136,31.91,3,No,NJ,0.04,No,Low
 391-2702, no, yes,155,33.3,0,No,NE,0.02,No,Low
 383-3375, no, no,145,22.0,2,No,WV,0.05,No,Low
 392-2733, no, yes,116,37.57,2,No,WY,0.01,No,Low
 397-9933, no, no,152,23.89,2,No,SC,0.02,No,Low
 383-9306, yes, no,65,47.24,0,Yes,MS,0.77,Yes,Critical
 369-1929, no, no,180,38.23,3,Yes,ND,0.15,No,Low
 369-4377, no, no,67,18.55,0,No,IL,0.01,No,Low
 366-9430, no, no,60,35.33,0,No,OR,0.01,No,Low
 353-7407, no, no,138,35.0,0,No,UT,0.0,No,Low
 359-7426, no, no,44,52.46,4,Yes,IA,0.8,Yes,Critical
 332-7391, no, no,25,41.24,2,No,ME,0.29,No,Low
 405-6559, no, no,145,39.03,1,No,WY,0.01,No,Low
 338-8784, no, yes,122,28.22,2,No,WI,0.0,No,Low
 415-6347, no, no,121,24.62,0,Yes,SC,0.1,No,Low
 354-5058, yes, no,55,18.04,0,No,DC,0.07,No,Low
 342-5701, no, no,77,37.71,1,No,CT,0.05,No,Low
 378-4179, no, no,12,34.78,2,No,OR,0.03,No,Low
 407-6391, no, no,64,36.3,3,No,OR,0.01,No,Low
 404-3105, no, yes,92,25.84,2,No,NV,0.0,No,Low
 390-9735, yes, yes,125,44.34,1,Yes,MN,0.86,Yes,Critical
 350-4820, no, no,160,28.29,1,No,OK,0.04,No,Low
 383-8807, no, no,79,30.24,0,No,KS,0.02,No,Low
 366-8382, no, no,36,39.97,3,No,RI,0.05,No,Low
 402-9704, no, no,102,31.76,2,No,DC,0.09,No,Low
 405-2209, yes, no,138,45.63,1,No,IL,0.2,No,Low
 397-3939, no, no,164,32.66,3,No,UT,0.0,No,Low
 343-2689, no, no,125,40.92,0,Yes,MN,0.83,Yes,Critical
 383-9448, no, no,72,30.58,2,No,WI,0.01,No,Low
 359-6232, no, no,74,53.4,3,Yes,MI,0.98,Yes,Critical
 369-9772, no, yes,134,27.54,0,No,MI,0.02,No,Low
 381-7003, no, no,145,29.89,1,No,MA,0.01,No,Low
 352-6732, no, no,136,18.6,0,No,AL,0.02,No,Low
 388-7540, no, no,209,43.37,3,Yes,SC,0.9,Yes,Critical
 356-3333, yes, no,66,35.48,3,No,WI,0.05,No,Low
 333-9664, no, yes,152,36.48,1,No,VT,0.02,No,Low
 363-3763, no, no,162,8.36,1,No,CT,0.06,No,Low
 345-7900, no, no,72,24.02,2,No,OR,0.01,No,Low
 400-5511, no, no,101,43.04,4,No,HI,0.16,No,Low
 381-7597, no, no,125,35.02,0,No,WV,0.03,No,Low
 404-9775, no, no,46,6.87,2,No,RI,0.05,No,Low
 389-4608, no, no,132,49.5,1,Yes,MI,0.95,Yes,Critical
 403-1742, no, yes,193,12.1,0,No,ME,0.01,No,Low
 328-9797, no, no,63,44.51,0,Yes,WV,0.94,Yes,Critical
 359-9223, no, no,124,32.52,1,No,NE,0.02,No,Low
 336-7696, no, no,144,22.66,0,No,DC,0.05,No,Low
 369-2214, no, yes,116,31.21,2,No,NH,0.01,No,Low
 411-1325, no, yes,189,26.38,1,No,MD,0.01,No,Low
 410-7553, no, yes,97,48.13,1,No,NH,0.02,No,Low
 376-4284, no, yes,137,31.71,2,No,WV,0.11,No,Low
 334-2800, no, yes,142,27.76,0,No,IL,0.01,No,Low
 369-1904, no, no,84,34.58,1,No,OK,0.0,No,Low
 359-3833, no, yes,119,30.28,1,No,NH,0.01,No,Low
 348-5569, no, no,158,33.3,1,No,MI,0.02,No,Low
 342-1960, no, no,50,50.2,1,No,ND,0.13,No,Low
 352-9050, no, no,98,23.14,2,No,LA,0.0,No,Low
 390-5316, no, yes,101,19.4,2,No,HI,0.0,No,Low
 418-8568, no, no,182,47.45,2,Yes,NJ,0.93,Yes,Critical
 401-4844, no, no,51,28.78,0,No,WV,0.0,No,Low
 376-5471, no, no,117,36.45,2,No,NC,0.01,No,Low
 409-2917, yes, no,92,43.49,0,No,PA,0.05,No,Low
 369-6308, no, no,86,25.19,2,No,MI,0.06,No,Low
 357-7385, no, no,122,20.28,2,No,WY,0.01,No,Low
 405-7119, no, yes,156,32.69,1,No,NJ,0.03,No,Low
 405-3309, no, no,127,41.68,0,Yes,NJ,0.29,No,Low
 384-4938, yes, no,130,36.75,5,Yes,NC,0.87,Yes,Critical
 377-2725, no, no,158,29.31,2,No,NM,0.03,No,Low
 405-6398, yes, yes,145,29.8,1,No,MS,0.03,No,Low
 355-9366, yes, yes,90,28.73,0,Yes,TX,0.91,Yes,Critical
 403-1128, no, yes,127,0.44,3,No,OK,0.02,No,Low
 384-9682, no, no,109,31.3,1,No,ID,0.01,No,Low
 352-5393, no, no,88,30.92,1,No,AL,0.0,No,Low
 395-1229, no, yes,101,27.22,0,No,WY,0.0,No,Low
 361-9195, no, no,171,32.27,0,No,HI,0.01,No,Low
 351-6366, no, no,21,37.94,1,No,VA,0.05,No,Low
 346-4919, no, yes,145,36.72,2,No,WV,0.0,No,Low
 354-9068, no, no,90,33.75,2,No,DE,0.09,No,Low
 369-2743, no, no,33,27.12,1,No,CA,0.01,No,Low
 343-1347, no, yes,61,17.85,2,Yes,PA,0.03,No,Low
 336-5495, no, no,107,34.77,3,No,CO,0.01,No,Low
 376-4292, no, no,147,46.58,0,Yes,MD,0.88,Yes,Critical
 391-8677, no, no,117,26.98,2,No,AL,0.01,No,Low
 350-7273, no, no,95,39.08,1,No,AL,0.01,No,Low
 400-6454, no, no,186,23.43,1,No,KS,0.02,No,Low
 422-3052, no, no,128,30.5,0,No,MI,0.05,No,Low
 365-6756, no, yes,55,23.68,3,No,AK,0.03,No,Low
 406-4158, no, no,134,1.33,2,No,OH,0.03,No,Low
 383-4641, no, yes,96,31.13,1,No,IN,0.01,No,Low
 368-5165, no, no,107,35.17,0,No,SC,0.01,No,Low
 378-2432, no, no,123,23.8,2,No,KS,0.02,No,Low
 362-4159, no, no,35,30.46,2,No,OK,0.04,No,Low
 363-7979, no, no,74,30.16,0,No,WI,0.03,No,Low
 334-9818, no, no,130,19.65,1,No,IN,0.07,No,Low
 352-5787, yes, no,137,40.34,0,Yes,IL,0.96,Yes,Critical
 332-3617, no, no,88,30.86,1,No,TN,0.03,No,Low
 327-9957, no, no,80,8.76,3,No,DC,0.0,No,Low
 338-7527, no, yes,116,26.47,3,No,NC,0.0,No,Low
 348-8711, no, yes,123,41.65,2,No,RI,0.09,No,Low
 421-3226, no, no,120,22.39,1,No,MS,0.01,No,Low
 391-4358, yes, no,146,18.89,1,No,VA,0.05,No,Low
 379-2523, no, yes,106,15.05,3,No,KY,0.01,No,Low
 419-2369, no, yes,121,19.72,1,No,NV,0.01,No,Low
 382-1227, no, no,137,26.44,1,No,WI,0.03,No,Low
 409-5749, no, yes,84,18.11,2,No,NH,0.02,No,Low
 362-7951, no, yes,67,29.78,1,No,NE,0.0,No,Low
 415-3537, no, no,161,26.3,4,Yes,WI,0.89,Yes,Critical
 373-3959, no, yes,134,42.02,2,Yes,NJ,0.72,Yes,High
 358-1346, yes, yes,62,37.13,0,Yes,ME,0.91,Yes,Critical
 381-8422, no, yes,120,38.68,1,No,WY,0.01,No,Low
 360-9005, no, yes,130,31.45,0,No,IN,0.04,No,Low
 344-5967, no, no,20,31.76,2,No,WI,0.03,No,Low
 396-6390, no, no,68,27.0,1,No,VT,0.0,No,Low
 346-5036, no, no,112,35.48,0,No,CA,0.03,No,Low
 328-7252, no, no,77,31.6,3,No,IN,0.03,No,Low
 360-1745, no, no,109,37.83,2,No,SC,0.04,No,Low
 358-2046, no, no,108,34.19,3,No,IN,0.0,No,Low
 344-6935, no, yes,79,28.54,1,No,IA,0.01,No,Low
 401-9665, no, no,119,40.65,3,Yes,MD,0.71,Yes,High
 399-5291, no, no,38,29.87,5,Yes,MN,0.8,Yes,Critical
 409-6588, no, yes,109,18.9,6,Yes,AR,0.81,Yes,Critical
 358-5721, no, no,78,14.91,1,No,MS,0.01,No,Low
 414-7446, no, no,134,41.5,0,No,MN,0.15,No,Low
 329-9517, no, yes,47,28.05,2,No,WA,0.0,No,Low
 415-9553, no, yes,59,21.66,0,No,MS,0.01,No,Low
 413-3177, no, no,151,33.12,0,No,ID,0.01,No,Low
 347-5113, no, no,129,9.3,1,No,NC,0.0,No,Low
 330-2662, no, yes,107,48.18,2,No,VA,0.2,No,Low
 330-5824, yes, no,137,43.86,0,Yes,MT,0.82,Yes,Critical
 411-1261, no, no,76,15.39,1,No,MI,0.01,No,Low
 329-8788, no, no,24,40.05,0,No,HI,0.04,No,Low
 333-7869, no, no,169,24.23,2,No,NC,0.01,No,Low
 399-4800, no, no,30,9.18,1,No,MN,0.02,No,Low
 402-2072, no, no,70,36.52,3,No,WV,0.01,No,Low
 403-6187, yes, no,52,42.74,0,Yes,SD,0.89,Yes,Critical
 355-2872, no, no,3,23.63,4,No,HI,0.19,No,Low
 386-2970, no, no,38,19.94,2,No,MS,0.01,No,Low
 389-6081, no, no,104,44.88,3,No,NY,0.03,No,Low
 348-7556, no, no,27,14.04,1,No,LA,0.0,No,Low
 334-9163, yes, yes,166,29.89,1,No,KS,0.14,No,Low
 411-4293, no, no,13,37.47,2,No,MA,0.05,No,Low
 375-5562, no, no,52,36.89,2,No,AK,0.0,No,Low
 386-3823, no, yes,114,21.93,1,No,SD,0.02,No,Low
 364-6445, no, no,156,25.59,1,No,CO,0.01,No,Low
 383-2251, no, yes,90,32.86,0,No,NH,0.04,No,Low
 351-3169, no, no,62,32.22,2,No,WV,0.0,No,Low
 413-6380, no, yes,82,23.43,2,No,AZ,0.0,No,Low
 380-9674, no, no,52,21.98,3,No,ME,0.03,No,Low
 345-2319, no, no,146,19.65,1,No,NH,0.0,No,Low
 377-5441, no, yes,120,37.72,2,No,RI,0.0,No,Low
 358-3692, no, no,130,44.83,1,Yes,ID,0.83,Yes,Critical
 400-5831, no, no,90,10.42,1,No,WI,0.04,No,Low
 357-5995, yes, no,147,31.25,1,No,NM,0.06,No,Low
 391-2159, no, no,159,28.46,0,Yes,WY,0.62,Yes,High
 398-5954, no, yes,74,26.2,4,No,IL,0.09,No,Low
 385-6175, no, no,130,42.84,0,No,TX,0.07,No,Low
 334-2961, yes, no,155,27.73,0,No,RI,0.1,No,Low
 405-4303, no, no,87,33.71,2,No,MI,0.04,No,Low
 406-4100, no, no,81,55.2,0,Yes,OR,0.9,Yes,Critical
 352-4401, no, no,99,21.81,2,No,VA,0.01,No,Low
 347-1473, no, no,131,31.94,2,No,SD,0.01,No,Low
 347-2016, no, no,89,21.96,5,Yes,AL,0.93,Yes,Critical
 388-8948, yes, no,123,21.34,4,Yes,MS,0.82,Yes,Critical
 402-5509, no, yes,130,43.72,1,No,MS,0.03,No,Low
 367-2598, no, no,99,21.18,1,No,HI,0.0,No,Low
 370-5001, no, no,36,29.77,1,No,WV,0.01,No,Low
 332-3693, no, no,87,21.13,3,No,WV,0.03,No,Low
 403-9766, no, no,139,46.17,2,No,WV,0.1,No,Low
 363-2407, no, no,189,37.38,1,No,IN,0.02,No,Low
 395-9214, no, yes,96,31.16,3,No,NM,0.04,No,Low
 351-8894, no, no,112,17.19,2,No,DE,0.01,No,Low
 406-5003, no, no,75,34.56,1,No,NC,0.01,No,Low
 398-1332, no, yes,178,29.82,2,No,NM,0.12,No,Low
 363-8033, no, no,112,45.22,2,Yes,SC,0.87,Yes,Critical
 333-1012, no, yes,108,29.17,0,No,NJ,0.05,No,Low
 391-6260, no, no,100,13.38,0,No,AZ,0.04,No,Low
 336-1353, no, yes,121,36.02,0,No,RI,0.01,No,Low
 365-5629, no, no,116,10.83,1,No,SD,0.0,No,Low
 349-4397, no, no,161,29.48,1,No,NH,0.02,No,Low
 380-3910, yes, no,19,40.41,0,No,AL,0.04,No,Low
 354-7820, no, no,104,38.4,1,No,WV,0.03,No,Low
 338-9952, yes, yes,119,29.41,0,No,ID,0.01,No,Low
 405-1821, no, no,125,38.23,0,No,MD,0.0,No,Low
 329-8669, no, no,156,40.41,1,No,IN,0.04,No,Low
 328-8808, no, no,109,23.29,2,No,WY,0.02,No,Low
 409-3018, no, no,95,24.23,2,No,NH,0.03,No,Low
 421-5994, no, no,90,24.21,1,No,MN,0.01,No,Low
 354-4448, no, yes,105,24.99,2,No,MA,0.01,No,Low
 352-5081, no, no,101,37.45,1,No,NH,0.02,No,Low
 401-7803, no, no,95,25.36,1,No,MN,0.02,No,Low
 420-6052, no, no,123,34.75,0,No,IA,0.01,No,Low
 352-6084, no, no,160,36.86,1,No,NY,0.02,No,Low
 388-8583, no, yes,141,52.36,1,No,AL,0.03,No,Low
 415-3158, no, no,87,9.86,0,No,WV,0.03,No,Low
 402-9304, no, no,81,29.44,2,No,NM,0.03,No,Low
 341-1916, no, yes,75,35.75,4,No,CA,0.12,No,Low
 381-2745, no, yes,126,10.01,0,No,MA,0.06,No,Low
 402-5014, no, no,28,40.26,3,No,ME,0.05,No,Low
 399-8846, no, no,153,38.91,0,No,FL,0.01,No,Low
 328-9267, no, yes,97,15.3,2,Yes,NH,0.64,Yes,High
 348-7224, no, no,115,24.94,2,No,IN,0.01,No,Low
 336-2190, no, no,95,40.34,1,No,WI,0.01,No,Low
 376-4705, yes, no,17,27.68,0,Yes,MA,0.95,Yes,Critical
 381-4076, no, yes,105,31.77,1,No,NH,0.01,No,Low
 348-8464, no, no,121,14.64,2,No,TX,0.02,No,Low
 412-7020, no, no,125,36.09,2,No,NC,0.0,No,Low
 386-8432, no, no,124,25.67,2,No,CT,0.01,No,Low
 337-1802, no, no,35,26.96,2,No,NJ,0.04,No,Low
 366-1084, no, no,134,50.32,0,Yes,WY,0.91,Yes,Critical
 352-4182, no, yes,123,36.09,3,No,LA,0.03,No,Low
 368-5628, no, no,124,39.85,3,No,NV,0.04,No,Low
 333-8996, no, no,133,30.06,2,No,WV,0.01,No,Low
 353-2557, no, yes,185,26.74,0,No,AR,0.01,No,Low
 356-8621, no, yes,1,24.92,1,No,SC,0.03,No,Low
 354-6942, no, no,107,44.29,1,No,KS,0.01,No,Low
 377-9829, no, yes,91,24.84,1,No,NY,0.05,No,Low
 348-4660, yes, no,178,21.17,2,Yes,MI,0.84,Yes,Critical
 410-5199, no, no,123,35.6,1,No,MA,0.03,No,Low
 397-6542, no, no,170,48.57,1,Yes,UT,0.9,Yes,Critical
 333-4492, no, no,135,32.45,1,No,HI,0.03,No,Low
 405-9573, no, no,85,24.55,1,No,PA,0.01,No,Low
 359-7255, no, yes,134,35.5,2,No,OR,0.06,No,Low
 419-5501, no, yes,148,13.19,1,No,TN,0.02,No,Low
 404-4809, no, no,93,46.09,1,Yes,CT,0.83,Yes,Critical
 344-6334, no, no,138,40.94,0,No,AZ,0.04,No,Low
 400-1899, no, no,159,19.52,0,No,OR,0.05,No,Low
 346-5053, no, yes,103,23.6,1,No,DE,0.02,No,Low
 398-2148, no, yes,150,35.67,0,No,MA,0.02,No,Low
 347-7675, no, no,37,22.93,3,No,CT,0.06,No,Low
 411-8956, yes, no,33,27.88,0,No,AR,0.1,No,Low
 390-3761, no, no,55,41.74,1,No,SD,0.05,No,Low
 377-3876, no, yes,134,13.65,0,No,CT,0.04,No,Low
 345-2476, no, no,107,15.42,2,No,CT,0.03,No,Low
 337-7879, no, yes,80,32.35,1,No,MA,0.04,No,Low
 361-7283, no, no,78,18.46,1,Yes,MS,0.04,No,Low
 372-4868, no, yes,85,15.27,4,Yes,MT,0.5,No,Medium
 346-8863, no, yes,61,42.91,2,No,AK,0.03,No,Low
 390-5267, no, yes,97,31.18,5,No,DE,0.21,No,Low
 392-1547, yes, no,136,31.18,2,No,OH,0.04,No,Low
 340-8177, no, no,135,26.38,3,No,MN,0.03,No,Low
 383-4802, no, yes,87,28.19,1,No,CA,0.06,No,Low
 378-8567, no, no,165,35.6,0,No,OH,0.07,No,Low
 406-7844, no, no,148,47.48,2,Yes,NV,0.96,Yes,Critical
 402-9173, no, no,99,29.6,2,No,SC,0.0,No,Low
 352-3440, no, no,123,29.87,2,No,WV,0.0,No,Low
 363-1413, yes, no,127,43.61,1,No,NM,0.14,No,Low
 394-8861, no, no,151,28.93,0,No,WY,0.03,No,Low
 358-4036, no, no,185,23.73,1,No,CA,0.03,No,Low
 392-4680, no, yes,65,35.5,4,No,KS,0.14,No,Low
 354-2762, no, no,58,35.72,4,No,WY,0.08,No,Low
 371-5811, no, no,104,19.31,2,No,OK,0.0,No,Low
 387-2014, no, no,44,34.44,0,No,UT,0.09,No,Low
 411-6598, no, no,58,29.65,4,No,MA,0.08,No,Low
 355-9356, no, no,108,35.8,0,No,UT,0.01,No,Low
 406-4720, no, no,132,20.66,1,No,MN,0.02,No,Low
 356-7239, no, no,80,21.73,2,No,NE,0.0,No,Low
 328-8747, no, no,162,22.98,2,No,OH,0.03,No,Low
 388-9464, no, no,110,16.9,2,No,KY,0.08,No,Low
 406-2866, no, no,96,47.07,1,Yes,WA,0.96,Yes,Critical
 333-5729, no, no,168,27.78,2,Yes,NY,0.62,Yes,High
 391-1499, no, no,72,48.86,4,Yes,IN,0.93,Yes,Critical
 386-8690, no, yes,125,20.49,1,No,CO,0.02,No,Low
 391-2231, no, no,170,31.3,2,No,DC,0.03,No,Low
 332-2275, no, no,71,31.45,3,No,AK,0.0,No,Low
 340-4028, no, no,124,27.35,1,No,SC,0.05,No,Low
 363-3486, no, no,68,35.29,2,No,KS,0.02,No,Low
 418-3181, no, no,97,35.56,1,No,UT,0.01,No,Low
 351-3316, yes, no,98,26.93,1,No,IL,0.1,No,Low
 369-3626, no, no,24,25.33,2,Yes,DC,0.02,No,Low
 353-2763, no, no,136,34.77,0,No,DC,0.0,No,Low
 358-7165, no, no,44,49.1,0,Yes,OK,0.75,Yes,Critical
 353-3223, no, yes,96,18.46,0,No,KY,0.01,No,Low
 338-9044, no, no,31,16.58,1,No,NE,0.03,No,Low
 341-7296, no, no,72,28.31,0,No,AL,0.01,No,Low
 398-4431, no, no,24,26.55,1,No,HI,0.01,No,Low
 408-5601, no, yes,112,38.28,4,No,SC,0.07,No,Low
 328-5188, yes, no,117,48.86,1,Yes,GA,0.89,Yes,Critical
 329-4474, no, yes,137,29.8,0,No,KS,0.01,No,Low
 357-4573, no, no,136,17.36,0,No,PA,0.04,No,Low
 341-7112, no, no,95,26.84,0,No,UT,0.06,No,Low
 400-3147, no, yes,82,24.91,1,No,OR,0.02,No,Low
 378-1936, no, no,145,41.79,1,Yes,ND,0.88,Yes,Critical
 347-1640, yes, no,56,30.21,1,No,KY,0.06,No,Low
 374-9531, yes, no,155,42.64,2,No,MN,0.08,No,Low
 380-4374, no, no,133,20.03,0,Yes,OH,0.62,Yes,High
 380-9409, no, no,53,20.35,2,No,TX,0.03,No,Low
 387-1116, no, no,123,41.17,5,Yes,WY,0.79,Yes,Critical
 400-7509, no, no,136,27.78,7,No,GA,0.14,No,Low
 403-6225, no, no,57,27.37,3,No,TX,0.01,No,Low
 382-8274, no, no,62,21.88,1,No,WV,0.03,No,Low
 354-5764, no, no,112,13.87,1,No,NM,0.05,No,Low
 387-6912, no, yes,55,35.31,1,No,MI,0.0,No,Low
 384-3413, no, no,95,21.86,6,Yes,NC,0.89,Yes,Critical
 367-3950, no, no,125,39.66,1,No,NY,0.01,No,Low
 396-4254, no, no,1,30.96,5,Yes,TX,0.91,Yes,Critical
 333-3010, no, yes,98,28.56,6,Yes,KY,0.85,Yes,Critical
 393-1891, no, no,105,42.77,1,No,SD,0.01,No,Low
 336-9053, no, yes,113,31.25,0,No,ID,0.02,No,Low
 353-3372, no, no,99,43.59,3,Yes,OR,0.82,Yes,Critical
 386-8943, no, no,103,30.63,1,No,WI,0.0,No,Low
 376-9716, no, no,177,38.73,1,No,WV,0.01,No,Low
 370-8676, no, yes,149,25.13,0,No,SC,0.03,No,Low
 360-2329, no, no,160,39.93,1,Yes,CT,0.91,Yes,Critical
 360-1320, no, no,116,18.85,2,No,NV,0.03,No,Low
 329-8638, no, yes,90,21.17,1,No,ND,0.0,No,Low
 385-1118, yes, no,148,39.7,0,Yes,MI,0.89,Yes,Critical
 408-8269, no, yes,147,33.54,2,Yes,MT,0.64,Yes,High
 391-2334, no, no,95,9.89,0,No,NE,0.01,No,Low
 373-8900, no, no,201,36.16,1,No,UT,0.01,No,Low
 382-3512, no, no,80,25.76,0,No,WV,0.01,No,Low
 420-4089, yes, no,122,24.87,1,No,AR,0.07,No,Low
 406-8465, no, no,132,33.17,0,No,MT,0.03,No,Low
 386-6114, no, no,83,35.51,1,No,UT,0.03,No,Low
 413-9328, no, no,99,23.07,7,Yes,HI,0.87,Yes,Critical
 335-7144, no, no,84,38.4,3,Yes,KS,0.82,Yes,Critical
 414-5177, no, no,46,20.77,1,No,NY,0.0,No,Low
 350-5993, no, no,87,26.06,2,No,OH,0.04,No,Low
 370-1465, no, no,150,36.38,1,No,HI,0.03,No,Low
 385-2370, no, no,73,33.12,1,No,KS,0.02,No,Low
 358-9146, no, no,7,35.14,3,No,IN,0.02,No,Low
 357-8515, no, yes,89,31.96,2,No,OR,0.02,No,Low
 406-8995, yes, no,131,20.79,3,Yes,NY,0.94,Yes,Critical
 344-3145, no, no,105,44.08,3,No,VA,0.13,No,Low
 341-9890, yes, no,108,19.57,2,Yes,MI,0.93,Yes,Critical
 365-4387, no, yes,47,29.39,1,No,ID,0.01,No,Low
 375-3341, yes, no,101,26.59,1,No,MO,0.11,No,Low
 418-3096, no, yes,182,21.78,1,No,AL,0.03,No,Low
 378-3879, no, no,161,33.42,1,No,OR,0.02,No,Low
 344-1362, no, no,128,38.74,1,Yes,VT,0.37,No,Medium
 419-3937, no, yes,69,33.13,2,No,AZ,0.03,No,Low
 348-4961, no, yes,113,7.63,1,No,VA,0.0,No,Low
 329-1410, no, yes,87,44.68,0,No,PA,0.02,No,Low
 332-9896, no, no,71,35.9,0,No,CO,0.02,No,Low
 407-8575, no, no,76,34.68,1,No,KY,0.0,No,Low
 387-2799, no, no,87,37.94,3,No,NJ,0.04,No,Low
 373-9108, no, no,117,20.23,1,No,IL,0.06,No,Low
 345-3947, no, no,177,45.24,3,Yes,WA,0.9,Yes,Critical
 356-7511, no, no,95,22.85,1,No,WV,0.0,No,Low
 343-4516, no, no,76,29.09,1,No,RI,0.0,No,Low
 408-6305, no, no,66,28.99,2,No,OH,0.04,No,Low
 338-7305, no, no,110,30.35,1,No,MO,0.0,No,Low
 401-3077, no, no,204,34.88,3,No,MD,0.04,No,Low
 401-6977, no, yes,32,39.58,0,No,OH,0.02,No,Low
 385-1464, no, yes,133,40.78,5,No,VA,0.02,No,Low
 417-5034, no, no,185,9.45,2,No,FL,0.01,No,Low
 420-7066, no, yes,103,26.1,1,No,CO,0.0,No,Low
 394-8256, no, no,91,18.67,1,No,NY,0.01,No,Low
 362-5044, no, no,131,33.34,2,No,WV,0.01,No,Low
 350-2075, no, no,153,28.36,0,No,LA,0.06,No,Low
 343-5372, no, yes,132,19.24,2,No,MA,0.04,No,Low
 377-9520, no, no,148,34.51,1,No,UT,0.02,No,Low
 391-6773, no, no,141,41.28,5,No,AL,0.07,No,Low
 403-4442, no, no,105,26.61,2,No,ME,0.01,No,Low
 379-5885, no, no,169,45.34,3,Yes,TX,0.84,Yes,Critical
 399-1021, no, yes,127,30.94,1,No,ND,0.0,No,Low
 342-4004, no, no,57,14.6,0,No,CO,0.01,No,Low
 382-7659, no, yes,123,24.92,0,No,LA,0.03,No,Low
 342-1004, no, yes,103,18.79,4,Yes,MT,0.49,No,Medium
 398-5851, no, no,101,20.16,1,No,OR,0.04,No,Low
 396-4869, no, yes,123,33.59,2,No,NH,0.01,No,Low
 422-8333, no, yes,78,35.75,6,No,NE,0.08,No,Low
 367-9127, no, yes,101,37.45,4,No,WV,0.03,No,Low
 420-3028, no, no,129,25.5,1,No,NV,0.03,No,Low
 357-6348, no, yes,67,27.49,0,No,MA,0.0,No,Low
 386-1131, no, no,37,32.54,3,No,MI,0.01,No,Low
 349-8391, yes, no,64,24.94,3,No,KY,0.08,No,Low
 421-1484, no, no,173,18.6,1,No,WV,0.01,No,Low
 414-2663, no, no,135,24.5,1,No,KY,0.04,No,Low
 327-6989, no, yes,75,42.31,1,No,NJ,0.05,No,Low
 405-5513, no, no,88,14.57,4,Yes,ME,0.92,Yes,Critical
 345-9168, no, no,112,36.52,3,No,TX,0.01,No,Low
 417-5146, no, no,113,27.01,0,No,MN,0.01,No,Low
 339-2792, no, yes,121,18.7,2,No,VA,0.0,No,Low
 345-8397, no, no,70,25.98,1,No,DC,0.02,No,Low
 344-6404, no, no,90,24.75,0,No,MD,0.01,No,Low
 417-9455, no, no,39,15.86,0,No,RI,0.03,No,Low
 343-1009, no, no,142,36.86,0,No,MA,0.03,No,Low
 365-3493, no, no,176,34.32,1,No,MD,0.02,No,Low
 376-7043, no, no,105,24.89,1,No,NM,0.01,No,Low
 348-5728, no, no,57,46.36,2,Yes,MN,0.9,Yes,Critical
 357-5784, no, no,110,3.21,1,No,MI,0.04,No,Low
 417-9844, no, no,88,29.38,2,No,AZ,0.0,No,Low
 333-7225, no, no,95,32.33,0,No,AL,0.01,No,Low
 382-4943, no, no,147,22.2,3,No,MI,0.02,No,Low
 345-4589, no, no,101,26.93,4,Yes,SC,0.81,Yes,Critical
 404-6337, no, no,115,28.31,1,No,MS,0.02,No,Low
 412-1470, no, no,103,21.98,2,No,MS,0.02,No,Low
 394-9220, no, no,82,33.88,0,No,CA,0.02,No,Low
 364-5362, no, no,141,31.47,0,No,MD,0.05,No,Low
 372-9852, no, no,149,29.82,2,No,ND,0.01,No,Low
 394-9984, no, no,131,44.78,2,No,IL,0.04,No,Low
 402-1668, no, no,119,16.01,1,No,SD,0.0,No,Low
 339-5659, no, no,112,32.2,3,No,AL,0.01,No,Low
 341-7279, no, yes,116,20.06,2,No,NV,0.05,No,Low
 371-3236, no, no,94,36.06,3,No,LA,0.07,No,Low
 343-5679, no, no,90,37.74,2,No,VA,0.02,No,Low
 347-4626, no, yes,114,37.88,0,No,DE,0.0,No,Low
 344-8498, no, yes,63,32.3,1,No,CT,0.04,No,Low
 349-3005, no, no,130,46.21,4,Yes,CO,0.82,Yes,Critical
 371-3498, no, yes,122,33.22,3,No,MA,0.0,No,Low
 367-4853, no, no,166,33.93,3,No,OR,0.0,No,Low
 422-3454, no, no,62,17.0,0,No,WA,0.03,No,Low
 403-8915, no, yes,78,27.3,2,No,SC,0.01,No,Low
 371-2418, no, yes,148,26.98,1,No,IN,0.02,No,Low
 411-2977, no, no,154,26.27,3,Yes,MD,0.69,Yes,High
 389-8163, no, yes,110,32.69,1,No,NV,0.05,No,Low
 417-4456, no, no,75,51.87,0,Yes,TX,0.9,Yes,Critical
 351-1894, no, yes,84,32.81,2,No,ND,0.01,No,Low
 386-6408, no, no,113,12.33,1,No,WV,0.01,No,Low
 370-9592, no, yes,181,17.88,2,No,CO,0.03,No,Low
 397-9251, no, no,51,30.69,2,No,TX,0.01,No,Low
 395-6913, no, yes,102,36.5,0,No,FL,0.05,No,Low
 332-3804, no, no,107,14.76,1,No,AL,0.03,No,Low
 421-1326, no, no,88,22.36,5,Yes,WV,0.92,Yes,Critical
 415-8200, no, no,82,23.02,0,No,MI,0.02,No,Low
 371-9414, no, no,204,29.63,6,No,NY,0.26,No,Low
 347-3895, no, no,130,34.66,3,No,MS,0.01,No,Low
 342-5854, no, no,174,40.04,0,No,MO,0.04,No,Low
 379-7192, no, no,129,26.69,2,No,AR,0.01,No,Low
 394-5753, yes, no,190,19.02,3,No,MS,0.06,No,Low
 390-6932, yes, no,54,40.17,3,No,NY,0.04,No,Low
 394-3171, no, no,78,27.81,0,No,SD,0.01,No,Low
 394-5202, no, yes,100,36.31,1,No,AK,0.01,No,Low
 348-3777, no, yes,70,24.38,3,No,WV,0.0,No,Low
 407-3949, no, no,111,13.31,1,No,SC,0.01,No,Low
 363-4779, no, no,117,16.51,1,No,VA,0.02,No,Low
 340-2239, no, no,68,16.0,0,No,MS,0.01,No,Low
 359-3423, no, no,27,38.47,2,Yes,SD,0.76,Yes,Critical
 382-9297, no, no,91,22.75,1,No,MN,0.0,No,Low
 330-9294, no, yes,181,32.35,1,No,AL,0.01,No,Low
 362-8763, no, yes,118,50.13,3,No,CO,0.01,No,Low
 403-4816, no, no,112,31.52,2,No,ME,0.01,No,Low
 371-2155, no, no,93,30.52,0,No,GA,0.0,No,Low
 334-1339, no, no,102,26.86,0,No,AZ,0.02,No,Low
 341-7412, no, no,93,29.41,0,No,MA,0.02,No,Low
 375-4770, no, yes,107,22.81,1,No,AZ,0.02,No,Low
 406-7643, no, yes,100,21.28,3,No,IN,0.03,No,Low
 415-8164, no, no,115,33.3,2,No,DE,0.02,No,Low
 354-3545, no, yes,63,36.41,0,No,WI,0.0,No,Low
 377-3139, no, no,57,37.59,0,No,ME,0.08,No,Low
 418-7478, no, yes,119,22.44,1,No,DC,0.03,No,Low
 385-6952, no, no,73,26.79,1,No,GA,0.07,No,Low
 381-8593, no, yes,98,18.75,2,No,HI,0.01,No,Low
 365-9371, yes, no,139,27.46,0,No,VA,0.03,No,Low
 401-7335, no, yes,31,29.21,1,No,NY,0.0,No,Low
 364-5126, no, yes,129,35.87,1,No,PA,0.0,No,Low
 385-7157, no, no,115,23.68,7,Yes,AR,0.96,Yes,Critical
 385-4766, no, no,108,49.57,2,Yes,HI,0.84,Yes,Critical
 390-1760, no, no,139,23.63,0,No,DE,0.01,No,Low
 365-8831, no, no,102,39.92,4,No,WV,0.03,No,Low
 353-4002, no, no,149,31.89,1,No,OK,0.0,No,Low
 367-5923, no, no,113,27.17,2,No,OR,0.01,No,Low
 393-9548, no, yes,131,30.11,1,No,ND,0.0,No,Low
 362-2356, no, no,83,20.04,0,No,MO,0.01,No,Low
 365-2341, no, yes,96,42.09,2,No,AR,0.02,No,Low
 388-8797, no, no,98,28.88,1,No,GA,0.04,No,Low
 400-4713, no, no,3,31.45,3,No,TN,0.08,No,Low
 420-3042, no, yes,77,34.83,0,No,MA,0.0,No,Low
 396-4171, no, yes,75,38.34,3,No,ND,0.01,No,Low
 389-8417, no, no,40,28.85,4,Yes,IA,0.8,Yes,Critical
 339-4068, no, no,108,40.68,0,No,NJ,0.06,No,Low
 341-4873, no, no,100,19.26,4,Yes,MT,0.84,Yes,Critical
 336-2322, no, no,16,27.52,3,No,AL,0.01,No,Low
 402-1607, no, yes,115,22.66,2,No,NY,0.0,No,Low
 379-3037, no, yes,108,29.02,3,No,PA,0.0,No,Low
 382-1399, no, no,107,32.25,5,No,VT,0.08,No,Low
 394-5489, no, no,161,54.79,2,Yes,NC,0.89,Yes,Critical
 387-6065, no, no,147,21.15,2,No,CT,0.04,No,Low
 327-6087, no, no,107,24.97,3,No,MO,0.0,No,Low
 341-8667, no, no,120,32.74,1,No,WV,0.01,No,Low
 338-9612, no, yes,107,16.37,1,No,NJ,0.05,No,Low
 364-1134, no, no,58,22.42,3,No,AK,0.01,No,Low
 413-4811, no, no,91,25.02,2,No,LA,0.01,No,Low
 354-4333, no, no,13,24.33,2,No,AL,0.01,No,Low
 382-2026, no, no,104,47.67,5,No,IN,0.25,No,Low
 368-3287, no, yes,93,40.32,1,No,MA,0.0,No,Low
 367-8298, no, no,95,31.31,2,No,DE,0.02,No,Low
 391-1783, no, no,104,18.55,3,No,SC,0.03,No,Low
 393-8762, no, no,35,23.48,5,Yes,NH,0.91,Yes,Critical
 385-1423, no, no,62,31.76,3,No,LA,0.01,No,Low
 406-7670, no, no,143,26.42,1,No,MS,0.05,No,Low
 339-5423, no, no,62,41.7,4,No,NM,0.08,No,Low
 366-8939, yes, no,60,35.0,0,Yes,WA,0.91,Yes,Critical
 353-2391, no, no,41,35.22,1,No,SC,0.04,No,Low
 372-4203, no, yes,34,25.76,2,No,MT,0.02,No,Low
 385-5688, no, no,56,37.72,0,Yes,ME,0.72,Yes,High
 397-7453, no, no,183,32.3,1,No,NM,0.03,No,Low
 366-9015, no, no,94,37.54,2,No,AZ,0.02,No,Low
 356-1654, no, yes,73,29.53,2,No,CT,0.02,No,Low
 337-3932, no, no,123,19.52,2,No,IL,0.02,No,Low
 350-1126, no, no,64,19.35,3,No,IN,0.1,No,Low
 416-3649, yes, no,127,24.34,4,Yes,AR,0.89,Yes,Critical
 349-1726, no, no,33,31.35,3,No,RI,0.0,No,Low
 405-1589, no, no,27,38.66,1,No,ND,0.12,No,Low
 366-7560, no, no,123,38.08,0,No,NH,0.04,No,Low
 333-9643, no, no,148,36.75,2,No,NV,0.12,No,Low
 355-6422, no, no,81,22.08,0,No,UT,0.0,No,Low
 329-5400, no, yes,122,39.12,2,No,NC,0.0,No,Low
 383-6356, no, no,52,34.75,1,No,MI,0.03,No,Low
 377-7276, no, yes,91,36.82,1,No,WI,0.02,No,Low
 337-1586, no, no,54,42.08,2,Yes,AR,0.73,Yes,High
 336-9273, no, no,152,38.78,1,No,NH,0.02,No,Low
 415-5476, no, no,201,38.4,1,Yes,TX,0.89,Yes,Critical
 332-2650, no, no,78,17.6,4,Yes,ID,0.9,Yes,Critical
 418-8257, no, no,67,19.64,0,No,CT,0.02,No,Low
 407-3121, no, no,100,37.2,1,No,NH,0.0,No,Low
 381-2413, no, no,41,38.05,3,No,WY,0.04,No,Low
 378-1144, no, no,133,24.45,3,No,OR,0.03,No,Low
 359-5091, no, yes,36,5.08,2,No,SC,0.05,No,Low
 378-6986, no, yes,51,47.04,0,No,MD,0.01,No,Low
 386-6580, no, no,122,24.04,0,No,NY,0.01,No,Low
 419-9713, no, yes,84,26.16,1,No,NM,0.02,No,Low
 382-6153, no, no,91,32.39,0,No,LA,0.07,No,Low
 332-1690, no, no,110,32.74,1,No,UT,0.0,No,Low
 348-9383, yes, no,91,25.81,1,No,AL,0.05,No,Low
 420-3857, no, no,121,36.65,5,No,DE,0.08,No,Low
 405-2653, no, no,109,30.6,3,No,WV,0.01,No,Low
 417-9278, no, no,95,26.74,2,No,KY,0.03,No,Low
 352-5663, no, no,72,33.41,0,No,NC,0.0,No,Low
 370-8786, no, no,73,40.85,0,No,WV,0.03,No,Low
 415-6333, no, no,108,32.86,3,No,AZ,0.01,No,Low
 391-6558, no, yes,58,36.02,1,No,WV,0.01,No,Low
 396-4234, yes, no,148,37.18,1,No,ND,0.23,No,Low
 345-6961, yes, no,76,41.96,0,Yes,WA,0.91,Yes,Critical
 346-5992, no, no,103,29.7,6,Yes,ID,0.74,Yes,High
 402-3908, no, no,87,40.8,0,Yes,CT,0.71,Yes,High
 350-2340, no, yes,35,30.8,2,No,OK,0.01,No,Low
 410-2015, no, no,88,19.33,1,No,IA,0.05,No,Low
 380-3311, no, yes,67,29.7,0,No,NE,0.05,No,Low
 399-7029, no, yes,77,35.89,2,No,ID,0.02,No,Low
 337-3868, no, no,124,28.78,1,No,OR,0.05,No,Low
 354-8088, no, no,30,42.06,0,No,SD,0.38,No,Medium
 416-9723, no, yes,53,22.3,2,No,DE,0.04,No,Low
 337-4403, no, no,152,27.44,1,No,WA,0.16,No,Low
 416-1536, yes, no,100,18.22,1,No,CT,0.23,No,Low
 386-3796, no, yes,59,36.02,1,No,MN,0.01,No,Low
 340-4989, no, no,143,27.27,3,No,WA,0.03,No,Low
 340-6221, no, yes,142,39.22,1,No,PA,0.03,No,Low
 363-3469, no, no,105,39.54,1,No,ID,0.06,No,Low
 345-3787, no, no,111,50.1,1,Yes,MS,0.96,Yes,Critical
 362-3107, no, no,143,22.68,1,No,WA,0.03,No,Low
 345-1994, no, yes,93,52.05,0,No,DC,0.02,No,Low
 377-5417, no, no,79,40.26,2,No,KY,0.03,No,Low
 369-8574, yes, yes,68,21.37,3,Yes,OH,0.91,Yes,Critical
 344-6847, yes, no,93,28.63,1,No,TN,0.07,No,Low
 391-7528, no, no,103,12.05,2,No,ID,0.14,No,Low
 393-6053, no, yes,144,17.85,0,No,WV,0.0,No,Low
 392-6286, no, no,93,25.86,1,No,WI,0.0,No,Low
 365-9079, yes, no,149,30.75,3,No,OK,0.01,No,Low
 399-3089, no, yes,23,26.62,1,No,WV,0.01,No,Low
 365-2192, no, yes,221,30.69,0,No,SD,0.03,No,Low
 394-3051, no, yes,164,40.6,1,No,KS,0.03,No,Low
 357-2429, no, yes,104,30.96,2,No,NC,0.02,No,Low
 421-6268, no, yes,150,23.73,2,No,NY,0.04,No,Low
 401-5915, no, yes,184,34.05,0,No,WI,0.03,No,Low
 348-6057, no, no,88,26.1,1,No,SC,0.0,No,Low
 349-3843, yes, yes,61,21.79,3,No,UT,0.03,No,Low
 396-5561, no, no,110,27.12,2,No,NC,0.07,No,Low
 370-9622, no, no,115,38.49,3,Yes,IN,0.84,Yes,Critical
 371-9602, no, no,33,42.82,2,No,AR,0.1,No,Low
 351-2815, no, no,100,44.97,2,Yes,ME,0.83,Yes,Critical
 369-8703, no, no,209,26.13,0,No,NY,0.03,No,Low
 355-2840, no, no,27,39.46,5,No,OR,0.07,No,Low
 372-1115, no, no,117,34.32,1,No,IL,0.0,No,Low
 337-2986, no, no,87,31.77,1,No,MA,0.0,No,Low
 404-3238, no, yes,129,33.42,1,No,CT,0.0,No,Low
 397-4968, no, no,142,39.46,1,No,WI,0.01,No,Low
 327-1058, no, no,112,28.22,0,No,OK,0.03,No,Low
 419-9509, no, yes,75,34.1,1,No,DE,0.0,No,Low
 349-7282, no, yes,97,23.97,3,No,AZ,0.0,No,Low
 382-5743, no, yes,121,41.65,0,No,AK,0.02,No,Low
 358-2694, yes, no,142,23.94,1,No,MI,0.05,No,Low
 378-1884, no, no,121,43.37,3,Yes,WA,0.87,Yes,Critical
 330-1627, no, yes,87,21.25,2,No,SD,0.01,No,Low
 392-5716, no, no,34,30.7,1,No,SD,0.18,No,Low
 384-6132, yes, no,177,42.28,1,Yes,AK,0.84,Yes,Critical
 359-2740, no, yes,58,30.28,0,No,MA,0.01,No,Low
 338-6714, yes, no,113,20.77,5,Yes,AR,0.85,Yes,Critical
 347-9968, no, no,101,39.32,1,No,KS,0.01,No,Low
 343-3399, no, no,89,18.9,3,No,OR,0.0,No,Low
 334-6129, yes, yes,77,17.54,0,Yes,NC,0.86,Yes,Critical
 377-4975, no, no,146,23.53,4,Yes,OK,0.9,Yes,Critical
 405-3533, no, no,93,24.87,0,No,NJ,0.04,No,Low
 337-9326, no, no,160,35.07,0,No,OH,0.0,No,Low
 338-6556, no, no,55,22.44,0,No,NM,0.15,No,Low
 354-3040, no, no,88,46.68,2,No,OH,0.09,No,Low
 396-1278, no, no,63,31.5,0,No,MI,0.0,No,Low
 354-6810, no, yes,127,26.32,1,No,KS,0.0,No,Low
 403-6237, no, yes,57,30.46,1,No,IL,0.04,No,Low
 411-6823, yes, no,138,48.65,2,Yes,RI,0.83,Yes,Critical
 338-1400, no, no,115,45.56,3,No,AR,0.25,No,Low
 412-6245, no, no,171,23.38,2,No,NY,0.01,No,Low
 377-3417, no, no,148,41.31,2,No,WY,0.13,No,Low
 343-2597, no, no,127,22.93,1,No,NC,0.03,No,Low
 388-8282, no, no,61,39.81,1,No,OR,0.07,No,Low
 416-8394, no, no,131,29.77,1,No,VT,0.0,No,Low
 343-6643, no, no,88,24.17,1,No,SD,0.02,No,Low
 330-4364, no, no,130,22.51,2,No,DC,0.01,No,Low
 414-1537, no, yes,89,16.63,0,No,RI,0.01,No,Low
 408-1913, no, no,82,45.37,3,Yes,ID,0.95,Yes,Critical
 406-5532, no, yes,138,26.38,3,No,OK,0.0,No,Low
 417-7722, no, no,115,34.03,1,No,MN,0.01,No,Low
 367-5226, no, no,84,49.15,2,Yes,WA,0.93,Yes,Critical
 344-5766, yes, no,117,33.73,1,No,WV,0.04,No,Low
 405-1370, no, no,60,30.65,2,No,NH,0.02,No,Low
 368-9073, no, no,62,14.67,2,No,WI,0.09,No,Low
 373-7974, no, no,133,50.15,2,Yes,MD,0.99,Yes,Critical
 371-4633, no, no,131,40.95,3,No,IN,0.07,No,Low
 336-4960, no, no,65,35.31,1,No,IN,0.04,No,Low
 405-5083, no, yes,120,21.85,1,No,NY,0.01,No,Low
 392-1105, no, yes,142,38.15,1,No,OR,0.03,No,Low
 378-2397, no, no,134,28.03,2,No,OK,0.01,No,Low
 331-4184, no, no,87,40.46,2,No,WI,0.01,No,Low
 376-2408, no, yes,139,39.27,2,No,NJ,0.05,No,Low
 345-3614, no, no,76,18.24,4,Yes,AR,0.84,Yes,Critical
 370-9296, no, no,100,31.45,1,No,UT,0.02,No,Low
 402-5076, no, yes,99,41.5,3,No,DC,0.06,No,Low
 401-7334, no, no,99,40.53,3,No,AK,0.13,No,Low
 409-3428, no, yes,48,23.99,1,No,AZ,0.02,No,Low
 362-2067, no, no,57,26.88,0,No,KS,0.01,No,Low
 352-2270, no, yes,106,37.42,0,No,OH,0.03,No,Low
 404-5840, no, yes,170,33.92,4,Yes,KS,0.71,Yes,High
 360-3126, no, no,78,18.62,1,No,SC,0.03,No,Low
 364-8731, no, no,39,31.82,1,No,TN,0.01,No,Low
 388-4331, no, no,127,18.34,0,No,CA,0.04,No,Low
 335-7324, yes, yes,119,29.26,1,Yes,MI,0.92,Yes,Critical
 362-8886, no, no,114,34.65,1,No,IN,0.01,No,Low
 410-4882, no, no,95,27.2,0,No,RI,0.0,No,Low
 371-1139, no, no,116,8.69,1,No,MO,0.03,No,Low
 391-5516, no, no,110,38.71,1,No,TN,0.0,No,Low
 380-3186, no, no,74,34.65,1,No,CT,0.02,No,Low
 347-9995, no, yes,148,41.09,1,No,ME,0.02,No,Low
 340-9013, no, no,83,13.28,1,No,MD,0.03,No,Low
 362-8378, no, no,73,31.93,2,No,NC,0.01,No,Low
 418-8969, no, yes,111,21.61,1,No,SC,0.0,No,Low
 417-1488, no, no,84,47.6,0,Yes,CA,0.87,Yes,Critical
 358-9898, yes, no,75,26.04,1,No,LA,0.06,No,Low
 373-7308, no, yes,114,23.31,2,No,WI,0.01,No,Low
 330-7137, yes, no,71,31.64,4,Yes,IL,0.69,Yes,High
 406-8445, no, yes,58,38.1,2,No,IN,0.02,No,Low
 404-5283, no, yes,106,14.21,1,No,AL,0.0,No,Low
 398-3632, no, no,172,34.66,4,No,OK,0.07,No,Low
 399-5763, no, no,45,35.92,1,No,IA,0.02,No,Low
 340-9449, yes, no,100,37.3,4,No,VT,0.06,No,Low
 363-1123, no, no,94,32.37,2,No,NY,0.05,No,Low
 361-2170, no, no,128,25.11,2,No,LA,0.03,No,Low
 406-6304, no, no,181,39.08,2,No,SC,0.04,No,Low
 392-5090, no, no,127,17.48,1,No,ID,0.02,No,Low
 373-7713, no, no,89,30.38,1,No,MO,0.01,No,Low
 392-1376, no, yes,149,25.25,0,No,ME,0.02,No,Low
 390-6388, no, yes,103,27.9,0,No,MS,0.0,No,Low
 379-7290, yes, no,163,33.52,1,No,SD,0.09,No,Low
 397-9928, no, no,52,21.23,2,No,OK,0.03,No,Low
 378-6924, no, no,89,19.62,3,No,WY,0.06,No,Low
 411-5677, yes, no,122,23.8,4,Yes,GA,0.62,Yes,High
 400-2738, no, no,60,32.96,3,No,VT,0.05,No,Low
 409-1856, no, no,62,54.59,4,Yes,MD,0.93,Yes,Critical
 362-5899, no, no,117,20.13,5,Yes,IN,0.63,Yes,High
 377-1164, no, no,159,28.87,1,No,WV,0.0,No,Low
 368-8555, no, no,78,32.88,2,No,OH,0.03,No,Low
 347-6812, no, no,96,18.12,1,No,OH,0.01,No,Low
 348-3830, no, no,79,22.9,2,No,SC,0.01,No,Low
 414-4276, no, yes,192,26.55,2,No,AZ,0.01,No,Low
 370-3271, no, no,68,39.29,3,No,WV,0.01,No,Low
 328-8230, no, no,28,30.74,2,No,RI,0.04,No,Low
 364-6381, yes, no,184,36.35,2,No,CT,0.23,No,Low
 400-4344, no, yes,74,39.85,0,No,TN,0.08,No,Low
 354-8815, no, no,101,12.05,3,No,HI,0.04,No,Low
 381-7211, no, no,137,38.01,0,No,MT,0.04,No,Low
 411-9481, no, yes,103,50.1,1,No,OH,0.07,No,Low
 418-9100, no, no,99,36.86,1,No,NM,0.03,No,Low
 413-3643, no, no,108,33.56,2,No,SC,0.01,No,Low
 375-6180, no, no,117,38.51,1,No,IA,0.0,No,Low
 348-8073, no, yes,63,37.21,1,No,ND,0.0,No,Low
 359-9881, no, no,94,26.78,0,No,LA,0.01,No,Low
 353-6954, no, no,138,15.15,2,No,MO,0.0,No,Low
 403-4933, no, yes,128,30.23,0,No,TX,0.0,No,Low
 360-3811, no, yes,113,35.67,1,No,AR,0.0,No,Low
 353-1755, no, no,140,15.84,1,No,TX,0.01,No,Low
 372-8233, no, no,102,38.78,1,No,ME,0.02,No,Low
 371-5951, no, no,108,19.14,3,No,ND,0.0,No,Low
 381-5937, no, no,60,35.24,1,No,DE,0.0,No,Low
 357-1784, no, no,96,35.38,1,No,MN,0.01,No,Low
 350-8209, no, yes,178,19.18,1,No,KS,0.04,No,Low
 400-5627, no, no,75,38.3,1,No,MN,0.02,No,Low
 365-2473, no, yes,106,28.8,4,No,NC,0.09,No,Low
 357-3134, no, no,158,32.86,1,No,HI,0.0,No,Low
 396-8198, no, yes,111,27.4,1,No,NV,0.04,No,Low
 382-1445, no, no,102,16.25,3,No,CO,0.01,No,Low
 391-3827, no, yes,92,13.57,2,No,TN,0.04,No,Low
 365-4330, no, yes,42,29.04,2,No,DE,0.0,No,Low
 328-6124, no, no,69,38.96,1,No,OH,0.15,No,Low
 328-1642, no, yes,117,44.08,3,No,OR,0.11,No,Low
 419-9753, no, yes,76,36.14,0,No,NE,0.0,No,Low
 413-5754, yes, no,72,17.17,0,No,ID,0.13,No,Low
 373-8390, yes, yes,115,23.82,1,No,WY,0.02,No,Low
 359-5139, no, no,68,25.57,3,No,MD,0.0,No,Low
 359-8799, yes, yes,60,32.28,3,No,WY,0.01,No,Low
 416-8332, no, no,97,17.14,2,No,AZ,0.02,No,Low
 350-4349, no, no,92,23.48,3,No,IA,0.03,No,Low
 369-6937, no, no,178,30.55,3,No,VT,0.03,No,Low
 413-9854, no, yes,90,32.52,1,No,KS,0.0,No,Low
 392-3989, no, no,72,28.61,2,No,MS,0.01,No,Low
 378-8356, no, no,73,23.39,1,Yes,CA,0.57,Yes,High
 334-9483, no, no,54,43.42,0,No,OH,0.05,No,Low
 329-1253, no, no,161,28.25,1,No,NE,0.06,No,Low
 376-8749, yes, no,125,26.98,2,Yes,CA,0.92,Yes,Critical
 403-2167, no, no,194,43.91,1,Yes,OR,0.88,Yes,Critical
 399-2766, no, yes,69,13.09,1,No,MT,0.05,No,Low
 365-5972, no, yes,141,28.63,2,No,WI,0.0,No,Low
 398-6972, no, no,98,52.22,2,Yes,SD,0.92,Yes,Critical
 387-4946, no, no,110,29.85,0,No,OH,0.0,No,Low
 390-1881, no, no,70,28.75,3,No,ME,0.02,No,Low
 412-5272, no, no,72,32.42,1,No,NM,0.0,No,Low
 381-5680, no, no,66,40.73,1,No,WV,0.02,No,Low
 420-6493, no, no,79,20.62,1,No,MN,0.01,No,Low
 388-2010, no, no,61,35.43,1,Yes,MI,0.75,Yes,Critical
 358-4056, yes, no,97,39.2,0,No,CO,0.13,No,Low
 330-7635, no, no,63,19.13,0,No,HI,0.03,No,Low
 392-2572, no, yes,77,29.27,2,No,VT,0.0,No,Low
 420-6548, no, no,73,33.2,1,No,TX,0.04,No,Low
 373-7432, no, no,105,28.51,3,No,VT,0.01,No,Low
 385-9556, no, no,159,30.62,0,No,OR,0.01,No,Low
 365-6692, no, no,83,22.03,2,No,NM,0.02,No,Low
 416-7735, no, no,93,36.64,0,No,SD,0.02,No,Low
 379-6824, no, yes,106,37.16,1,No,MD,0.03,No,Low
 364-1015, no, no,98,36.02,2,No,UT,0.05,No,Low
 419-2100, no, no,163,13.94,1,No,NJ,0.0,No,Low
 354-7187, no, yes,169,25.35,2,No,MA,0.01,No,Low
 341-8937, no, no,111,51.78,1,Yes,NV,0.88,Yes,Critical
 349-6523, no, no,163,47.21,0,No,TN,0.05,No,Low
 344-9632, no, no,57,26.38,1,No,ME,0.01,No,Low
 410-6396, no, no,117,33.75,0,No,AL,0.01,No,Low
 409-7595, no, no,85,35.55,1,No,LA,0.01,No,Low
 412-1338, no, no,132,34.0,1,No,AL,0.09,No,Low
 388-9782, no, no,190,33.34,3,No,FL,0.0,No,Low
 352-2984, no, no,39,20.67,1,No,FL,0.01,No,Low
 364-1173, no, no,84,34.7,1,No,SC,0.04,No,Low
 363-3364, no, no,71,36.06,4,No,ID,0.1,No,Low
 369-7164, no, no,114,30.31,1,No,WY,0.02,No,Low
 332-1979, no, no,135,30.91,0,No,NE,0.01,No,Low
 346-6439, no, no,93,20.5,2,No,CO,0.0,No,Low
 335-9578, no, no,82,29.31,1,No,VA,0.0,No,Low
 381-8901, no, no,64,27.3,0,Yes,WV,0.03,No,Low
 412-7113, no, yes,76,16.73,1,No,AZ,0.0,No,Low
 384-3793, no, no,112,18.53,1,No,KS,0.0,No,Low
 402-8337, yes, no,113,20.81,3,No,NJ,0.08,No,Low
 373-1223, no, no,137,24.57,5,Yes,SD,0.91,Yes,Critical
 332-5607, no, no,128,17.43,1,No,ND,0.02,No,Low
 387-9616, no, no,84,46.6,2,No,SC,0.15,No,Low
 418-2714, no, no,140,32.83,2,No,ID,0.03,No,Low
 375-3233, no, no,106,31.08,2,No,TX,0.01,No,Low
 367-9965, no, yes,166,25.23,1,No,SD,0.03,No,Low
 413-6097, no, no,137,12.89,2,No,TN,0.02,No,Low
 352-7899, no, no,161,33.66,1,No,TN,0.03,No,Low
 402-2085, no, no,120,43.04,5,Yes,DE,0.82,Yes,Critical
 329-9151, no, yes,187,33.98,3,No,TN,0.07,No,Low
 328-9400, no, yes,102,31.88,2,No,OR,0.04,No,Low
 339-8651, no, no,82,31.21,0,No,IA,0.0,No,Low
 394-8091, no, yes,100,14.64,0,No,MI,0.05,No,Low
 335-5130, no, no,45,21.56,3,No,AR,0.0,No,Low
 386-1651, no, no,114,18.41,1,No,TN,0.0,No,Low
 380-5194, yes, no,43,27.29,1,Yes,WV,0.85,Yes,Critical
 391-4172, no, no,103,25.04,2,No,IL,0.01,No,Low
 331-2913, no, no,57,28.07,2,No,DE,0.0,No,Low
 346-7021, no, yes,52,20.77,3,No,NC,0.04,No,Low
 387-6453, no, no,74,26.57,3,No,IA,0.02,No,Low
 351-4935, no, yes,74,47.21,1,No,AL,0.04,No,Low
 407-1209, yes, yes,40,25.06,0,No,HI,0.05,No,Low
 394-5444, no, no,83,38.83,1,No,PA,0.01,No,Low
 390-6701, no, no,102,31.38,1,No,RI,0.0,No,Low
 335-5154, no, no,92,14.89,1,No,LA,0.04,No,Low
 420-8847, no, yes,79,37.23,4,No,DC,0.02,No,Low
 338-8582, no, no,110,37.55,1,Yes,TN,0.36,No,Medium
 405-5324, no, yes,69,32.03,1,No,AL,0.0,No,Low
 351-3597, no, no,56,43.32,4,No,IN,0.11,No,Low
 384-7176, no, no,133,57.53,3,Yes,UT,0.88,Yes,Critical
 361-7956, no, yes,119,28.59,1,No,FL,0.03,No,Low
 376-5086, no, no,131,24.33,3,No,VA,0.0,No,Low
 327-8514, no, yes,60,20.11,1,No,CT,0.01,No,Low
 358-3379, no, no,118,43.61,0,No,NC,0.02,No,Low
 397-9004, no, no,92,31.6,1,No,PA,0.0,No,Low
 355-9594, no, no,52,37.23,3,No,MI,0.01,No,Low
 354-5247, no, yes,135,30.62,1,No,NC,0.0,No,Low
 349-3217, no, no,107,19.53,2,No,GA,0.01,No,Low
 382-9474, no, no,110,26.96,2,No,PA,0.01,No,Low
 353-2065, yes, yes,109,41.51,2,Yes,DE,0.97,Yes,Critical
 346-8648, no, no,90,30.6,1,No,NY,0.02,No,Low
 373-6463, no, no,117,40.83,3,No,MA,0.03,No,Low
 408-6003, no, no,57,39.85,1,No,MT,0.05,No,Low
 329-9540, no, no,115,23.02,1,No,NE,0.02,No,Low
 348-5830, no, no,73,46.31,1,Yes,ME,0.98,Yes,Critical
 373-1550, no, no,127,44.69,1,No,NJ,0.28,No,Low
 381-9368, no, no,79,11.34,1,No,DE,0.03,No,Low
 407-1073, no, yes,33,37.64,1,No,VT,0.01,No,Low
 379-8877, yes, no,110,22.97,1,Yes,NC,0.91,Yes,Critical
 342-7045, no, no,133,40.94,1,No,CT,0.07,No,Low
 357-9659, no, no,145,28.99,3,No,NH,0.02,No,Low
 398-8386, no, yes,47,26.91,2,No,KY,0.01,No,Low
 417-1779, no, yes,53,34.29,0,No,CO,0.02,No,Low
 329-5479, no, no,148,28.7,1,No,NH,0.0,No,Low
 353-7361, no, no,72,24.12,2,No,MA,0.02,No,Low
 392-8993, no, no,96,31.04,5,Yes,LA,0.76,Yes,Critical
 374-5952, no, yes,113,44.95,1,No,WV,0.01,No,Low
 348-1875, no, no,55,34.63,3,No,IL,0.03,No,Low
 347-3893, no, no,143,32.57,3,No,MI,0.0,No,Low
 420-2897, no, no,60,23.19,0,No,IN,0.03,No,Low
 375-1390, no, yes,90,28.59,0,No,CO,0.0,No,Low
 401-5724, no, yes,170,21.3,3,No,DC,0.04,No,Low
 399-7761, no, no,65,37.04,0,No,TX,0.03,No,Low
 363-6957, no, no,93,33.68,2,No,IA,0.0,No,Low
 407-5051, yes, yes,117,30.4,1,No,UT,0.04,No,Low
 391-1432, no, yes,96,44.69,3,No,AL,0.05,No,Low
 399-5446, no, no,101,27.98,0,No,CT,0.02,No,Low
 344-7590, no, no,60,33.49,1,No,NV,0.0,No,Low
 387-3219, no, no,157,17.49,1,No,IA,0.08,No,Low
 393-7267, no, no,89,24.51,4,Yes,UT,0.89,Yes,Critical
 358-3041, no, yes,96,21.51,2,No,GA,0.03,No,Low
 414-7988, no, no,91,23.77,3,No,PA,0.0,No,Low
 390-3956, no, no,104,23.75,2,No,VA,0.0,No,Low
 359-5574, no, no,40,52.6,3,Yes,SC,0.98,Yes,Critical
 364-4223, no, no,161,27.13,5,Yes,WV,0.79,Yes,Critical
 403-2567, no, yes,131,40.75,1,No,KY,0.0,No,Low
 412-3244, no, no,131,33.25,2,No,KS,0.01,No,Low
 380-1823, no, no,79,27.39,2,No,DC,0.0,No,Low
 368-7612, no, yes,130,29.56,1,No,AZ,0.01,No,Low
 359-5651, no, no,161,28.12,4,No,HI,0.13,No,Low
 367-6020, no, yes,108,37.62,0,No,MS,0.01,No,Low
 357-1180, yes, no,69,30.06,1,Yes,WV,0.56,Yes,High
 415-7080, no, no,80,33.32,1,No,NC,0.04,No,Low
 411-8186, no, no,146,29.63,4,No,ME,0.22,No,Low
 410-9584, yes, no,143,31.77,4,No,NJ,0.08,No,Low
 388-2278, yes, no,114,19.65,2,Yes,WA,0.68,Yes,High
 413-8889, no, no,113,26.93,0,No,WY,0.04,No,Low
 411-9489, no, yes,29,25.4,1,No,ME,0.01,No,Low
 387-8589, no, yes,57,41.57,1,No,MS,0.03,No,Low
 336-7059, no, no,78,24.74,3,No,KY,0.01,No,Low
 354-7423, no, no,120,25.11,0,No,GA,0.04,No,Low
 349-6216, no, no,97,27.93,1,No,AL,0.0,No,Low
 399-2948, no, no,185,15.2,3,No,IN,0.03,No,Low
 327-2040, no, yes,144,46.97,1,No,AK,0.04,No,Low
 336-9545, no, yes,97,29.36,1,No,AR,0.01,No,Low
 358-6530, no, no,130,23.58,2,No,VA,0.01,No,Low
 406-8182, no, yes,59,34.92,5,No,DC,0.29,No,Low
 354-7753, no, no,139,31.86,1,No,ID,0.01,No,Low
 405-8712, no, no,12,35.04,2,No,DE,0.0,No,Low
 344-7222, no, yes,42,22.36,0,No,MN,0.01,No,Low
 385-9991, no, no,63,20.42,1,No,WY,0.06,No,Low
 338-2380, no, no,143,28.66,1,No,NY,0.0,No,Low
 341-9546, no, yes,150,40.09,1,No,VA,0.0,No,Low
 380-3546, no, no,156,32.2,0,No,AR,0.02,No,Low
 339-9316, no, no,98,26.95,2,No,TX,0.06,No,Low
 399-6809, no, yes,17,47.6,3,No,DC,0.0,No,Low
 418-8226, no, no,101,39.07,1,No,NY,0.04,No,Low
 350-7491, no, no,163,41.07,1,No,OH,0.02,No,Low
 406-5761, no, yes,140,29.92,3,No,LA,0.08,No,Low
 390-9380, no, yes,176,28.39,3,No,OH,0.06,No,Low
 403-2262, no, yes,102,21.96,0,No,UT,0.12,No,Low
 371-2649, no, yes,71,29.58,1,No,VA,0.03,No,Low
 378-9221, no, no,104,44.4,2,Yes,TX,0.88,Yes,Critical
 350-5500, no, no,96,44.98,0,No,TN,0.16,No,Low
 364-8776, no, no,90,27.35,2,No,PA,0.0,No,Low
 414-9745, no, yes,106,21.22,1,No,CT,0.0,No,Low
 414-2742, no, no,148,39.2,2,No,DE,0.01,No,Low
 400-7057, no, no,66,41.09,2,No,IN,0.1,No,Low
 379-2790, no, yes,95,38.95,0,No,UT,0.06,No,Low
 345-3986, no, no,127,36.19,2,No,OK,0.01,No,Low
 370-2864, no, yes,79,21.22,1,No,NH,0.0,No,Low
 410-3396, no, no,83,22.76,0,No,MO,0.0,No,Low
 398-2585, no, yes,83,22.07,1,No,NV,0.01,No,Low
 397-1039, no, no,136,15.05,1,No,SC,0.03,No,Low
 413-7801, no, no,17,28.65,3,No,HI,0.05,No,Low
 372-7067, yes, no,165,13.84,1,No,DC,0.09,No,Low
 389-5705, no, no,149,19.92,1,No,OK,0.04,No,Low
 389-3015, yes, no,79,51.07,2,Yes,ME,0.91,Yes,Critical
 335-1201, no, no,94,33.17,1,No,AZ,0.03,No,Low
 393-4261, no, no,93,29.24,0,No,MN,0.02,No,Low
 339-8534, yes, yes,109,28.08,1,No,WY,0.19,No,Low
 342-3748, no, no,106,25.45,2,No,WA,0.01,No,Low
 378-2599, no, no,92,31.59,1,No,AL,0.0,No,Low
 329-4592, no, no,93,36.45,0,Yes,WA,0.26,No,Low
 337-2326, no, no,124,41.58,0,No,NM,0.14,No,Low
 363-4527, no, no,117,51.44,1,Yes,MA,0.74,Yes,High
 354-3619, no, yes,163,33.18,5,Yes,ME,0.41,No,Medium
 371-1014, yes, no,87,35.33,1,No,SD,0.09,No,Low
 383-3933, no, no,59,20.23,2,Yes,LA,0.63,Yes,High
 403-3365, no, no,103,41.79,1,No,HI,0.05,No,Low
 383-6272, no, no,101,22.27,3,No,FL,0.03,No,Low
 411-4648, no, no,72,22.07,4,Yes,WI,0.9,Yes,Critical
 385-2739, yes, no,108,46.9,2,Yes,SD,0.68,Yes,High
 385-5290, no, no,80,36.26,1,No,NH,0.0,No,Low
 341-7698, no, no,117,21.86,2,No,NJ,0.01,No,Low
 391-1811, no, no,51,16.2,1,No,ND,0.03,No,Low
 340-9582, no, no,126,25.91,1,No,MN,0.01,No,Low
 338-2617, no, no,149,33.13,4,No,VT,0.09,No,Low
 403-1671, no, no,158,36.5,1,No,MA,0.04,No,Low
 371-1011, no, no,66,30.67,1,No,WV,0.01,No,Low
 407-1032, no, no,82,27.9,1,No,MI,0.11,No,Low
 389-6900, no, no,127,35.89,2,No,RI,0.0,No,Low
 383-1564, no, yes,108,53.11,0,No,NY,0.05,No,Low
 387-7614, no, yes,106,37.96,1,No,SD,0.01,No,Low
 394-9346, no, no,62,28.37,1,No,WA,0.03,No,Low
 383-4357, no, yes,48,32.79,0,No,KS,0.03,No,Low
 370-5536, no, yes,58,40.26,2,No,NV,0.03,No,Low
 350-9230, no, no,138,25.45,1,No,DC,0.0,No,Low
 402-1606, no, yes,81,45.58,2,No,AR,0.11,No,Low
 337-5061, yes, no,36,41.65,1,No,CO,0.09,No,Low
 364-3666, no, yes,90,31.94,2,No,CA,0.01,No,Low
 405-7304, no, yes,177,39.78,0,No,OK,0.01,No,Low
 330-9962, yes, yes,108,26.15,1,No,DC,0.09,No,Low
 363-7905, yes, no,25,35.99,0,No,VA,0.04,No,Low
 394-8999, no, yes,133,39.0,3,No,FL,0.06,No,Low
 384-7345, no, no,90,11.7,1,No,GA,0.03,No,Low
 353-1663, no, no,94,34.03,0,No,CT,0.06,No,Low
 334-9743, no, no,68,22.88,2,No,IL,0.07,No,Low
 360-9875, no, no,171,39.51,0,No,WA,0.11,No,Low
 420-8636, no, no,122,21.42,0,No,MN,0.01,No,Low
 419-9987, no, no,94,29.9,1,No,NV,0.01,No,Low
 348-7665, yes, no,25,27.49,1,No,UT,0.1,No,Low
 385-1622, no, no,120,19.14,6,Yes,MS,0.95,Yes,Critical
 420-1947, no, yes,107,39.78,1,No,OH,0.08,No,Low
 398-1652, no, no,78,38.47,1,Yes,WV,0.4,No,Medium
 336-7455, no, no,93,29.6,0,No,UT,0.02,No,Low
 357-3348, no, no,80,33.25,1,No,CT,0.02,No,Low
 361-2109, no, no,127,34.14,0,No,NH,0.01,No,Low
 388-8387, yes, yes,82,19.87,1,No,DE,0.02,No,Low
 385-5360, no, no,44,38.35,1,No,DE,0.02,No,Low
 401-8190, no, yes,69,46.39,2,No,CO,0.01,No,Low
 376-5407, no, no,89,36.7,0,No,FL,0.04,No,Low
 403-8396, yes, no,69,33.95,6,Yes,ID,0.78,Yes,Critical
 340-1717, no, yes,64,47.92,3,No,DE,0.03,No,Low
 328-8215, yes, no,167,30.8,0,No,PA,0.04,No,Low
 369-9640, no, no,139,10.76,1,No,NJ,0.04,No,Low
 339-8936, no, no,41,35.36,1,No,DC,0.0,No,Low
 337-9335, no, no,104,32.18,3,No,MO,0.01,No,Low
 393-1579, no, no,166,26.66,1,Yes,WA,0.61,Yes,High
 390-2346, no, no,68,29.29,1,No,AK,0.03,No,Low
 420-7382, no, no,78,23.8,2,No,OK,0.01,No,Low
 377-3148, no, no,60,37.57,1,Yes,RI,0.72,Yes,High
 384-6572, no, no,184,28.42,1,No,OH,0.02,No,Low
 345-5735, yes, no,171,32.57,3,No,MS,0.07,No,Low
 369-6749, no, no,68,29.33,4,No,AZ,0.33,No,Medium
 398-3190, no, no,88,50.03,2,Yes,VA,0.88,Yes,Critical
 348-8049, no, no,130,49.15,1,No,AL,0.26,No,Low
 410-9800, no, no,156,27.64,0,No,IL,0.04,No,Low
 359-6897, no, yes,92,39.71,1,No,MS,0.0,No,Low
 335-1240, no, yes,151,40.92,2,No,MN,0.04,No,Low
 386-3542, no, no,78,49.39,2,Yes,OK,0.85,Yes,Critical
 328-6797, no, no,102,31.14,1,Yes,TN,0.61,Yes,High
 354-7284, no, no,131,26.45,2,No,WV,0.01,No,Low
 357-2431, yes, no,127,37.52,3,Yes,TN,0.98,Yes,Critical
 344-2491, no, no,100,51.51,1,Yes,FL,0.88,Yes,Critical
 392-3084, no, no,94,19.45,3,No,NH,0.03,No,Low
 411-6568, no, yes,81,28.02,2,No,NY,0.02,No,Low
 382-2999, no, no,160,40.31,2,No,OH,0.07,No,Low
 339-8912, no, no,100,37.45,3,No,NE,0.02,No,Low
 402-3033, no, yes,78,32.13,0,No,WV,0.01,No,Low
 400-5033, yes, no,139,29.34,3,No,NV,0.08,No,Low
 355-1130, no, no,88,28.7,3,No,CT,0.01,No,Low
 357-8842, no, yes,152,41.33,1,No,KS,0.01,No,Low
 375-8570, no, no,144,16.64,0,No,VA,0.04,No,Low
 391-3499, yes, yes,45,30.43,3,No,ID,0.2,No,Low
 395-1013, yes, no,127,55.13,1,Yes,NH,0.92,Yes,Critical
 410-8903, no, no,102,11.85,2,No,ND,0.03,No,Low
 377-6134, yes, yes,49,30.07,3,Yes,AR,0.94,Yes,Critical
 408-5877, no, no,36,23.87,2,No,MA,0.03,No,Low
 389-4958, no, no,13,28.46,1,No,WI,0.03,No,Low
 419-2506, no, yes,151,28.29,0,No,AL,0.01,No,Low
 358-3522, no, no,111,29.16,3,No,WV,0.01,No,Low
 333-3376, yes, no,135,30.12,2,No,CO,0.03,No,Low
 393-1696, no, yes,114,19.47,0,No,VA,0.0,No,Low
 340-3984, no, yes,122,34.87,2,No,NH,0.01,No,Low
 367-1324, no, no,89,35.43,0,Yes,TN,0.66,Yes,High
 396-7504, no, no,96,21.39,2,No,UT,0.01,No,Low
 422-9831, no, no,106,31.65,2,No,MA,0.02,No,Low
 413-5746, no, no,122,21.91,0,No,KY,0.01,No,Low
 408-4744, no, yes,87,43.76,1,No,WY,0.09,No,Low
 412-3166, no, no,145,32.18,5,No,DE,0.18,No,Low
 376-3045, no, yes,136,8.52,0,No,MI,0.02,No,Low
 333-2485, no, no,111,28.14,2,No,WY,0.03,No,Low
 358-2656, yes, no,167,24.43,0,No,MN,0.03,No,Low
 411-9815, no, no,88,28.29,0,No,WY,0.01,No,Low
 339-8657, no, no,131,44.91,2,No,NY,0.06,No,Low
 416-1111, no, no,90,32.66,2,No,NH,0.12,No,Low
 415-8746, no, no,95,24.72,1,No,DE,0.05,No,Low
 384-9451, no, yes,42,40.94,1,No,NJ,0.07,No,Low
 383-4798, no, no,69,29.02,3,No,IA,0.0,No,Low
 378-8975, no, no,99,37.57,0,No,OR,0.0,No,Low
 336-9559, no, no,72,30.6,0,No,PA,0.0,No,Low
 407-8795, no, yes,88,50.8,5,No,MI,0.04,No,Low
 395-3867, no, no,113,53.91,1,Yes,FL,0.95,Yes,Critical
 344-3858, yes, yes,142,17.37,1,No,PA,0.06,No,Low
 339-8673, no, no,3,31.09,4,No,WV,0.07,No,Low
 391-5977, no, no,23,26.45,4,Yes,NE,0.86,Yes,Critical
 346-8696, no, no,75,31.42,1,No,WI,0.0,No,Low
 404-7454, no, no,151,29.87,1,No,FL,0.01,No,Low
 410-1804, no, no,91,42.76,1,No,TX,0.01,No,Low
 373-6093, no, no,78,22.37,3,No,MS,0.07,No,Low
 379-6521, no, no,98,15.69,3,No,FL,0.02,No,Low
 403-2223, no, yes,166,33.44,5,Yes,WV,0.4,No,Medium
 418-1122, no, no,78,22.34,2,No,SC,0.01,No,Low
 420-7243, no, no,69,36.7,4,Yes,GA,0.81,Yes,Critical
 352-4465, no, no,122,26.89,2,No,GA,0.01,No,Low
 392-8092, no, no,138,36.72,0,No,MT,0.09,No,Low
 354-4045, no, yes,19,35.09,3,No,HI,0.0,No,Low
 380-6361, no, no,141,23.49,3,No,HI,0.01,No,Low
 379-6451, no, yes,79,32.69,1,No,MA,0.09,No,Low
 418-8664, no, no,171,44.56,0,No,NH,0.08,No,Low
 420-8246, no, no,51,7.0,0,No,AL,0.06,No,Low
 408-1861, no, no,114,55.44,1,Yes,AZ,0.8,Yes,Critical
 343-2609, no, no,98,28.39,1,No,NC,0.05,No,Low
 352-6483, no, no,94,35.73,2,No,MT,0.04,No,Low
 409-1906, no, yes,100,34.83,2,No,NV,0.0,No,Low
 345-2425, no, no,125,31.3,1,No,SC,0.04,No,Low
 384-8047, no, no,81,44.85,2,No,VA,0.06,No,Low
 383-2893, no, no,154,48.21,0,Yes,AR,0.9,Yes,Critical
 327-5816, no, no,91,28.48,2,No,DC,0.01,No,Low
 420-3882, no, no,94,24.19,1,No,RI,0.02,No,Low
 332-7925, no, no,57,28.41,1,No,WV,0.0,No,Low
 327-2475, no, no,140,25.21,0,No,ME,0.02,No,Low
 397-7972, no, no,64,50.63,1,Yes,AL,0.96,Yes,Critical
 416-2198, yes, no,52,24.57,1,No,NC,0.1,No,Low
 365-8756, no, no,117,39.68,0,Yes,MT,0.84,Yes,Critical
 366-6878, no, no,119,22.19,3,No,TN,0.08,No,Low
 354-8989, no, no,85,22.66,3,No,LA,0.1,No,Low
 393-9886, no, no,92,31.23,0,No,SC,0.01,No,Low
 410-5726, no, no,116,46.07,5,Yes,IN,0.9,Yes,Critical
 361-4732, no, no,163,20.83,0,No,IA,0.01,No,Low
 354-9927, no, no,88,24.36,2,No,NJ,0.02,No,Low
 386-3218, no, no,83,31.03,1,No,AK,0.0,No,Low
 415-2707, no, no,117,18.77,1,No,GA,0.02,No,Low
 405-3711, no, no,90,23.94,0,No,LA,0.03,No,Low
 410-6738, no, no,137,23.38,0,No,MI,0.01,No,Low
 367-5122, no, no,112,19.7,1,No,FL,0.01,No,Low
 412-5585, no, no,52,48.99,4,No,UT,0.06,No,Low
 355-6615, no, yes,173,10.23,1,No,MT,0.02,No,Low
 389-7482, no, no,3,21.34,3,Yes,OR,0.62,Yes,High
 378-3560, no, yes,120,30.53,1,No,AL,0.01,No,Low
 350-1561, no, no,132,16.83,1,No,AR,0.02,No,Low
 382-6944, no, no,101,26.42,1,No,MD,0.08,No,Low
 385-4852, no, no,58,30.16,3,No,ND,0.01,No,Low
 403-6395, no, no,74,39.71,2,No,NH,0.02,No,Low
 391-3822, no, no,113,35.73,3,No,ID,0.0,No,Low
 374-4355, no, no,132,21.56,3,No,MS,0.02,No,Low
 375-1752, no, yes,24,31.81,1,No,KS,0.0,No,Low
 359-6664, no, no,127,26.49,2,No,CT,0.02,No,Low
 332-5124, no, no,85,39.46,0,No,NJ,0.05,No,Low
 417-9570, no, no,59,21.88,3,No,SC,0.01,No,Low
 390-5030, yes, no,15,38.13,1,No,NH,0.03,No,Low
 354-2307, no, yes,113,35.51,2,No,VA,0.01,No,Low
 371-4489, no, no,43,31.42,0,No,CO,0.0,No,Low
 401-8590, no, yes,185,20.67,5,Yes,FL,0.85,Yes,Critical
 386-7596, no, no,127,24.65,1,No,AZ,0.03,No,Low
 331-9191, no, no,69,41.36,0,No,OR,0.11,No,Low
 392-6383, no, no,102,36.52,1,No,TX,0.02,No,Low
 413-5260, no, no,126,31.37,2,No,MD,0.02,No,Low
 396-9379, no, no,137,14.33,2,No,WV,0.01,No,Low
 362-6277, no, no,80,24.29,1,No,GA,0.02,No,Low
 350-7492, no, no,86,20.5,0,No,VA,0.0,No,Low
 334-2596, no, yes,120,37.77,1,No,NE,0.0,No,Low
 414-9413, no, yes,85,37.28,2,No,TX,0.14,No,Low
 405-7026, no, no,103,39.13,2,No,VA,0.0,No,Low
 377-7174, no, yes,53,12.94,0,No,DC,0.0,No,Low
 334-8613, yes, no,115,25.11,0,No,NE,0.04,No,Low
 404-7603, yes, no,116,23.7,1,No,MS,0.03,No,Low
 338-3342, no, yes,93,33.32,1,No,TN,0.03,No,Low
 333-6724, no, no,106,27.34,1,No,ID,0.0,No,Low
 401-7159, no, no,92,55.32,1,Yes,KS,0.79,Yes,Critical
 350-5065, no, no,110,33.69,4,No,NM,0.2,No,Low
 390-9352, yes, no,122,28.7,1,No,WV,0.06,No,Low
 391-4645, no, no,82,46.55,2,No,AL,0.05,No,Low
 359-8959, no, no,71,37.01,4,No,CO,0.05,No,Low
 365-3009, no, no,91,15.9,4,Yes,NJ,0.93,Yes,Critical
 389-5075, no, no,109,33.22,0,No,ID,0.0,No,Low
 338-7513, no, yes,126,42.13,2,No,WA,0.06,No,Low
 343-3978, no, no,98,27.63,2,No,DC,0.02,No,Low
 386-4764, no, no,98,14.64,0,No,TX,0.0,No,Low
 351-2146, no, no,78,15.15,0,No,HI,0.02,No,Low
 389-6798, no, no,44,32.25,0,No,LA,0.03,No,Low
 338-8279, no, no,60,32.44,0,No,MD,0.0,No,Low
 338-9350, no, no,113,33.76,1,Yes,MN,0.66,Yes,High
 384-4267, no, no,101,30.01,0,No,RI,0.0,No,Low
 331-2308, no, no,147,32.01,2,No,PA,0.0,No,Low
 373-5544, no, no,21,33.59,3,No,NV,0.01,No,Low
 366-2610, no, no,141,35.45,1,No,ND,0.01,No,Low
 401-9332, no, no,87,44.37,4,No,MO,0.21,No,Low
 344-9661, no, no,69,35.63,0,No,OH,0.03,No,Low
 347-2255, no, no,169,26.83,3,No,UT,0.02,No,Low
 344-9129, no, no,102,41.72,3,Yes,DE,0.83,Yes,Critical
 364-6481, no, no,174,12.27,2,No,CT,0.01,No,Low
 399-8108, no, no,53,17.03,3,No,TN,0.09,No,Low
 359-9949, no, yes,44,25.99,1,No,NH,0.0,No,Low
 377-2132, no, yes,89,46.58,0,No,ID,0.03,No,Low
 364-5252, no, no,116,36.65,3,No,NH,0.01,No,Low
 350-1989, no, no,143,30.29,0,No,LA,0.05,No,Low
 384-6230, yes, yes,78,42.98,0,No,VA,0.05,No,Low
 368-4502, no, no,93,36.75,2,No,ID,0.01,No,Low
 369-2932, no, no,106,28.07,0,No,VA,0.07,No,Low
 350-2154, no, no,116,22.75,2,No,AL,0.0,No,Low
 408-9874, no, no,42,36.92,2,No,VT,0.08,No,Low
 400-6867, no, no,173,13.96,1,No,MS,0.0,No,Low
 421-6766, no, no,80,26.71,0,No,HI,0.04,No,Low
 363-3573, no, yes,70,34.94,1,No,OH,0.02,No,Low
 366-2505, yes, no,162,25.09,0,Yes,MO,0.68,Yes,High
 333-2403, no, no,112,29.26,2,No,NY,0.02,No,Low
 386-9641, no, no,186,35.16,0,No,WI,0.01,No,Low
 341-8083, no, no,99,32.86,1,No,MO,0.01,No,Low
 380-1101, no, no,56,38.4,0,No,AL,0.03,No,Low
 372-1837, no, yes,135,34.44,4,No,CO,0.05,No,Low
 401-1368, no, no,83,8.23,2,No,NJ,0.05,No,Low
 414-2936, no, no,48,28.66,1,No,SC,0.0,No,Low
 399-8009, no, yes,112,24.29,0,No,AK,0.03,No,Low
 364-3736, no, no,112,14.48,1,No,AK,0.02,No,Low
 362-8044, no, no,141,13.23,1,No,MN,0.01,No,Low
 342-9363, no, yes,73,30.5,2,No,MI,0.03,No,Low
 343-1388, no, no,81,23.77,3,No,KS,0.0,No,Low
 337-6502, no, yes,165,30.24,1,No,NJ,0.02,No,Low
 388-7703, no, no,70,17.32,1,No,OR,0.01,No,Low
 359-2705, no, no,79,26.78,1,No,IA,0.02,No,Low
 376-9248, no, no,126,28.41,3,No,NJ,0.04,No,Low
 415-9041, no, no,77,21.1,0,No,NY,0.04,No,Low
 378-7539, no, yes,72,37.64,3,No,MN,0.0,No,Low
 398-6401, no, no,142,41.67,1,No,MI,0.12,No,Low
 399-7854, no, no,169,23.07,1,No,NE,0.02,No,Low
 385-6206, no, yes,110,38.74,0,No,OH,0.07,No,Low
 328-7519, no, no,88,30.23,1,No,SD,0.01,No,Low
 369-9112, no, yes,80,32.2,1,Yes,UT,0.67,Yes,High
 342-5249, no, yes,43,32.01,1,No,OH,0.04,No,Low
 366-5698, no, yes,144,30.11,2,No,MS,0.0,No,Low
 412-7533, no, no,142,21.85,2,No,PA,0.0,No,Low
 332-3516, no, yes,158,32.79,2,No,KY,0.0,No,Low
 333-5198, no, yes,78,22.19,3,No,NH,0.02,No,Low
 415-6807, no, no,131,34.19,1,No,MO,0.01,No,Low
 358-3314, no, yes,61,23.77,3,No,TN,0.05,No,Low
 331-7750, no, yes,73,40.39,4,No,TN,0.02,No,Low
 350-8335, no, yes,100,33.61,1,No,AL,0.0,No,Low
 373-2006, no, no,100,37.76,2,No,LA,0.01,No,Low
 407-8457, no, yes,109,45.9,1,Yes,NV,0.65,Yes,High
 412-5782, no, yes,103,35.97,2,No,MI,0.03,No,Low
 339-7422, no, no,139,25.28,2,No,OK,0.01,No,Low
 420-6041, no, no,63,13.89,2,No,NE,0.0,No,Low
 374-1456, no, no,115,24.41,0,No,FL,0.05,No,Low
 375-1604, no, no,77,34.9,3,No,MD,0.03,No,Low
 404-3252, no, no,14,31.37,4,No,KY,0.04,No,Low
 353-6188, no, no,81,23.94,0,No,NY,0.0,No,Low
 394-6240, no, no,113,23.94,3,No,KY,0.01,No,Low
 421-9747, yes, yes,93,28.85,0,No,MS,0.02,No,Low
 394-9579, no, no,77,28.58,3,No,WI,0.01,No,Low
 359-3901, no, yes,125,32.32,2,No,NH,0.01,No,Low
 418-9072, no, no,88,32.74,2,No,OR,0.01,No,Low
 401-9588, no, no,89,39.92,0,No,WI,0.01,No,Low
 412-3209, no, no,40,24.89,3,No,ID,0.01,No,Low
 405-6226, no, no,124,42.02,1,No,KS,0.03,No,Low
 331-6023, no, no,117,39.92,2,No,WY,0.02,No,Low
 379-2657, no, no,83,31.6,2,No,MT,0.02,No,Low
 383-7989, no, no,7,16.75,2,No,ID,0.02,No,Low
 371-8624, no, no,104,51.68,0,Yes,TX,0.92,Yes,Critical
 375-3173, no, no,128,23.85,1,No,WV,0.0,No,Low
 393-9101, no, no,76,34.26,2,No,NY,0.0,No,Low
 408-1650, no, no,135,32.59,0,No,NJ,0.04,No,Low
 347-6527, no, yes,59,12.1,1,No,KS,0.05,No,Low
 341-8923, no, yes,111,28.58,1,No,IA,0.01,No,Low
 370-1387, no, no,110,30.33,1,No,MS,0.04,No,Low
 349-6209, yes, yes,173,21.62,2,No,MI,0.04,No,Low
 421-4119, no, no,60,39.22,1,No,DE,0.02,No,Low
 389-2824, no, no,117,38.81,3,No,IL,0.02,No,Low
 409-5242, no, no,54,33.61,2,No,VA,0.0,No,Low
 364-1279, no, yes,76,46.53,0,No,IN,0.03,No,Low
 361-9851, no, yes,167,33.29,0,No,ME,0.02,No,Low
 401-4776, no, no,98,32.39,2,No,TN,0.01,No,Low
 410-2547, no, no,74,29.94,4,No,WV,0.06,No,Low
 387-1375, no, no,112,35.77,2,No,TX,0.04,No,Low
 355-5925, no, yes,138,25.67,0,No,MT,0.01,No,Low
 394-6428, no, no,65,24.53,3,No,AL,0.04,No,Low
 399-2851, no, yes,194,34.63,3,No,FL,0.09,No,Low
 379-2244, no, no,131,35.72,0,Yes,KY,0.59,Yes,High
 399-4532, no, no,54,39.13,4,No,PA,0.1,No,Low
 377-1978, no, yes,78,20.72,3,No,OH,0.04,No,Low
 402-5969, no, yes,115,30.8,2,No,NY,0.0,No,Low
 377-2139, no, no,99,34.26,0,No,ID,0.0,No,Low
 334-3514, no, no,120,24.82,0,No,NJ,0.02,No,Low
 346-4157, no, no,112,17.9,4,Yes,CA,0.93,Yes,Critical
 339-2703, no, yes,1,11.85,2,No,NM,0.07,No,Low
 365-5486, no, no,94,35.38,2,No,VA,0.03,No,Low
 402-2343, no, no,94,31.13,0,No,UT,0.05,No,Low
 416-5599, no, yes,178,25.28,6,Yes,MO,0.91,Yes,Critical
 402-8558, no, no,136,40.82,0,Yes,WV,0.82,Yes,Critical
 356-1573, no, yes,86,21.49,1,No,ND,0.01,No,Low
 388-1386, no, no,87,26.52,4,Yes,MO,0.72,Yes,High
 385-1610, no, no,18,30.63,1,No,KS,0.0,No,Low
 398-3157, no, no,49,29.24,0,No,CO,0.0,No,Low
 330-5382, no, yes,20,39.37,1,No,OH,0.02,No,Low
 332-2568, no, yes,131,7.16,0,No,IN,0.02,No,Low
 387-6118, no, no,11,23.22,0,No,NE,0.01,No,Low
 403-7981, no, no,99,26.45,3,No,OK,0.0,No,Low
 344-6909, no, no,61,39.88,0,No,ID,0.02,No,Low
 395-1543, no, no,137,19.64,0,No,DE,0.05,No,Low
 406-8550, no, yes,49,27.03,2,No,WA,0.06,No,Low
 356-2638, no, no,83,48.72,1,No,MA,0.13,No,Low
 370-3060, no, no,192,29.67,1,No,MA,0.01,No,Low
 418-3070, no, no,105,30.92,1,No,FL,0.01,No,Low
 410-1848, no, no,124,32.74,1,No,AR,0.01,No,Low
 338-7576, no, no,90,39.95,3,Yes,AR,0.28,No,Low
 331-7190, no, no,111,31.93,0,No,AL,0.0,No,Low
 412-4455, no, no,135,28.41,3,No,CA,0.02,No,Low
 350-6534, no, yes,121,36.09,1,No,RI,0.0,No,Low
 350-5997, yes, no,57,38.66,1,No,ND,0.05,No,Low
 380-1860, no, no,63,27.63,4,Yes,MT,0.83,Yes,Critical
 385-6336, no, no,97,27.91,1,No,SC,0.04,No,Low
 367-7403, yes, no,93,29.31,1,No,VA,0.06,No,Low
 348-4088, no, no,97,44.13,1,No,NJ,0.49,No,Medium
 403-7828, no, yes,134,27.1,2,No,OK,0.01,No,Low
 410-5934, no, yes,57,11.82,0,No,ME,0.03,No,Low
 412-6547, yes, no,109,28.31,3,No,OK,0.1,No,Low
 356-3997, no, yes,66,22.85,3,No,IL,0.0,No,Low
 399-7881, no, yes,162,34.88,2,No,GA,0.06,No,Low
 344-6590, no, yes,115,22.49,0,No,NC,0.01,No,Low
 391-9577, no, no,132,23.85,2,No,HI,0.03,No,Low
 358-2313, no, no,152,48.38,0,No,OK,0.06,No,Low
 403-8605, no, yes,86,32.18,1,No,DC,0.0,No,Low
 400-6146, no, no,36,31.38,1,No,SC,0.0,No,Low
 352-8208, no, no,118,27.47,0,No,MN,0.0,No,Low
 374-2532, no, yes,137,45.65,1,No,HI,0.02,No,Low
 375-1948, no, no,67,30.26,2,No,NJ,0.01,No,Low
 333-6830, no, no,164,36.65,1,No,MI,0.01,No,Low
 380-6612, no, no,180,43.16,1,No,UT,0.06,No,Low
 413-5903, no, yes,80,31.08,1,No,IA,0.0,No,Low
 334-4951, no, no,126,20.4,1,No,CO,0.14,No,Low
 361-4439, no, no,138,23.58,1,No,MS,0.09,No,Low
 372-5924, no, no,101,32.13,0,No,MA,0.01,No,Low
 396-6046, no, no,147,22.88,0,No,NY,0.02,No,Low
 364-2177, no, no,58,30.84,0,No,VA,0.0,No,Low
 396-8804, no, yes,35,33.08,4,No,IN,0.06,No,Low
 382-5328, no, yes,163,45.58,0,No,NH,0.05,No,Low
 383-4867, no, no,103,34.88,1,No,IL,0.02,No,Low
 341-9387, no, no,152,51.48,2,Yes,AK,0.97,Yes,Critical
 335-4603, no, no,44,36.24,1,No,WV,0.02,No,Low
 361-5581, no, no,75,32.64,2,No,NH,0.0,No,Low
 417-6460, no, no,103,18.34,1,No,NM,0.01,No,Low
 397-6978, no, no,126,30.89,1,No,RI,0.1,No,Low
 395-1632, no, no,104,32.61,1,No,KS,0.13,No,Low
 342-5216, no, yes,99,30.63,2,No,AR,0.0,No,Low
 359-8717, no, no,119,36.57,2,No,NH,0.05,No,Low
 372-8097, yes, yes,155,39.88,1,Yes,KY,0.62,Yes,High
 355-4598, no, yes,51,26.89,2,No,KS,0.0,No,Low
 395-6285, no, no,142,34.71,1,No,SC,0.03,No,Low
 417-8487, no, no,108,37.71,2,No,ID,0.04,No,Low
 413-3922, no, yes,154,31.11,1,No,OH,0.02,No,Low
 348-9777, no, no,171,37.66,1,No,AL,0.03,No,Low
 403-6319, no, no,33,38.78,0,No,KS,0.04,No,Low
 373-8655, yes, no,68,33.61,3,Yes,CT,0.94,Yes,Critical
 376-6485, no, yes,65,22.97,4,No,WY,0.14,No,Low
 377-4669, no, yes,95,40.51,5,No,NV,0.05,No,Low
 387-1110, no, yes,47,33.35,0,No,ID,0.01,No,Low
 399-3758, no, yes,49,35.0,4,No,IN,0.0,No,Low
 362-7200, no, no,104,29.6,3,No,AK,0.01,No,Low
 369-6950, no, no,173,26.28,0,No,AR,0.0,No,Low
 420-8171, yes, yes,98,31.65,3,No,WI,0.14,No,Low
 388-7109, no, no,81,29.94,1,No,IN,0.01,No,Low
 329-2539, no, no,70,26.62,1,No,KY,0.03,No,Low
 409-2188, no, yes,63,27.71,3,No,AZ,0.0,No,Low
 341-5178, no, no,32,17.61,2,No,IN,0.09,No,Low
 382-9271, no, no,111,27.56,0,No,NC,0.0,No,Low
 410-4408, no, no,96,25.36,4,No,MD,0.21,No,Low
 416-9571, no, no,79,31.84,3,No,NM,0.02,No,Low
 410-1505, no, no,123,37.81,2,Yes,OH,0.84,Yes,Critical
 329-8143, no, no,88,14.06,0,Yes,IN,0.66,Yes,High
 343-1137, no, yes,182,36.58,0,No,VA,0.03,No,Low
 389-1031, yes, yes,84,23.26,3,No,GA,0.08,No,Low
 357-9596, no, no,109,28.56,0,No,AL,0.01,No,Low
 330-5163, no, yes,79,10.61,0,No,IA,0.01,No,Low
 415-8689, no, yes,68,38.42,2,No,VA,0.01,No,Low
 342-8720, no, no,129,8.87,1,No,SD,0.05,No,Low
 332-5129, no, no,70,34.97,2,No,NV,0.01,No,Low
 368-2732, no, yes,44,31.42,1,No,WY,0.0,No,Low
 393-9216, no, no,113,32.83,1,No,MA,0.01,No,Low
 407-3765, no, no,38,38.81,2,No,NJ,0.03,No,Low
 377-3136, yes, yes,86,38.34,2,No,UT,0.22,No,Low
 418-7544, no, no,170,36.62,1,No,NM,0.01,No,Low
 379-8021, no, no,59,27.8,2,No,NH,0.0,No,Low
 360-8721, no, yes,112,41.6,0,No,NJ,0.02,No,Low
 411-1584, no, no,152,36.84,1,No,MA,0.0,No,Low
 419-6399, no, yes,108,33.46,1,No,GA,0.0,No,Low
 329-1971, no, no,91,33.54,1,No,AK,0.03,No,Low
 356-2563, no, yes,57,35.48,1,No,AR,0.05,No,Low
 334-2057, no, no,112,28.63,1,No,WV,0.02,No,Low
 394-2717, no, no,100,22.0,1,No,OR,0.02,No,Low
 364-1284, yes, no,42,44.35,1,No,ID,0.23,No,Low
 336-8855, no, no,68,45.54,3,Yes,NY,0.79,Yes,Critical
 390-1966, no, no,132,29.36,0,No,KY,0.24,No,Low
 409-3582, yes, no,137,27.05,0,No,RI,0.02,No,Low
 367-8127, no, no,42,28.36,2,No,ID,0.0,No,Low
 382-1590, no, yes,81,24.77,1,No,NH,0.0,No,Low
 351-2833, no, no,135,22.0,1,No,CO,0.01,No,Low
 332-3279, no, no,102,29.16,0,No,IA,0.07,No,Low
 336-7952, no, no,117,30.7,4,Yes,MT,0.74,Yes,High
 347-6351, no, yes,37,38.37,3,No,WY,0.04,No,Low
 394-8614, no, no,72,26.15,1,No,HI,0.01,No,Low
 419-5480, no, no,48,30.07,1,No,WI,0.07,No,Low
 339-2216, no, no,155,42.59,1,No,DE,0.03,No,Low
 383-2254, no, no,124,48.08,3,Yes,WA,0.96,Yes,Critical
 379-2614, no, no,91,24.24,0,No,UT,0.02,No,Low
 354-5402, no, no,169,46.94,1,No,KY,0.15,No,Low
 399-4432, no, no,74,26.23,0,No,NH,0.04,No,Low
 413-1992, yes, yes,101,30.77,1,No,RI,0.04,No,Low
 355-1369, no, no,142,18.38,1,No,CA,0.01,No,Low
 335-2305, no, yes,61,42.86,2,No,PA,0.07,No,Low
 420-8150, no, no,50,27.22,5,Yes,MA,0.52,Yes,Medium
 395-4108, no, no,82,36.99,0,No,WI,0.0,No,Low
 415-8119, no, yes,142,33.71,2,No,MT,0.04,No,Low
 379-6964, no, yes,27,32.35,2,No,GA,0.02,No,Low
 395-7926, no, yes,165,31.4,1,No,AZ,0.06,No,Low
 327-4579, yes, no,111,27.1,2,Yes,GA,0.94,Yes,Critical
 375-6665, no, yes,33,21.27,0,No,ME,0.0,No,Low
 383-5695, no, no,55,30.82,1,No,ME,0.0,No,Low
 386-7245, yes, no,96,16.97,0,No,UT,0.1,No,Low
 333-2885, no, no,115,43.32,1,No,MD,0.11,No,Low
 357-4496, no, no,65,41.57,5,Yes,DC,0.78,Yes,Critical
 381-7755, no, no,50,28.51,1,No,OH,0.02,No,Low
 400-3457, no, no,137,13.52,2,No,MO,0.0,No,Low
 395-6370, no, no,95,22.61,4,Yes,ID,0.93,Yes,Critical
 409-3198, no, no,118,50.52,1,Yes,WA,0.96,Yes,Critical
 391-4987, no, no,84,36.53,2,No,NY,0.0,No,Low
 342-6813, no, no,42,45.88,1,No,NJ,0.41,No,Medium
 418-6866, no, no,53,24.45,1,No,NM,0.0,No,Low
 421-6869, no, no,123,22.47,3,Yes,ID,0.61,Yes,High
 373-4263, no, no,60,27.68,1,No,MO,0.01,No,Low
 406-2551, no, no,112,59.76,1,Yes,NJ,0.97,Yes,Critical
 339-3059, no, no,43,28.19,0,No,NC,0.03,No,Low
 341-9862, no, yes,150,33.27,2,No,KY,0.02,No,Low
 411-1056, no, no,92,42.6,2,No,CT,0.05,No,Low
 345-8125, no, no,68,24.12,1,No,NY,0.03,No,Low
 411-4378, no, no,159,28.65,1,No,OH,0.02,No,Low
 416-5463, no, yes,158,21.69,0,No,IL,0.01,No,Low
 363-8175, no, no,119,33.52,1,No,IL,0.0,No,Low
 414-8688, no, yes,54,36.96,1,No,WA,0.03,No,Low
 354-8492, yes, no,60,16.52,1,Yes,NJ,0.89,Yes,Critical
 373-4947, no, yes,111,14.91,1,No,WI,0.02,No,Low
 406-9868, no, yes,119,31.69,1,No,WV,0.0,No,Low
 366-5737, no, no,74,30.6,0,No,AL,0.0,No,Low
 421-2900, no, no,118,39.51,1,No,WY,0.03,No,Low
 345-4653, no, no,124,25.77,3,No,ME,0.01,No,Low
 387-4808, no, no,133,29.27,3,No,LA,0.01,No,Low
 331-1846, no, no,49,44.35,1,No,WI,0.1,No,Low
 403-3502, no, no,112,21.15,2,No,NH,0.0,No,Low
 416-1447, no, no,130,21.56,2,No,HI,0.06,No,Low
 334-6371, no, no,130,18.7,1,No,WV,0.02,No,Low
 357-3352, no, no,188,39.29,4,No,UT,0.07,No,Low
 371-8517, no, no,174,31.86,1,No,HI,0.03,No,Low
 373-5115, no, no,57,28.29,3,No,VT,0.03,No,Low
 351-4569, yes, no,98,29.33,1,No,TX,0.03,No,Low
 343-6686, no, no,105,24.11,1,No,MD,0.02,No,Low
 349-9172, yes, yes,175,27.12,5,Yes,TN,0.6,Yes,High
 329-4168, no, no,100,37.21,2,No,GA,0.0,No,Low
 356-9042, no, no,132,23.58,2,No,MA,0.01,No,Low
 390-2562, yes, no,117,26.88,3,Yes,ND,0.95,Yes,Critical
 404-4312, no, no,65,16.64,1,No,NJ,0.01,No,Low
 401-9705, no, no,131,17.6,5,Yes,NH,0.81,Yes,Critical
 366-5096, no, no,114,35.07,2,No,NJ,0.0,No,Low
 347-3360, no, yes,127,35.96,3,No,FL,0.07,No,Low
 410-7256, no, no,94,38.96,3,No,SC,0.01,No,Low
 397-1984, no, no,67,21.25,1,Yes,WY,0.64,Yes,High
 403-1542, no, yes,123,24.02,3,No,TX,0.0,No,Low
 329-5112, no, no,116,20.23,2,No,MA,0.01,No,Low
 399-6945, no, no,107,44.3,0,Yes,ID,0.92,Yes,Critical
 331-8469, no, no,110,25.36,1,No,TX,0.0,No,Low
 387-4222, no, no,29,27.83,1,No,DE,0.01,No,Low
 362-1297, no, no,76,37.91,2,No,NY,0.04,No,Low
 391-3380, no, no,115,34.03,3,No,ME,0.06,No,Low
 338-2768, no, no,68,42.26,2,No,NM,0.03,No,Low
 388-5162, no, yes,63,36.41,2,No,IL,0.03,No,Low
 401-3615, no, no,69,41.75,2,No,LA,0.06,No,Low
 384-2846, no, no,97,40.56,0,No,TN,0.11,No,Low
 360-1292, yes, no,108,14.64,3,No,MI,0.03,No,Low
 408-4628, no, no,79,27.47,2,No,MS,0.0,No,Low
 345-8273, no, no,52,43.84,2,Yes,DE,0.87,Yes,Critical
 382-5278, no, no,114,35.56,3,No,KS,0.0,No,Low
 377-9241, no, yes,90,36.38,1,No,RI,0.0,No,Low
 351-8843, no, yes,82,42.06,5,No,NJ,0.06,No,Low
 404-2461, no, yes,122,33.32,0,No,WI,0.0,No,Low
 349-8440, no, yes,73,22.07,1,No,MT,0.01,No,Low
 397-5665, no, no,100,40.65,0,No,WV,0.17,No,Low
 406-4435, no, no,124,22.64,3,Yes,IL,0.58,Yes,High
 402-4433, no, no,112,23.07,1,No,OR,0.03,No,Low
 342-2394, no, yes,120,35.87,1,No,MN,0.01,No,Low
 351-3724, no, no,95,22.98,3,No,TX,0.02,No,Low
 384-1980, no, yes,102,26.89,1,No,AZ,0.02,No,Low
 400-3569, no, no,61,23.94,4,Yes,LA,0.73,Yes,High
 364-4057, no, no,42,27.23,1,No,AL,0.02,No,Low
 414-5978, no, no,104,26.13,1,No,MD,0.03,No,Low
 410-4662, no, no,184,40.39,2,No,ND,0.03,No,Low
 366-2822, no, no,29,30.96,2,No,DC,0.03,No,Low
 382-3713, no, no,5,33.78,2,No,MD,0.03,No,Low
 396-8095, no, yes,58,25.69,1,No,MA,0.04,No,Low
 401-9574, no, yes,103,37.23,3,No,AR,0.03,No,Low
 352-3780, no, no,165,33.18,0,No,DC,0.12,No,Low
 391-4345, yes, yes,77,35.68,2,Yes,NJ,0.84,Yes,Critical
 341-2398, no, no,156,13.89,3,No,MD,0.02,No,Low
 394-6726, yes, yes,132,22.22,0,No,RI,0.02,No,Low
 338-7859, no, no,115,45.2,1,No,AL,0.1,No,Low
 375-7103, yes, no,109,31.71,2,No,MS,0.03,No,Low
 397-2769, no, no,117,31.55,4,Yes,NJ,0.69,Yes,High
 410-4829, no, no,148,42.45,1,No,TX,0.34,No,Medium
 371-3276, no, no,135,34.7,2,No,MS,0.04,No,Low
 335-2978, no, yes,87,23.09,0,No,WI,0.02,No,Low
 401-3419, no, no,26,14.14,1,No,GA,0.02,No,Low
 420-4405, no, no,78,35.94,2,No,ME,0.01,No,Low
 351-9552, no, no,78,31.59,2,No,MT,0.0,No,Low
 418-9746, no, no,121,21.01,0,No,AR,0.01,No,Low
 369-1046, no, no,101,34.43,3,No,ID,0.04,No,Low
 369-7226, no, no,90,28.8,1,No,ND,0.02,No,Low
 391-7154, no, no,83,22.98,0,No,AZ,0.0,No,Low
 357-6526, no, no,81,21.27,1,No,CA,0.1,No,Low
 350-5622, no, no,119,48.81,1,Yes,NJ,0.92,Yes,Critical
 343-3870, no, no,134,33.95,0,No,NV,0.02,No,Low
 343-8580, no, no,48,42.09,1,No,NV,0.11,No,Low
 331-5614, no, no,185,26.95,0,No,AL,0.05,No,Low
 372-4493, no, yes,91,27.34,3,No,AL,0.02,No,Low
 342-9503, no, yes,90,20.15,1,No,SC,0.03,No,Low
 343-3973, no, no,159,30.77,7,No,WV,0.14,No,Low
 374-3585, no, yes,103,23.85,1,No,CO,0.01,No,Low
 378-7878, yes, no,142,27.3,1,Yes,OH,0.89,Yes,Critical
 420-9325, no, no,104,19.02,1,No,TX,0.03,No,Low
 338-7583, no, no,82,20.49,0,No,ME,0.05,No,Low
 399-1915, no, no,76,26.57,1,No,LA,0.03,No,Low
 329-8057, no, no,88,41.21,1,No,MT,0.08,No,Low
 358-5492, no, no,118,30.33,1,No,NJ,0.01,No,Low
 385-4731, no, no,139,43.98,1,Yes,UT,0.82,Yes,Critical
 364-8868, no, yes,87,21.13,1,No,DC,0.01,No,Low
 384-6032, no, no,167,16.13,0,No,UT,0.0,No,Low
 389-5315, no, no,138,30.94,4,No,CO,0.11,No,Low
 348-8302, no, no,130,27.54,1,No,MA,0.02,No,Low
 371-8654, no, no,87,30.02,0,No,FL,0.01,No,Low
 329-7365, no, no,69,33.8,4,No,RI,0.06,No,Low
 362-9109, yes, yes,164,26.54,0,No,ID,0.1,No,Low
 352-5412, no, no,109,25.6,1,No,CO,0.0,No,Low
 365-8548, no, no,53,33.71,2,No,MS,0.06,No,Low
 349-3579, no, no,59,32.15,1,No,PA,0.0,No,Low
 367-9956, no, no,124,26.67,1,No,KY,0.0,No,Low
 372-3559, no, no,73,11.39,1,No,ID,0.05,No,Low
 336-7199, no, no,94,44.42,0,No,AK,0.0,No,Low
 389-9083, no, no,80,22.97,3,No,AL,0.01,No,Low
 329-6776, yes, no,101,15.66,2,No,SC,0.05,No,Low
 420-7897, no, no,115,29.5,1,No,MN,0.02,No,Low
 329-2452, yes, no,100,26.57,5,No,KS,0.18,No,Low
 377-1433, no, no,85,46.7,1,No,MA,0.13,No,Low
 342-8693, no, no,110,41.6,2,Yes,KY,0.63,Yes,High
 393-7991, yes, no,92,31.21,0,No,WI,0.04,No,Low
 380-4524, no, no,102,28.41,5,No,MI,0.1,No,Low
 405-4350, no, no,134,30.11,3,No,NV,0.01,No,Low
 338-8612, no, no,96,37.03,0,No,DC,0.02,No,Low
 418-9470, no, no,42,24.43,2,No,NE,0.01,No,Low
 414-1467, no, no,175,31.45,1,No,OR,0.03,No,Low
 361-8748, no, yes,136,40.05,1,No,OR,0.06,No,Low
 355-6250, yes, no,32,45.14,2,Yes,AR,0.84,Yes,Critical
 412-3425, no, no,101,56.46,1,Yes,UT,0.89,Yes,Critical
 334-5571, yes, yes,132,37.98,3,No,AZ,0.03,No,Low
 357-6794, no, no,120,27.81,0,No,ME,0.02,No,Low
 355-5221, no, no,122,32.3,3,No,MT,0.01,No,Low
 414-2036, no, no,52,26.13,1,No,OK,0.01,No,Low
 405-2234, no, no,182,27.25,2,No,VT,0.0,No,Low
 407-3201, no, yes,138,19.47,0,No,NM,0.0,No,Low
 367-3304, no, no,130,23.95,3,No,ID,0.08,No,Low
 377-9526, no, no,106,28.63,3,No,SC,0.04,No,Low
 342-8813, no, no,150,25.65,5,Yes,MA,0.66,Yes,High
 371-8929, no, no,94,43.37,0,Yes,OK,0.94,Yes,Critical
 329-8540, no, no,116,26.18,6,No,NJ,0.18,No,Low
 377-5013, no, no,89,16.07,1,No,CO,0.01,No,Low
 381-1712, no, no,45,22.95,1,No,WA,0.07,No,Low
 398-5195, no, no,74,48.77,0,Yes,KS,0.78,Yes,Critical
 366-3805, no, no,158,28.12,1,No,GA,0.03,No,Low
 339-4924, no, no,76,37.74,3,Yes,AL,0.62,Yes,High
 396-8551, yes, no,102,35.67,0,No,KY,0.03,No,Low
 417-8960, no, yes,4,26.91,2,No,LA,0.02,No,Low
 366-9936, no, no,161,42.89,1,Yes,MN,0.93,Yes,Critical
 399-8419, no, no,116,43.44,1,Yes,WV,0.77,Yes,Critical
 421-1264, no, no,49,17.29,3,No,ID,0.01,No,Low
 364-6992, no, no,86,38.74,3,No,WY,0.05,No,Low
 411-2297, no, no,39,31.45,0,No,NE,0.03,No,Low
 356-7848, no, no,118,24.17,1,No,WI,0.01,No,Low
 335-5378, no, no,57,23.8,1,No,MI,0.01,No,Low
 364-1224, no, no,138,26.78,2,No,NH,0.0,No,Low
 387-5388, no, no,98,40.38,0,No,AK,0.01,No,Low
 401-8994, no, no,67,27.97,1,No,DE,0.0,No,Low
 400-2419, no, yes,145,32.42,0,No,AZ,0.02,No,Low
 337-1993, no, no,77,36.64,1,No,NV,0.0,No,Low
 360-8926, no, yes,99,20.38,1,No,WV,0.03,No,Low
 420-4654, yes, no,106,33.44,4,Yes,VT,0.8,Yes,Critical
 354-2215, no, no,32,39.22,2,No,OK,0.02,No,Low
 399-1939, no, no,131,22.32,2,No,RI,0.06,No,Low
 390-2676, no, no,100,28.42,3,No,MA,0.01,No,Low
 420-4132, no, no,174,37.79,0,Yes,OR,0.71,Yes,High
 393-2256, no, no,98,33.76,2,Yes,NY,0.66,Yes,High
 386-3716, no, no,42,23.7,1,No,ME,0.0,No,Low
 389-8407, no, no,99,22.17,2,No,VA,0.02,No,Low
 342-6680, no, no,122,31.38,3,No,DE,0.02,No,Low
 364-6617, yes, no,4,28.85,0,Yes,OH,0.95,Yes,Critical
 383-3583, no, no,119,26.04,1,No,NY,0.03,No,Low
 338-4704, no, no,31,38.17,2,No,MN,0.0,No,Low
 400-3168, no, no,114,42.13,1,Yes,WV,0.89,Yes,Critical
 394-7682, yes, no,47,30.11,2,No,MD,0.17,No,Low
 337-8750, no, no,77,22.87,0,No,GA,0.0,No,Low
 329-1120, no, yes,39,34.31,0,No,WY,0.01,No,Low
 339-6887, no, no,193,30.69,2,No,WV,0.04,No,Low
 382-6740, no, yes,103,27.97,4,No,OH,0.07,No,Low
 399-1526, yes, yes,36,29.22,1,Yes,AK,0.44,No,Medium
 382-6119, no, no,149,41.51,1,No,MT,0.27,No,Low
 404-2069, no, no,87,37.64,1,No,IL,0.07,No,Low
 329-2106, no, no,1,41.06,3,No,RI,0.07,No,Low
 384-8314, no, no,62,19.81,3,No,WY,0.01,No,Low
 358-7212, no, no,112,26.88,1,No,WA,0.08,No,Low
 370-8039, no, no,82,20.67,3,No,CO,0.03,No,Low
 387-5618, no, no,86,30.31,0,No,DC,0.12,No,Low
 409-3611, no, no,141,36.69,2,No,OH,0.03,No,Low
 373-4542, no, yes,55,37.83,2,No,AL,0.02,No,Low
 384-1895, no, no,127,44.97,1,No,KY,0.23,No,Low
 380-1093, no, yes,82,21.03,1,No,IA,0.04,No,Low
 383-1580, no, no,69,41.62,0,No,OH,0.08,No,Low
 341-9321, no, no,131,36.18,0,No,MD,0.0,No,Low
 384-3968, no, no,87,50.56,2,Yes,HI,0.42,No,Medium
 342-7847, no, no,63,25.13,1,No,WV,0.01,No,Low
 331-8698, yes, yes,124,31.81,2,No,SD,0.11,No,Low
 337-7132, no, no,148,40.21,2,No,NY,0.07,No,Low
 364-7579, no, no,68,31.71,1,No,ID,0.0,No,Low
 379-7890, yes, no,72,48.64,4,Yes,TX,0.94,Yes,Critical
 420-6893, no, no,119,18.22,2,No,TX,0.0,No,Low
 358-5239, no, yes,43,15.83,1,No,ID,0.04,No,Low
 343-4434, no, no,136,22.51,2,No,CA,0.05,No,Low
 385-6470, no, no,97,13.72,0,No,MO,0.02,No,Low
 327-6947, no, no,149,19.47,0,No,OR,0.02,No,Low
 413-2034, no, no,59,26.44,4,Yes,KY,0.92,Yes,Critical
 364-1156, no, no,77,31.4,1,No,NY,0.02,No,Low
 379-6936, no, no,110,16.0,2,No,MI,0.06,No,Low
 327-7615, no, no,70,38.98,1,No,WA,0.01,No,Low
 334-3433, no, no,155,38.05,1,No,VT,0.03,No,Low
 386-7672, no, yes,151,26.25,3,No,DC,0.01,No,Low
 330-8642, no, no,125,32.33,4,Yes,TX,0.71,Yes,High
 352-4255, no, no,83,28.39,1,No,NJ,0.0,No,Low
 334-3152, no, no,94,26.32,0,No,ND,0.0,No,Low
 356-3554, no, yes,11,49.88,1,No,CO,0.07,No,Low
 404-9485, no, no,92,27.29,3,No,CO,0.01,No,Low
 361-3491, no, yes,70,39.13,0,No,GA,0.02,No,Low
 393-8000, no, no,82,32.62,0,No,UT,0.01,No,Low
 403-7587, no, no,65,22.36,1,No,CO,0.0,No,Low
 375-8584, no, no,102,29.17,0,Yes,AZ,0.66,Yes,High
 400-4883, no, no,112,41.16,3,Yes,TX,0.74,Yes,High
 380-2125, no, no,78,26.74,1,No,CT,0.03,No,Low
 407-7760, yes, no,77,32.76,1,No,NM,0.02,No,Low
 404-3184, no, no,126,29.85,1,No,MI,0.01,No,Low
 391-1850, no, yes,58,40.73,2,No,ME,0.03,No,Low
 353-5218, no, no,38,16.47,0,No,CT,0.04,No,Low
 413-6899, no, no,87,22.02,2,No,MO,0.02,No,Low
 363-5220, yes, no,72,46.58,4,No,WY,0.14,No,Low
 388-2082, no, no,69,18.99,2,No,DC,0.03,No,Low
 403-1286, no, no,85,24.26,3,No,RI,0.01,No,Low
 399-7573, no, no,176,36.84,1,No,VA,0.05,No,Low
 412-4990, no, no,133,35.21,3,No,MA,0.01,No,Low
 406-7175, no, no,146,36.52,3,No,MT,0.04,No,Low
 410-4125, no, no,31,24.29,0,No,WA,0.03,No,Low
 372-2361, yes, no,78,12.16,3,Yes,TN,0.91,Yes,Critical
 379-5981, no, no,118,13.19,1,No,ND,0.01,No,Low
 343-9362, no, no,119,12.53,3,No,ME,0.01,No,Low
 407-1461, no, no,141,44.93,0,Yes,CO,0.6,Yes,High
 336-2510, yes, no,91,17.54,2,Yes,IN,0.97,Yes,Critical
 390-2027, yes, no,150,19.52,1,Yes,DC,0.89,Yes,Critical
 350-9298, no, no,76,36.13,3,No,UT,0.05,No,Low
 343-7980, no, yes,159,48.99,1,No,ID,0.13,No,Low
 338-6767, no, no,66,32.71,0,No,UT,0.02,No,Low
 383-9392, no, no,139,17.37,1,No,MD,0.0,No,Low
 350-1054, yes, no,122,8.42,0,No,VT,0.08,No,Low
 382-3034, no, no,91,26.04,4,Yes,FL,0.77,Yes,Critical
 354-7303, no, no,131,9.44,1,No,NH,0.03,No,Low
 416-5380, no, no,135,42.02,0,No,IL,0.06,No,Low
 359-1287, no, yes,109,16.95,3,No,NM,0.04,No,Low
 368-5046, no, no,129,37.43,2,No,KS,0.01,No,Low
 416-3536, no, no,85,19.87,2,No,WV,0.1,No,Low
 347-1182, no, no,125,29.9,0,No,ID,0.06,No,Low
 402-4206, no, no,67,35.36,3,No,ME,0.01,No,Low
 398-3490, no, yes,61,40.78,1,No,MA,0.02,No,Low
 342-6182, no, no,77,23.21,1,No,TX,0.0,No,Low
 389-4686, yes, no,135,29.72,3,No,OR,0.02,No,Low
 380-1669, no, yes,43,24.06,3,No,WV,0.02,No,Low
 403-1409, no, no,120,13.46,3,No,MO,0.01,No,Low
 410-4629, no, no,62,40.61,0,No,WY,0.13,No,Low
 355-7681, no, yes,160,30.57,3,No,WV,0.04,No,Low
 418-7885, no, no,67,38.4,2,Yes,UT,0.62,Yes,High
 365-1710, no, no,98,32.27,1,No,KY,0.03,No,Low
 388-4235, no, no,103,45.39,1,Yes,OK,0.97,Yes,Critical
 375-6971, no, no,121,36.94,1,No,TN,0.02,No,Low
 395-7027, no, no,111,21.95,2,No,GA,0.06,No,Low
 344-1999, no, no,127,23.04,2,No,NE,0.02,No,Low
 364-8637, no, no,65,31.18,4,Yes,WA,0.73,Yes,High
 342-4634, no, no,86,37.91,3,Yes,MO,0.43,No,Medium
 419-7320, no, yes,133,21.34,2,No,WV,0.02,No,Low
 351-4104, no, no,238,34.34,2,No,WA,0.05,No,Low
 398-8353, no, no,119,23.8,0,No,ME,0.01,No,Low
 387-6522, no, no,113,21.42,0,No,WI,0.01,No,Low
 328-6785, no, no,126,38.79,1,No,NC,0.03,No,Low
 414-5554, no, no,103,47.33,1,Yes,OK,0.98,Yes,Critical
 365-9789, no, no,104,48.5,2,No,MA,0.09,No,Low
 349-3065, no, no,56,37.89,1,No,MN,0.0,No,Low
 386-7001, no, yes,56,26.13,1,No,ND,0.02,No,Low
 412-6782, yes, no,155,29.94,2,Yes,AZ,0.87,Yes,Critical
 367-6010, no, yes,100,52.17,2,No,SC,0.06,No,Low
 422-8472, no, no,113,34.58,1,No,ME,0.02,No,Low
 370-4667, no, yes,103,39.22,2,No,MO,0.08,No,Low
 414-6478, no, no,160,20.21,0,No,NJ,0.07,No,Low
 380-4194, no, yes,142,37.32,1,No,WY,0.0,No,Low
 409-8346, yes, yes,73,42.99,0,No,OK,0.09,No,Low
 339-9147, no, yes,135,29.34,1,No,PA,0.0,No,Low
 371-7098, no, no,120,29.6,0,No,ND,0.0,No,Low
 399-5418, no, no,29,44.54,1,No,NM,0.06,No,Low
 409-1729, no, no,158,20.96,3,No,FL,0.05,No,Low
 387-7184, no, no,132,36.31,4,No,MO,0.13,No,Low
 407-5234, no, no,104,35.85,3,Yes,NV,0.69,Yes,High
 377-4646, no, no,74,24.43,1,No,SD,0.01,No,Low
 347-6706, no, no,28,29.1,2,No,OR,0.01,No,Low
 360-8131, yes, no,45,32.23,1,Yes,TN,0.98,Yes,Critical
 342-2078, no, no,60,39.02,2,No,VA,0.0,No,Low
 332-3072, no, no,173,21.86,4,Yes,ME,0.78,Yes,Critical
 394-5397, no, yes,152,36.52,1,No,FL,0.0,No,Low
 388-8481, no, no,140,31.81,2,No,RI,0.04,No,Low
 385-3019, no, yes,94,35.58,0,No,DC,0.01,No,Low
 337-1302, no, no,88,24.09,0,No,AR,0.0,No,Low
 370-5687, no, yes,170,29.51,1,No,OR,0.02,No,Low
 355-2963, no, no,57,30.07,1,No,SD,0.02,No,Low
 352-3832, yes, no,78,33.81,0,Yes,MS,0.98,Yes,Critical
 416-8826, no, yes,102,18.67,0,No,NC,0.0,No,Low
 340-9208, no, no,49,34.39,3,Yes,OH,0.67,Yes,High
 379-6697, no, no,195,37.67,0,No,IN,0.05,No,Low
 386-9320, no, no,64,22.32,4,Yes,MT,0.76,Yes,Critical
 336-4889, yes, no,105,46.58,3,Yes,SC,0.89,Yes,Critical
 352-1257, no, yes,81,34.05,1,No,OR,0.01,No,Low
 396-4149, no, yes,123,34.39,3,No,OR,0.04,No,Low
 408-8873, no, no,63,34.68,3,No,GA,0.0,No,Low
 340-1893, no, no,126,32.83,3,No,MI,0.04,No,Low
 420-1372, no, no,153,34.37,2,No,OR,0.03,No,Low
 385-7814, no, no,67,41.67,3,No,OR,0.06,No,Low
 400-9082, no, no,65,26.91,2,No,MA,0.01,No,Low
 368-5621, no, no,21,23.48,0,No,IA,0.02,No,Low
 355-3803, no, no,72,36.16,0,No,VA,0.04,No,Low
 382-4771, no, no,176,51.71,7,Yes,WV,0.81,Yes,Critical
 340-6060, no, yes,150,36.11,2,No,TX,0.06,No,Low
 379-5017, yes, no,108,23.34,1,Yes,IL,0.89,Yes,Critical
 347-2422, no, yes,129,27.44,1,No,RI,0.0,No,Low
 335-6557, yes, no,73,34.49,1,No,WA,0.31,No,Medium
 408-8957, no, no,90,46.27,0,No,DE,0.22,No,Low
 379-9438, no, no,105,16.69,1,No,NV,0.03,No,Low
 329-5668, no, no,115,13.74,1,No,MO,0.02,No,Low
 417-3313, no, no,82,35.22,7,No,OH,0.05,No,Low
 372-1849, no, no,131,38.71,4,No,NH,0.09,No,Low
 402-6363, no, no,77,35.5,0,No,ME,0.07,No,Low
 402-7349, no, no,201,27.18,3,No,NH,0.05,No,Low
 414-2751, yes, no,139,31.47,3,No,NC,0.07,No,Low
 351-9450, no, no,94,23.65,1,No,KY,0.01,No,Low
 330-9197, no, no,95,26.44,1,No,UT,0.01,No,Low
 367-8176, no, no,138,30.69,2,No,NV,0.04,No,Low
 409-7971, no, no,105,34.78,1,No,VT,0.02,No,Low
 333-6788, yes, no,81,37.47,1,Yes,ME,0.65,Yes,High
 386-3651, no, no,127,37.94,2,No,ME,0.01,No,Low
 417-3884, no, no,84,18.55,0,No,PA,0.03,No,Low
 395-9771, no, yes,47,23.21,2,No,MI,0.0,No,Low
 405-8341, yes, no,128,32.78,1,Yes,MN,0.94,Yes,Critical
 397-7074, no, no,39,30.43,2,No,SD,0.05,No,Low
 345-1157, no, no,76,49.95,0,Yes,KY,0.85,Yes,Critical
 358-4181, no, no,95,38.52,2,No,SC,0.06,No,Low
 379-8644, no, no,82,53.31,1,Yes,WA,0.94,Yes,Critical
 358-4969, no, no,167,22.19,1,No,KY,0.02,No,Low
 331-9374, no, no,104,31.76,0,No,PA,0.01,No,Low
 416-6760, no, no,136,18.73,2,No,VA,0.02,No,Low
 341-7855, no, yes,83,38.79,0,No,UT,0.03,No,Low
 387-4090, yes, no,78,30.02,2,Yes,DC,0.94,Yes,Critical
 329-4175, no, yes,135,41.04,0,No,MA,0.0,No,Low
 348-3694, no, no,79,29.72,3,No,LA,0.0,No,Low
 368-5606, no, no,133,29.21,1,No,VA,0.01,No,Low
 403-7877, no, yes,76,32.44,1,No,MI,0.01,No,Low
 333-1633, no, no,216,36.09,3,No,MI,0.08,No,Low
 418-7248, no, no,73,27.03,2,No,CT,0.01,No,Low
 409-4681, no, yes,183,30.33,3,No,NH,0.02,No,Low
 394-5644, no, no,106,37.76,0,No,AL,0.14,No,Low
 349-6098, no, no,78,40.61,6,No,MD,0.1,No,Low
 396-4269, no, no,109,17.31,1,No,ND,0.06,No,Low
 420-6843, no, no,90,32.3,2,No,RI,0.01,No,Low
 398-5465, no, yes,112,20.4,1,No,NY,0.03,No,Low
 354-4763, no, no,92,24.8,2,No,OH,0.0,No,Low
 351-6644, no, no,35,30.57,1,No,WV,0.01,No,Low
 397-8771, no, no,28,38.37,1,No,OK,0.05,No,Low
 398-3969, no, no,93,33.95,0,No,WI,0.02,No,Low
 384-7156, no, no,26,25.5,3,No,OH,0.03,No,Low
 396-3744, yes, no,33,42.01,4,Yes,OK,0.82,Yes,Critical
 333-1826, no, no,120,36.67,2,No,PA,0.01,No,Low
 360-8501, no, no,124,16.12,2,No,KS,0.04,No,Low
 350-5398, no, no,56,13.48,1,No,SD,0.02,No,Low
 354-2301, no, no,39,26.72,1,No,UT,0.01,No,Low
 328-9030, no, no,158,20.37,1,No,IN,0.03,No,Low
 405-5431, no, no,106,29.0,1,No,NH,0.02,No,Low
 379-9498, no, yes,52,38.95,1,No,IA,0.02,No,Low
 418-1678, no, no,112,22.97,1,No,WA,0.11,No,Low
 373-1437, yes, no,148,23.26,2,No,ND,0.03,No,Low
 376-2803, no, no,12,40.75,2,No,AL,0.13,No,Low
 412-8992, yes, no,109,27.13,4,Yes,TX,0.8,Yes,Critical
 334-6492, no, yes,142,39.3,4,No,CT,0.01,No,Low
 364-8778, no, no,60,34.63,3,No,OR,0.01,No,Low
 421-9683, no, yes,141,26.83,2,No,AK,0.02,No,Low
 407-5054, no, no,168,27.3,1,Yes,IN,0.04,No,Low
 411-2289, yes, no,138,44.39,3,Yes,NY,0.79,Yes,Critical
 359-2149, no, no,88,23.58,1,No,WY,0.0,No,Low
 369-1757, no, no,119,38.52,1,No,WI,0.04,No,Low
 387-5176, no, no,31,38.95,3,No,DE,0.04,No,Low
 408-7260, no, no,102,26.76,0,No,TN,0.04,No,Low
 420-3480, no, yes,149,31.55,1,Yes,DC,0.57,Yes,High
 343-5445, no, no,138,36.92,4,No,TX,0.28,No,Low
 352-7986, no, no,118,31.13,0,No,DC,0.02,No,Low
 372-2527, no, yes,222,37.15,4,No,TN,0.26,No,Low
 412-2578, no, no,130,24.45,0,No,MI,0.03,No,Low
 379-2554, no, yes,60,38.01,4,No,WA,0.03,No,Low
 380-7206, no, no,90,32.15,1,No,ME,0.02,No,Low
 333-5541, no, no,140,24.31,4,Yes,DE,0.91,Yes,Critical
 411-2995, no, yes,101,25.02,1,No,CO,0.0,No,Low
 411-3547, no, yes,134,38.08,2,No,NJ,0.05,No,Low
 370-6858, yes, no,88,22.59,2,Yes,OK,0.95,Yes,Critical
 416-5528, no, no,118,27.25,0,No,VA,0.0,No,Low
 329-9685, no, yes,93,36.35,1,No,TN,0.0,No,Low
 364-3035, no, no,232,42.19,2,No,HI,0.07,No,Low
 384-7646, no, yes,137,29.68,3,No,PA,0.02,No,Low
 329-3501, no, yes,3,34.94,0,No,WY,0.01,No,Low
 418-2068, no, no,137,35.55,3,No,RI,0.01,No,Low
 364-7547, no, no,42,42.69,0,No,RI,0.06,No,Low
 359-1487, no, no,58,31.89,3,No,MD,0.01,No,Low
 390-2383, no, no,233,23.34,1,No,IL,0.03,No,Low
 368-8579, no, yes,55,33.58,1,No,KY,0.08,No,Low
 366-8322, no, no,69,37.67,1,No,OH,0.01,No,Low
 373-7819, no, no,100,34.12,1,No,VA,0.03,No,Low
 418-1655, no, no,111,38.47,0,No,MT,0.03,No,Low
 380-6554, no, no,86,36.18,2,No,PA,0.02,No,Low
 411-7944, no, no,105,36.26,1,No,NE,0.0,No,Low
 365-4106, yes, no,111,30.11,2,No,GA,0.11,No,Low
 368-7933, no, no,75,38.96,0,No,ME,0.03,No,Low
 372-6246, no, yes,95,22.0,4,Yes,OH,0.92,Yes,Critical
 348-6721, no, no,137,34.53,4,No,ID,0.09,No,Low
 406-5281, yes, no,116,39.47,7,Yes,KS,0.93,Yes,Critical
 386-3025, no, no,125,23.55,2,No,TN,0.02,No,Low
 351-4517, no, no,65,32.18,3,No,WA,0.01,No,Low
 350-4256, no, yes,55,23.97,0,No,IN,0.0,No,Low
 392-4995, no, no,86,20.16,2,No,MA,0.06,No,Low
 367-3275, no, no,100,43.21,0,Yes,VT,0.71,Yes,High
 403-6877, no, no,70,30.01,1,No,IL,0.0,No,Low
 350-2332, no, no,67,39.83,3,No,ID,0.03,No,Low
 377-8126, no, yes,50,25.04,2,No,DE,0.0,No,Low
 375-4450, no, no,42,29.07,0,No,AK,0.01,No,Low
 379-5420, no, yes,76,30.24,2,No,RI,0.0,No,Low
 405-6350, no, yes,103,40.9,5,No,MO,0.03,No,Low
 363-2674, no, no,90,19.45,0,No,NE,0.01,No,Low
 417-3093, no, no,66,19.36,2,No,FL,0.05,No,Low
 403-8383, no, no,22,30.6,1,No,MI,0.01,No,Low
 340-6397, no, no,67,30.16,4,Yes,IA,0.77,Yes,Critical
 416-8652, no, yes,147,18.84,2,No,PA,0.0,No,Low
 349-8594, no, yes,57,23.58,2,No,AR,0.0,No,Low
 335-4379, no, yes,7,36.01,2,No,KY,0.02,No,Low
 400-8619, no, no,85,39.87,4,No,MN,0.09,No,Low
 337-6212, no, no,92,40.83,1,No,TX,0.04,No,Low
 386-5996, no, no,92,37.81,1,No,HI,0.0,No,Low
 347-8258, no, yes,116,47.67,3,No,WY,0.06,No,Low
 373-1160, no, no,133,19.26,2,No,WI,0.01,No,Low
 380-4150, no, no,134,18.19,2,No,NV,0.01,No,Low
 330-8787, no, no,19,31.37,1,No,DC,0.03,No,Low
 369-6042, no, yes,66,27.74,1,No,IL,0.0,No,Low
 372-3670, no, no,65,32.95,3,No,MS,0.01,No,Low
 344-8759, no, no,104,31.47,2,No,WV,0.0,No,Low
 380-9660, no, no,140,25.76,3,No,WY,0.03,No,Low
 338-1968, no, no,102,24.43,2,No,MA,0.0,No,Low
 341-4332, yes, no,101,28.82,0,Yes,OR,0.92,Yes,Critical
 400-6094, no, no,62,35.92,0,No,ME,0.0,No,Low
 353-5289, no, yes,115,31.3,0,No,AR,0.02,No,Low
 339-3672, no, yes,111,26.18,1,No,LA,0.03,No,Low
 404-6427, no, no,119,35.6,2,No,MD,0.16,No,Low
 377-6036, no, no,121,28.27,2,No,NJ,0.02,No,Low
 401-7439, no, no,108,18.46,0,No,MT,0.06,No,Low
 347-4928, no, yes,63,39.15,1,No,MD,0.0,No,Low
 368-4117, no, yes,59,34.02,1,No,CT,0.07,No,Low
 393-4707, no, no,82,30.46,1,No,OH,0.0,No,Low
 373-7804, no, no,126,44.47,4,No,NJ,0.51,Yes,Medium
 417-4285, no, no,110,22.02,3,No,NV,0.0,No,Low
 408-7909, no, no,85,27.88,1,No,KS,0.0,No,Low
 399-5167, no, no,46,39.22,2,No,TX,0.03,No,Low
 375-8931, no, no,44,35.22,0,No,MN,0.04,No,Low
 418-2321, no, no,171,29.22,1,No,MT,0.04,No,Low
 395-8865, no, yes,88,30.89,2,No,AK,0.01,No,Low
 369-6323, no, no,169,40.92,2,No,HI,0.02,No,Low
 361-1256, no, no,48,33.69,1,No,TX,0.03,No,Low
 380-3141, no, no,65,16.32,3,No,ID,0.07,No,Low
 367-8066, no, no,81,28.08,0,No,WY,0.0,No,Low
 340-9715, no, no,53,29.16,1,No,KY,0.0,No,Low
 388-7231, no, yes,72,18.99,1,No,AR,0.01,No,Low
 413-1858, no, no,100,25.96,2,No,OR,0.03,No,Low
 416-9219, no, no,82,33.1,3,No,MN,0.02,No,Low
 341-2862, no, no,71,20.38,3,No,HI,0.0,No,Low
 356-5066, no, no,103,37.89,1,No,LA,0.02,No,Low
 375-8229, no, no,87,35.82,1,No,RI,0.02,No,Low
 342-7953, no, no,116,43.28,2,Yes,MD,0.87,Yes,Critical
 397-8357, no, no,140,45.05,1,No,MS,0.1,No,Low
 396-3138, no, no,93,29.29,3,No,TN,0.01,No,Low
 366-8053, no, no,90,44.05,0,No,ID,0.04,No,Low
 412-6048, no, no,130,35.94,1,No,GA,0.03,No,Low
 390-1385, yes, no,121,29.9,2,No,KS,0.05,No,Low
 376-9305, yes, no,47,22.95,1,Yes,HI,0.92,Yes,Critical
 356-3006, yes, yes,94,19.64,0,No,WV,0.09,No,Low
 354-7765, no, no,76,32.81,0,No,MS,0.01,No,Low
 408-8444, no, no,69,28.46,1,No,MS,0.06,No,Low
 349-3633, no, yes,117,32.42,1,No,SC,0.0,No,Low
 331-5650, no, no,70,55.34,1,Yes,KS,0.97,Yes,Critical
 347-7259, no, no,130,23.63,3,No,ID,0.04,No,Low
 372-8261, no, yes,109,26.5,0,No,AK,0.01,No,Low
 390-2848, no, no,115,30.96,0,No,MS,0.03,No,Low
 358-8220, no, no,114,23.77,2,No,NY,0.01,No,Low
 406-5144, no, no,135,19.16,0,No,OH,0.1,No,Low
 411-1626, no, yes,79,29.44,1,No,DE,0.0,No,Low
 331-5631, no, no,123,38.35,1,No,RI,0.0,No,Low
 333-4239, yes, no,112,33.27,1,No,NE,0.05,No,Low
 331-6403, no, no,57,36.38,0,No,HI,0.0,No,Low
 374-8632, no, no,143,46.19,1,No,NM,0.19,No,Low
 413-7537, no, no,107,43.81,1,No,UT,0.01,No,Low
 385-1733, yes, no,103,22.64,1,Yes,MD,0.89,Yes,Critical
 354-7711, no, no,157,42.28,5,Yes,IA,0.81,Yes,Critical
 390-4127, no, no,120,30.74,2,No,KY,0.01,No,Low
 410-6815, yes, yes,81,38.93,1,No,VT,0.03,No,Low
 394-2576, no, no,136,46.97,1,Yes,NM,0.94,Yes,Critical
 395-2817, no, yes,83,22.63,3,No,VT,0.0,No,Low
 377-9045, no, no,137,42.21,1,No,PA,0.15,No,Low
 338-2813, no, yes,93,39.17,3,No,VT,0.0,No,Low
 412-4971, no, no,103,31.59,1,No,OR,0.0,No,Low
 364-9028, no, no,96,31.26,2,No,CA,0.05,No,Low
 384-2907, yes, no,77,22.59,0,No,NY,0.18,No,Low
 366-5049, no, no,128,37.57,3,No,MO,0.01,No,Low
 420-4140, no, no,116,30.43,1,No,NM,0.04,No,Low
 381-5641, yes, no,96,32.1,3,No,MN,0.03,No,Low
 404-3055, yes, yes,60,23.05,4,Yes,CT,0.77,Yes,Critical
 416-7924, yes, yes,105,29.33,2,No,IA,0.04,No,Low
 406-8380, no, no,123,22.54,1,No,AL,0.03,No,Low
 367-5128, no, no,84,21.71,1,No,GA,0.04,No,Low
 330-9351, no, no,107,26.57,1,No,NJ,0.0,No,Low
 358-7985, no, no,86,39.88,1,Yes,CA,0.75,Yes,Critical
 378-8317, no, no,115,34.36,1,No,VT,0.04,No,Low
 331-6243, no, yes,128,46.27,1,No,TN,0.06,No,Low
 379-7476, no, no,97,41.68,1,No,SD,0.02,No,Low
 378-1408, no, no,90,35.29,1,No,CO,0.01,No,Low
 349-6158, no, no,22,37.89,1,No,KY,0.05,No,Low
 398-8927, no, no,121,46.55,1,Yes,IA,0.94,Yes,Critical
 377-9636, no, no,169,32.78,2,No,CT,0.11,No,Low
 355-3062, no, no,83,45.68,0,No,MA,0.08,No,Low
 407-8683, no, yes,87,30.4,1,No,NV,0.14,No,Low
 405-7948, no, yes,126,33.54,1,No,VA,0.02,No,Low
 396-2646, no, yes,61,39.76,1,No,NY,0.0,No,Low
 398-4699, yes, no,90,35.21,2,No,MO,0.04,No,Low
 387-9043, no, no,131,23.26,2,No,FL,0.01,No,Low
 403-3235, no, no,89,27.1,1,No,SC,0.0,No,Low
 409-2788, no, no,71,19.06,0,No,IL,0.01,No,Low
 359-1645, no, no,166,40.56,4,No,NE,0.12,No,Low
 405-1184, yes, no,146,27.8,1,No,AK,0.01,No,Low
 399-4204, yes, no,90,21.62,2,No,TN,0.03,No,Low
 401-3749, no, no,59,24.79,0,No,NM,0.01,No,Low
 373-1739, no, no,25,42.52,2,No,NV,0.21,No,Low
 337-1944, no, no,124,39.81,0,No,UT,0.11,No,Low
 337-3453, no, no,105,17.26,3,No,WV,0.02,No,Low
 381-7815, no, yes,143,20.33,1,No,IL,0.01,No,Low
 400-8640, no, no,162,37.72,1,No,MN,0.05,No,Low
 414-1854, no, no,56,26.89,1,No,HI,0.0,No,Low
 404-2850, no, no,105,32.84,1,No,DC,0.01,No,Low
 411-2117, no, yes,73,37.01,1,No,ID,0.0,No,Low
 374-1411, no, no,54,33.97,0,No,NC,0.01,No,Low
 410-4156, no, no,98,29.22,2,No,AL,0.0,No,Low
 388-6108, no, yes,100,11.51,6,Yes,OR,0.64,Yes,High
 354-3963, no, no,107,38.79,4,No,IL,0.15,No,Low
 413-2121, no, no,167,32.56,1,No,WV,0.08,No,Low
 340-3837, no, no,49,29.16,2,No,MN,0.03,No,Low
 351-3590, no, no,34,25.69,0,No,LA,0.02,No,Low
 387-2956, no, no,109,22.83,3,No,VT,0.03,No,Low
 347-5734, no, no,109,20.03,1,No,IL,0.03,No,Low
 352-8833, no, no,39,30.8,3,No,KS,0.18,No,Low
 373-2483, no, no,90,25.89,2,No,UT,0.02,No,Low
 363-1871, no, no,114,34.75,2,No,KY,0.02,No,Low
 369-4991, no, no,113,48.26,2,No,MT,0.08,No,Low
 365-5778, no, yes,19,24.26,0,No,MA,0.13,No,Low
 419-2228, no, no,94,24.72,2,No,NJ,0.03,No,Low
 342-6200, no, no,69,35.99,4,No,WY,0.09,No,Low
 398-9791, no, no,90,32.74,3,No,VT,0.0,No,Low
 377-8635, no, no,48,8.84,2,No,AL,0.02,No,Low
 354-1754, no, yes,122,40.41,1,No,DE,0.0,No,Low
 387-5133, no, yes,123,34.61,1,No,WV,0.0,No,Low
 367-2480, no, no,81,32.71,1,No,IA,0.0,No,Low
 413-6203, no, no,43,36.13,0,No,PA,0.08,No,Low
 337-3699, no, no,25,19.45,3,No,TN,0.03,No,Low
 391-6449, no, no,170,37.88,1,No,NH,0.03,No,Low
 335-2410, no, no,129,35.31,2,No,KY,0.0,No,Low
 364-4535, no, yes,82,42.4,1,No,ME,0.02,No,Low
 375-8260, no, yes,132,26.84,3,No,MN,0.02,No,Low
 389-2130, no, no,42,23.44,5,Yes,NM,0.85,Yes,Critical
 421-6168, no, no,8,29.92,1,No,NH,0.01,No,Low
 401-1455, no, no,145,27.0,2,No,TX,0.07,No,Low
 358-4997, no, no,131,39.78,1,No,AL,0.02,No,Low
 417-1397, no, no,105,22.49,0,No,WA,0.02,No,Low
 383-6332, no, yes,90,47.02,3,No,MN,0.02,No,Low
 338-5344, no, no,124,18.39,4,Yes,NJ,0.61,Yes,High
 333-6486, no, no,82,26.52,0,No,NH,0.04,No,Low
 371-6274, no, no,76,35.45,0,No,VT,0.0,No,Low
 381-9931, no, no,98,41.38,2,No,NH,0.03,No,Low
 387-2084, yes, no,80,46.82,0,Yes,MD,0.95,Yes,Critical
 383-7095, no, no,57,33.68,1,No,LA,0.03,No,Low
 368-4510, no, no,137,18.67,1,No,SC,0.11,No,Low
 350-8219, no, no,87,20.49,2,No,AR,0.0,No,Low
 350-7785, no, no,131,43.62,1,Yes,WV,0.79,Yes,Critical
 347-1864, yes, no,158,34.0,0,Yes,KS,0.87,Yes,Critical
 345-3199, no, no,116,14.59,1,No,AR,0.01,No,Low
 374-2374, no, yes,136,29.58,1,No,NH,0.0,No,Low
 351-1816, no, no,149,37.64,1,No,TX,0.04,No,Low
 416-3576, no, no,108,22.63,3,No,TX,0.02,No,Low
 378-6684, no, no,25,33.18,2,No,PA,0.02,No,Low
 405-2038, no, no,104,41.89,2,No,ME,0.11,No,Low
 390-1597, no, no,25,33.86,2,No,WY,0.01,No,Low
 327-9613, no, yes,140,40.02,3,No,KY,0.04,No,Low
 331-9226, yes, yes,46,29.05,2,No,WY,0.13,No,Low
 371-7947, no, no,106,26.5,2,No,RI,0.0,No,Low
 376-5968, no, yes,81,17.41,2,No,LA,0.03,No,Low
 422-8152, no, no,33,34.09,3,No,HI,0.0,No,Low
 330-5602, no, yes,77,32.67,1,No,KY,0.0,No,Low
 396-7652, no, yes,87,34.46,1,No,DE,0.01,No,Low
 333-1661, no, yes,72,14.33,4,Yes,SD,0.84,Yes,Critical
 419-9550, no, yes,45,28.56,0,No,MS,0.0,No,Low
 416-6596, yes, yes,41,47.28,0,No,WI,0.12,No,Low
 348-3424, no, no,122,21.81,1,No,VT,0.01,No,Low
 336-2113, no, yes,92,38.73,0,No,MA,0.03,No,Low
 393-8963, yes, no,65,9.32,1,Yes,OR,0.94,Yes,Critical
 407-1491, no, yes,57,23.83,1,No,MA,0.03,No,Low
 342-6864, no, no,127,46.1,0,Yes,MT,0.98,Yes,Critical
 378-5140, no, no,121,30.6,2,No,AK,0.01,No,Low
 414-8045, no, no,117,32.27,1,No,MS,0.01,No,Low
 369-5896, no, no,37,43.74,3,No,OR,0.09,No,Low
 348-6199, no, no,162,17.56,1,No,VA,0.03,No,Low
 408-8885, no, no,193,35.38,3,No,AZ,0.03,No,Low
 361-8630, no, no,80,33.17,2,No,UT,0.0,No,Low
 416-9174, no, no,176,27.64,1,No,WV,0.0,No,Low
 377-6340, no, no,76,28.63,1,No,MN,0.02,No,Low
 346-1098, no, yes,89,33.63,1,No,AZ,0.0,No,Low
 374-4186, no, no,128,36.11,1,No,RI,0.0,No,Low
 419-8866, no, no,138,10.83,0,No,NM,0.03,No,Low
 342-3593, no, no,90,32.95,3,No,HI,0.02,No,Low
 345-7512, no, yes,57,24.48,3,No,NY,0.0,No,Low
 343-6820, no, yes,177,32.13,3,No,NM,0.09,No,Low
 338-4794, no, yes,67,21.68,1,No,VT,0.03,No,Low
 355-8388, no, yes,98,28.71,0,No,MI,0.0,No,Low
 409-6884, no, no,140,34.8,2,No,IN,0.0,No,Low
 340-4599, no, no,43,34.6,1,No,OH,0.03,No,Low
 419-8830, no, no,133,38.56,0,No,KY,0.03,No,Low
 419-2044, no, yes,166,25.86,0,No,NC,0.04,No,Low
 378-4742, no, no,86,23.65,2,No,KY,0.0,No,Low
 379-6150, no, no,117,25.59,0,No,WY,0.11,No,Low
 422-8906, no, no,86,39.42,3,No,VA,0.06,No,Low
 364-3553, no, no,74,35.21,1,No,AL,0.0,No,Low
 373-2387, no, no,178,38.32,2,Yes,MN,0.7,Yes,High
 392-4556, no, yes,95,19.79,1,No,FL,0.05,No,Low
 353-1300, no, no,85,33.27,0,No,CA,0.06,No,Low
 339-7623, no, no,81,13.5,0,No,KY,0.02,No,Low
 388-6925, no, no,41,17.49,6,Yes,AR,0.95,Yes,Critical
 405-4441, no, no,217,16.95,0,No,VT,0.02,No,Low
 396-9684, no, no,79,36.28,0,No,MD,0.0,No,Low
 397-3854, no, no,15,31.47,5,No,CT,0.08,No,Low
 394-2549, no, no,96,28.31,3,No,MI,0.01,No,Low
 407-6746, no, no,140,37.42,1,No,PA,0.0,No,Low
 337-1017, yes, no,102,13.33,0,No,CO,0.04,No,Low
 367-1806, no, no,67,17.48,1,No,CA,0.02,No,Low
 376-9077, yes, yes,136,27.25,0,Yes,NJ,0.82,Yes,Critical
 381-7440, no, no,105,30.82,1,No,KY,0.0,No,Low
 371-9388, no, no,38,47.79,1,Yes,MO,0.93,Yes,Critical
 330-9102, no, no,91,29.33,3,No,CA,0.06,No,Low
 399-1377, no, no,110,42.72,1,Yes,CT,0.84,Yes,Critical
 366-7430, no, no,74,24.12,1,No,IL,0.0,No,Low
 395-5549, no, yes,79,25.16,3,No,RI,0.0,No,Low
 393-3431, yes, no,114,34.12,2,Yes,TN,0.92,Yes,Critical
 411-4797, no, no,44,40.51,5,No,WV,0.06,No,Low
 334-8668, no, no,107,37.42,2,No,MS,0.03,No,Low
 385-8301, no, yes,104,21.2,0,No,WI,0.0,No,Low
 413-6417, no, no,98,24.99,1,No,SC,0.0,No,Low
 378-7171, no, no,60,33.01,2,No,RI,0.0,No,Low
 337-5390, no, yes,138,36.53,0,No,AR,0.08,No,Low
 413-8297, no, no,89,45.87,1,Yes,NM,0.91,Yes,Critical
 414-9924, no, yes,22,25.7,2,No,NH,0.03,No,Low
 336-7762, no, no,69,18.92,1,No,NM,0.0,No,Low
 385-8758, no, no,106,46.55,0,No,AZ,0.11,No,Low
 402-7173, no, no,104,24.24,1,No,TN,0.08,No,Low
 396-8663, no, no,174,30.26,3,No,OK,0.01,No,Low
 400-6520, no, yes,127,30.69,1,No,SC,0.03,No,Low
 344-7508, no, yes,2,24.09,1,No,WY,0.02,No,Low
 396-1316, no, no,91,49.18,1,Yes,IN,0.88,Yes,Critical
 389-8812, no, yes,34,32.88,2,No,CT,0.0,No,Low
 380-5600, no, no,111,31.31,1,No,NY,0.02,No,Low
 409-9699, no, yes,110,24.5,2,No,TX,0.04,No,Low
 396-6712, no, no,65,30.65,3,No,IL,0.04,No,Low
 330-2627, no, yes,51,30.46,1,No,LA,0.1,No,Low
 392-8252, no, no,64,8.6,2,No,WA,0.08,No,Low
 379-8315, no, no,117,38.03,2,No,MD,0.03,No,Low
 369-9280, no, no,38,37.49,1,No,KY,0.0,No,Low
 420-1296, yes, no,112,36.99,2,No,DC,0.01,No,Low
 421-7427, no, yes,48,23.51,2,No,IL,0.0,No,Low
 385-2811, no, no,105,27.25,2,No,WY,0.01,No,Low
 349-8988, no, no,140,32.61,6,No,SD,0.09,No,Low
 333-7221, no, no,67,28.32,3,No,WI,0.01,No,Low
 391-6973, no, yes,43,35.19,1,No,UT,0.02,No,Low
 371-9065, no, yes,185,17.66,0,No,SD,0.01,No,Low
 389-3992, no, no,99,36.53,2,No,GA,0.01,No,Low
 364-1001, no, no,52,28.2,1,No,IN,0.0,No,Low
 371-7406, yes, yes,200,15.67,1,Yes,IA,0.81,Yes,Critical
 387-7338, no, no,82,30.99,1,No,OK,0.02,No,Low
 419-8947, no, no,143,35.94,1,Yes,WA,0.7,Yes,High
 386-8678, no, yes,71,25.7,0,No,AR,0.03,No,Low
 417-9122, no, no,124,30.4,2,No,WA,0.14,No,Low
 369-5327, no, no,172,23.12,0,No,NC,0.1,No,Low
 402-4898, no, no,97,14.81,2,No,NH,0.0,No,Low
 422-3701, no, no,120,28.73,3,No,WY,0.03,No,Low
 342-5610, no, no,83,33.44,3,No,MO,0.02,No,Low
 343-2507, no, no,92,19.48,2,No,OR,0.02,No,Low
 370-9624, no, no,130,34.77,0,No,MN,0.0,No,Low
 392-4026, yes, no,97,46.38,5,Yes,MA,0.87,Yes,Critical
 386-4495, no, yes,53,29.72,3,No,ME,0.02,No,Low
 373-3185, yes, no,87,21.91,0,No,MO,0.12,No,Low
 369-9169, no, no,138,9.32,1,No,MN,0.04,No,Low
 378-3392, no, no,136,44.03,3,No,NE,0.17,No,Low
 413-2720, no, no,98,31.04,6,Yes,MA,0.82,Yes,Critical
 388-1570, no, no,109,20.91,1,No,LA,0.02,No,Low
 345-9530, no, no,84,28.88,2,No,IA,0.0,No,Low
 354-1588, no, yes,157,34.24,2,No,ME,0.06,No,Low
 338-3265, no, yes,74,21.11,3,No,VT,0.0,No,Low
 357-1685, no, no,66,21.79,0,No,MA,0.03,No,Low
 361-7238, no, yes,142,36.43,4,No,SD,0.02,No,Low
 346-4638, no, yes,136,41.36,4,No,WA,0.08,No,Low
 358-4536, no, yes,75,34.12,4,No,IN,0.04,No,Low
 408-3215, no, no,59,39.34,2,No,MN,0.01,No,Low
 401-5654, no, yes,45,39.95,2,No,OR,0.02,No,Low
 416-9329, no, no,48,40.38,1,No,WV,0.0,No,Low
 369-8569, no, no,16,38.81,1,No,MO,0.05,No,Low
 361-7995, no, no,140,27.29,1,No,UT,0.01,No,Low
 393-8065, no, yes,108,31.55,1,No,ME,0.05,No,Low
 402-7954, no, no,53,36.43,1,No,IL,0.14,No,Low
 397-9729, no, no,91,40.94,4,No,OR,0.09,No,Low
 393-9679, no, no,105,17.71,1,No,RI,0.02,No,Low
 345-4482, no, no,122,46.55,3,Yes,KY,0.89,Yes,Critical
 333-9428, yes, no,26,33.05,0,No,TX,0.05,No,Low
 405-3504, no, no,129,22.13,2,No,KY,0.02,No,Low
 390-5776, yes, yes,118,21.03,0,No,UT,0.27,No,Low
 389-4585, no, no,152,24.28,0,No,AL,0.0,No,Low
 332-7088, no, yes,51,35.04,3,No,IL,0.03,No,Low
 369-1521, no, yes,57,31.01,1,No,AZ,0.01,No,Low
 410-2570, no, yes,60,30.58,2,No,SD,0.01,No,Low
 387-5736, no, no,103,38.83,3,No,VA,0.0,No,Low
 347-9629, no, no,57,34.34,1,No,UT,0.01,No,Low
 397-5715, no, no,84,25.3,1,No,CO,0.0,No,Low
 405-6013, yes, no,166,32.52,2,Yes,AL,0.93,Yes,Critical
 402-2371, no, no,130,27.18,1,No,TX,0.02,No,Low
 422-7769, yes, no,116,32.59,2,No,AZ,0.07,No,Low
 342-8290, no, no,51,14.69,2,No,OK,0.0,No,Low
 352-4586, no, no,161,25.7,2,No,CT,0.0,No,Low
 367-7186, no, no,39,33.35,0,No,MT,0.02,No,Low
 365-2713, no, no,130,30.96,2,No,AR,0.02,No,Low
 377-6009, no, no,42,26.37,3,No,AR,0.0,No,Low
 336-3641, no, yes,97,21.4,0,No,CO,0.02,No,Low
 386-1232, no, yes,127,23.14,2,No,AZ,0.02,No,Low
 397-9547, no, yes,34,48.33,0,No,UT,0.08,No,Low
 368-2580, no, no,116,33.95,1,No,MI,0.03,No,Low
 402-2974, no, no,158,16.69,2,No,SD,0.02,No,Low
 340-7792, no, yes,86,42.09,3,No,PA,0.01,No,Low
 382-5340, no, no,21,43.23,1,Yes,MT,0.82,Yes,Critical
 390-8352, no, no,78,41.02,3,No,MN,0.02,No,Low
 412-1996, no, no,137,19.01,4,Yes,MD,0.82,Yes,Critical
 350-9459, no, no,84,27.83,1,No,IN,0.01,No,Low
 422-3465, no, no,132,27.88,1,No,KS,0.04,No,Low
 351-3505, no, no,126,16.49,5,Yes,CA,0.81,Yes,Critical
 338-3267, no, no,83,33.18,0,No,HI,0.0,No,Low
 370-8625, yes, no,49,26.79,1,No,MT,0.1,No,Low
 410-3903, no, no,148,28.68,2,No,AZ,0.01,No,Low
 380-4273, no, no,43,43.11,3,Yes,ID,0.65,Yes,High
 405-8165, no, yes,78,33.83,1,No,VT,0.05,No,Low
 360-8224, no, no,65,31.03,1,No,CA,0.04,No,Low
 390-7408, no, no,79,13.8,1,No,MD,0.01,No,Low
 404-8841, no, no,76,30.45,0,No,MD,0.0,No,Low
 416-3550, no, no,124,31.06,1,No,NE,0.0,No,Low
 392-5428, no, no,98,35.19,2,No,AL,0.0,No,Low
 354-8345, no, no,142,41.38,4,No,WV,0.14,No,Low
 334-2938, no, no,146,26.76,0,No,NM,0.05,No,Low
 406-4649, no, no,84,39.76,3,No,IN,0.01,No,Low
 396-5467, no, no,200,33.22,3,No,NE,0.03,No,Low
 375-7203, no, no,17,30.67,0,No,OK,0.01,No,Low
 364-8533, no, no,84,29.29,2,No,GA,0.0,No,Low
 375-6587, no, no,67,24.6,1,No,NE,0.0,No,Low
 402-1792, no, no,125,24.41,2,No,SC,0.01,No,Low
 351-3853, no, no,61,14.98,2,No,CO,0.0,No,Low
 395-1103, no, yes,103,43.2,2,No,SC,0.03,No,Low
 407-2847, no, no,20,22.36,0,No,NM,0.02,No,Low
 406-8007, no, no,115,26.66,0,No,NJ,0.05,No,Low
 399-1571, no, no,139,33.47,1,No,TN,0.02,No,Low
 343-7745, no, no,96,30.26,2,No,ID,0.16,No,Low
 410-6499, no, no,101,33.29,2,No,ID,0.01,No,Low
 371-7111, no, yes,86,24.02,1,No,OH,0.03,No,Low
 394-7129, no, yes,42,21.34,2,No,AL,0.0,No,Low
 392-2267, no, no,48,34.09,4,No,ME,0.07,No,Low
 333-6661, no, no,134,34.94,2,No,IL,0.05,No,Low
 378-2996, no, no,149,25.86,0,No,CA,0.02,No,Low
 399-2354, no, no,120,36.81,3,No,AL,0.07,No,Low
 413-6583, no, no,62,20.28,5,Yes,MI,0.9,Yes,Critical
 371-1481, no, yes,84,19.36,4,Yes,MT,0.51,Yes,Medium
 351-4786, no, no,16,38.86,0,No,NJ,0.03,No,Low
 328-1728, no, no,80,18.11,1,No,IN,0.02,No,Low
 414-6137, no, no,78,43.2,0,Yes,KY,0.85,Yes,Critical
 364-5210, no, yes,104,27.74,3,No,IN,0.01,No,Low
 375-2367, no, yes,102,22.78,6,Yes,NY,0.88,Yes,Critical
 387-2232, no, yes,74,29.92,2,No,DE,0.02,No,Low
 362-9630, no, no,135,30.62,1,No,NJ,0.01,No,Low
 334-9218, no, no,55,30.62,0,No,ND,0.02,No,Low
 366-3815, no, no,106,16.12,1,No,SD,0.01,No,Low
 335-1608, no, no,34,35.77,1,No,VA,0.0,No,Low
 378-3789, no, no,100,29.61,1,No,VA,0.01,No,Low
 379-8123, no, no,127,32.25,2,No,ID,0.03,No,Low
 339-1089, no, yes,65,44.03,1,No,ID,0.02,No,Low
 335-1545, no, yes,109,14.69,2,No,MO,0.01,No,Low
 391-1025, no, no,98,23.27,4,Yes,NY,0.82,Yes,Critical
 345-4308, no, yes,76,39.93,1,No,LA,0.07,No,Low
 415-7128, no, no,141,33.41,6,No,UT,0.06,No,Low
 397-2910, no, no,136,37.64,0,No,MN,0.1,No,Low
 395-2561, no, yes,69,28.93,2,No,SD,0.02,No,Low
 369-2037, no, no,42,32.62,0,No,RI,0.02,No,Low
 376-6510, yes, no,162,29.26,2,No,MS,0.07,No,Low
 411-3123, no, no,49,32.28,1,No,NC,0.01,No,Low
 386-6362, no, no,103,25.13,1,No,VA,0.05,No,Low
 335-3768, no, no,102,10.63,1,No,VA,0.02,No,Low
 376-5983, no, no,222,43.62,1,Yes,TN,0.85,Yes,Critical
 357-3354, no, yes,100,21.03,1,No,OR,0.03,No,Low
 334-6819, no, no,86,19.23,1,No,NE,0.02,No,Low
 385-4368, no, yes,94,37.4,1,No,DE,0.01,No,Low
 419-6650, no, no,106,25.11,1,No,DC,0.0,No,Low
 382-2277, no, no,91,46.22,1,Yes,AL,0.98,Yes,Critical
 372-9024, no, no,62,33.35,1,No,ND,0.02,No,Low
 406-6159, no, no,47,18.92,1,No,MD,0.0,No,Low
 418-1149, no, no,51,30.04,0,No,LA,0.06,No,Low
 385-4165, no, no,116,35.92,2,No,OK,0.04,No,Low
 365-8541, no, no,145,37.23,2,No,ID,0.03,No,Low
 417-6290, no, no,126,48.28,1,Yes,AZ,0.94,Yes,Critical
 393-6536, no, no,180,29.6,1,No,PA,0.03,No,Low
 421-3115, no, no,67,21.08,0,No,NE,0.02,No,Low
 393-7275, no, yes,38,29.85,2,No,TX,0.03,No,Low
 334-8646, no, yes,164,18.99,1,No,LA,0.02,No,Low
 380-3894, no, no,119,6.36,2,No,WI,0.01,No,Low
 418-3129, no, no,74,34.24,1,No,AR,0.01,No,Low
 352-9179, no, no,18,26.52,1,No,GA,0.01,No,Low
 385-5069, no, no,93,27.69,4,No,NY,0.13,No,Low
 342-5240, no, yes,64,35.94,2,No,MT,0.07,No,Low
 360-9919, no, no,103,29.0,0,No,MA,0.02,No,Low
 364-8121, no, no,121,34.66,3,No,AK,0.06,No,Low
 343-5656, no, no,108,26.74,1,No,LA,0.0,No,Low
 363-1245, no, no,112,29.36,0,No,AK,0.01,No,Low
 364-6062, no, no,77,33.42,2,No,RI,0.0,No,Low
 421-5052, no, yes,68,25.11,3,No,AR,0.01,No,Low
 330-4402, yes, no,83,33.59,3,Yes,IA,0.74,Yes,High
 377-6138, no, yes,87,31.74,1,No,CT,0.01,No,Low
 392-1345, no, yes,43,33.75,1,No,SC,0.01,No,Low
 413-9842, no, no,113,27.39,2,No,WA,0.03,No,Low
 348-5559, no, yes,95,32.44,2,No,AR,0.0,No,Low
 376-7462, no, no,30,33.18,1,No,TX,0.02,No,Low
 351-9727, no, no,56,41.74,5,No,GA,0.09,No,Low
 390-7940, no, no,172,49.39,2,Yes,NJ,0.89,Yes,Critical
 396-2691, no, yes,82,28.08,1,No,ME,0.0,No,Low
 337-1761, no, yes,96,11.32,2,No,PA,0.12,No,Low
 358-7548, no, no,95,33.81,1,No,WI,0.0,No,Low
 383-3965, no, no,97,28.76,1,No,DE,0.0,No,Low
 368-1503, no, no,115,46.84,3,Yes,DE,0.94,Yes,Critical
 333-8838, no, no,94,38.52,3,No,HI,0.0,No,Low
 396-5534, no, no,88,26.89,2,No,PA,0.0,No,Low
 396-4480, no, no,95,31.69,1,No,MA,0.01,No,Low
 344-5336, no, yes,90,32.98,1,No,MS,0.0,No,Low
 360-7929, no, no,52,28.19,3,No,SD,0.02,No,Low
 355-4217, no, no,91,24.34,2,No,PA,0.01,No,Low
 389-6975, no, no,163,40.56,1,No,MD,0.06,No,Low
 398-4383, yes, no,145,19.21,1,No,MS,0.23,No,Low
 394-5472, no, no,112,23.14,1,No,AR,0.0,No,Low
 367-5080, no, no,116,25.43,0,No,MI,0.04,No,Low
 415-7640, no, no,95,39.44,1,No,ID,0.0,No,Low
 396-7938, no, no,49,28.42,3,No,NY,0.01,No,Low
 343-4014, no, no,121,27.61,2,No,AK,0.02,No,Low
 411-1450, no, no,39,32.23,3,No,TN,0.01,No,Low
 385-8393, no, yes,41,42.09,1,No,CT,0.0,No,Low
 334-5429, no, no,60,30.5,2,No,HI,0.02,No,Low
 351-2839, no, no,158,41.67,2,No,RI,0.06,No,Low
 415-1527, no, yes,121,21.62,3,No,MS,0.0,No,Low
 336-2264, no, no,14,46.22,2,Yes,TX,0.85,Yes,Critical
 402-7333, no, no,45,24.26,2,No,MS,0.02,No,Low
 388-4326, no, no,154,16.07,2,No,WI,0.0,No,Low
 416-8998, no, yes,95,29.46,2,No,MS,0.0,No,Low
 367-5148, no, no,127,41.09,2,No,DE,0.02,No,Low
 338-3883, yes, no,74,45.48,3,Yes,CO,0.88,Yes,Critical
 368-6335, no, no,26,49.32,2,Yes,AL,0.93,Yes,Critical
 419-2467, no, yes,78,41.82,2,No,PA,0.09,No,Low
 414-9921, no, no,122,36.81,2,No,VT,0.01,No,Low
 347-2481, no, yes,101,40.89,2,No,WY,0.03,No,Low
 376-2544, no, no,67,48.37,1,No,SD,0.08,No,Low
 348-4821, no, no,142,22.39,1,No,WY,0.03,No,Low
 408-8744, no, yes,183,36.02,1,No,SC,0.04,No,Low
 333-6431, no, no,202,28.71,3,No,FL,0.03,No,Low
 358-2875, yes, no,24,39.19,1,No,LA,0.04,No,Low
 409-6092, no, no,36,33.24,1,No,FL,0.0,No,Low
 342-4371, no, no,167,19.09,1,No,WI,0.01,No,Low
 364-3331, no, no,118,17.61,0,No,IL,0.02,No,Low
 404-1439, no, no,136,20.66,1,No,NE,0.01,No,Low
 415-2123, no, no,77,29.89,0,No,SC,0.01,No,Low
 334-3001, no, no,85,31.79,2,No,IL,0.01,No,Low
 412-5379, no, no,133,28.2,2,No,MI,0.01,No,Low
 348-8585, no, no,122,25.84,1,No,OR,0.0,No,Low
 336-7727, yes, yes,52,35.28,2,No,VA,0.13,No,Low
 336-1079, no, no,136,39.59,0,No,KS,0.05,No,Low
 417-5848, no, no,19,24.96,0,No,CA,0.04,No,Low
 419-9250, no, no,140,34.32,0,No,MO,0.03,No,Low
 335-7325, no, no,119,20.64,2,No,WY,0.05,No,Low
 345-9837, no, no,139,34.31,1,No,SC,0.2,No,Low
 421-2652, no, no,122,45.17,3,No,ME,0.05,No,Low
 331-7160, no, yes,80,41.38,1,No,AR,0.0,No,Low
 416-8527, no, no,116,25.91,0,No,WI,0.0,No,Low
 409-9467, no, no,87,23.75,1,No,RI,0.02,No,Low
 384-5440, no, no,7,28.93,2,No,WV,0.0,No,Low
 352-2088, no, no,25,24.5,4,Yes,CT,0.85,Yes,Critical
 403-6518, no, no,133,21.91,1,No,MN,0.03,No,Low
 412-6050, no, no,63,1.12,0,No,IN,0.12,No,Low
 403-8791, no, no,120,16.03,1,No,MD,0.03,No,Low
 337-4677, no, yes,39,39.22,3,No,UT,0.01,No,Low
 403-5421, yes, no,132,24.53,1,Yes,MS,0.88,Yes,Critical
 361-4305, no, yes,108,21.42,1,No,OH,0.01,No,Low
 349-3935, no, no,155,47.87,2,No,NM,0.15,No,Low
 372-4073, no, no,152,50.68,4,Yes,ND,0.91,Yes,Critical
 340-4491, no, no,76,24.36,2,No,NE,0.04,No,Low
 358-4511, no, no,95,14.96,2,No,NE,0.02,No,Low
 369-5325, no, no,120,20.57,1,No,MO,0.05,No,Low
 406-9445, no, yes,51,36.19,2,No,UT,0.02,No,Low
 356-6569, no, no,61,36.98,1,No,VT,0.04,No,Low
 369-2798, no, no,17,23.48,1,No,MN,0.01,No,Low
 420-2042, no, yes,98,36.06,0,No,AZ,0.01,No,Low
 389-9887, no, yes,181,33.32,1,No,ND,0.1,No,Low
 406-7671, no, yes,114,31.65,0,No,RI,0.0,No,Low
 341-9275, yes, no,111,24.79,1,No,OH,0.04,No,Low
 361-5396, no, yes,160,23.29,2,No,IN,0.01,No,Low
 389-6407, no, no,58,32.52,3,No,NV,0.0,No,Low
 383-5256, no, no,71,39.56,1,No,PA,0.01,No,Low
 363-6514, no, no,89,14.62,3,No,MN,0.02,No,Low
 366-7180, no, yes,71,23.77,1,No,AR,0.0,No,Low
 416-7124, no, no,141,51.24,0,Yes,WY,0.93,Yes,Critical
 360-5152, no, no,1,33.15,0,No,OR,0.07,No,Low
 334-8660, no, no,50,34.34,4,No,IA,0.07,No,Low
 330-8556, yes, no,38,35.97,0,Yes,ND,0.92,Yes,Critical
 419-1982, no, no,110,46.33,2,Yes,MA,0.97,Yes,Critical
 376-7004, yes, no,77,55.03,6,Yes,NJ,0.9,Yes,Critical
 366-7433, no, no,155,36.41,3,No,HI,0.0,No,Low
 361-4021, no, no,65,24.41,3,Yes,TX,0.02,No,Low
 366-8192, no, yes,102,23.07,1,No,MN,0.01,No,Low
 360-2821, no, yes,97,34.53,0,No,AR,0.0,No,Low
 379-3484, no, no,110,47.8,0,Yes,OK,0.96,Yes,Critical
 403-8513, no, no,109,23.15,1,No,MT,0.14,No,Low
 345-8355, no, no,52,35.21,1,No,IL,0.01,No,Low
 398-5944, no, no,122,32.28,0,No,OK,0.01,No,Low
 339-2838, no, no,121,41.8,1,No,PA,0.03,No,Low
 350-7147, no, no,66,24.75,1,No,VA,0.01,No,Low
 409-9439, no, no,82,34.49,4,No,WV,0.13,No,Low
 364-2624, no, yes,129,35.82,2,No,TX,0.02,No,Low
 400-7992, no, no,93,36.92,1,No,NC,0.02,No,Low
 381-8810, no, yes,41,27.01,2,No,NH,0.02,No,Low
 357-1102, no, no,120,33.66,4,No,MN,0.06,No,Low
 378-2128, no, yes,149,36.18,1,No,VA,0.01,No,Low
 334-5912, no, no,102,24.79,0,No,WV,0.01,No,Low
 395-9139, yes, no,62,30.75,2,Yes,WA,0.7,Yes,High
 367-8983, no, no,80,35.68,1,No,AL,0.01,No,Low
 388-1635, no, no,30,19.19,4,Yes,MN,0.86,Yes,Critical
 373-5950, no, no,89,41.23,3,No,ME,0.04,No,Low
 353-4406, no, no,57,32.32,3,No,AL,0.01,No,Low
 373-7237, no, no,145,31.6,2,No,OH,0.02,No,Low
 374-1198, no, no,132,45.19,2,Yes,OR,0.76,Yes,Critical
 360-5514, no, no,73,31.4,2,No,AR,0.01,No,Low
 338-6365, no, no,57,36.91,2,No,ID,0.02,No,Low
 412-5694, no, no,175,27.4,1,No,CA,0.01,No,Low
 407-8340, no, no,50,33.78,4,No,OK,0.16,No,Low
 386-8818, yes, yes,114,23.19,2,Yes,NH,0.95,Yes,Critical
 365-3109, no, no,154,27.54,1,No,MO,0.01,No,Low
 359-3038, no, no,152,32.22,3,No,RI,0.03,No,Low
 371-7202, no, yes,102,24.55,0,No,NM,0.02,No,Low
 420-7053, no, no,110,28.92,2,No,ID,0.0,No,Low
 358-4500, no, no,90,17.68,4,Yes,ME,0.97,Yes,Critical
 413-2362, no, no,130,20.3,0,No,GA,0.0,No,Low
 341-9349, no, no,88,34.82,1,No,DC,0.01,No,Low
 412-6600, no, no,97,33.63,1,No,ND,0.0,No,Low
 358-1235, no, no,115,35.89,0,No,TX,0.02,No,Low
 331-4983, no, no,88,34.44,1,No,WA,0.03,No,Low
 357-5946, yes, no,137,53.11,1,Yes,NM,0.84,Yes,Critical
 417-7127, no, yes,128,31.42,2,No,DC,0.05,No,Low
 338-9678, no, no,71,21.05,2,No,OK,0.01,No,Low
 406-7312, no, no,91,5.87,0,No,WY,0.02,No,Low
 365-4747, yes, yes,47,23.9,2,No,MD,0.05,No,Low
 329-8503, no, no,126,25.64,0,No,MO,0.0,No,Low
 335-3391, no, no,92,32.66,1,No,NC,0.0,No,Low
 420-6860, no, no,36,29.87,0,No,WV,0.03,No,Low
 341-8645, no, no,122,15.86,0,No,GA,0.0,No,Low
 411-2765, no, no,117,36.06,2,No,OK,0.04,No,Low
 356-7381, no, no,131,7.36,0,No,FL,0.0,No,Low
 363-2715, no, no,133,29.43,1,No,MD,0.04,No,Low
 409-8074, no, yes,128,19.62,0,No,HI,0.04,No,Low
 357-1624, no, no,81,32.45,1,No,FL,0.02,No,Low
 342-2543, no, no,81,39.8,1,No,ND,0.08,No,Low
 347-4427, no, no,96,17.36,1,No,LA,0.02,No,Low
 411-9580, no, no,93,22.42,1,No,AR,0.0,No,Low
 338-1170, no, no,145,22.95,0,No,KY,0.06,No,Low
 356-5217, yes, no,53,24.65,0,No,HI,0.04,No,Low
 389-4921, no, no,108,28.95,3,No,KS,0.02,No,Low
 330-3162, no, no,52,32.08,1,No,TX,0.0,No,Low
 408-8236, no, no,73,30.12,3,Yes,WA,0.65,Yes,High
 408-3742, no, no,61,1.22,1,No,NC,0.01,No,Low
 360-8716, no, no,86,30.79,5,No,TX,0.13,No,Low
 400-1731, no, no,137,25.81,2,No,LA,0.03,No,Low
 341-2423, no, no,74,27.1,1,No,TN,0.01,No,Low
 344-6099, no, yes,118,38.52,3,No,NC,0.03,No,Low
 364-2584, no, no,125,36.5,3,No,OH,0.08,No,Low
 397-4141, no, yes,127,26.79,1,No,AR,0.01,No,Low
 397-4475, no, no,80,26.69,2,No,WA,0.02,No,Low
 407-6315, no, no,150,28.9,0,No,MN,0.01,No,Low
 364-8203, no, no,140,41.6,1,Yes,ND,0.77,Yes,Critical
 410-3888, no, no,97,42.94,1,Yes,AZ,0.94,Yes,Critical
 355-3630, no, no,83,32.01,0,No,MT,0.01,No,Low
 411-9655, no, no,73,30.24,3,No,WV,0.01,No,Low
 417-1886, no, no,75,29.02,1,No,NC,0.03,No,Low
 365-8751, no, yes,50,40.07,2,No,HI,0.0,No,Low
 334-9736, no, no,152,31.31,3,Yes,WV,0.1,No,Low
 333-6861, no, no,61,23.9,1,No,DC,0.04,No,Low
 394-2206, no, no,109,32.1,0,No,DC,0.0,No,Low
 373-8058, no, yes,86,22.0,0,No,VT,0.0,No,Low
