customerID,Contract,PaymentMethod,tenure,InternetService,OnlineSecurity,TechSupport,MonthlyCharges,Churn,churn_probability,predicted_churn,risk_tier
7590-VHVEG,Month-to-month,Electronic check,1,DSL,No,No,29.85,No,0.3,No,Medium
5575-GNVDE,One year,Mailed check,34,DSL,Yes,No,56.95,No,0.0,No,Low
3668-QPYBK,Month-to-month,Mailed check,2,DSL,Yes,No,53.85,Yes,0.78,Yes,Critical
7795-CFOCW,One year,Bank transfer (automatic),45,DSL,Yes,Yes,42.3,No,0.0,No,Low
9237-HQITU,Month-to-month,Electronic check,2,Fiber optic,No,No,70.7,Yes,0.77,Yes,Critical
9305-CDSKC,Month-to-month,Electronic check,8,Fiber optic,No,No,99.65,Yes,0.98,Yes,Critical
1452-KIOVK,Month-to-month,Credit card (automatic),22,Fiber optic,No,No,89.1,No,0.55,Yes,High
6713-OKOMC,Month-to-month,Mailed check,10,DSL,Yes,No,29.75,No,0.06,No,Low
7892-POOKP,Month-to-month,Electronic check,28,Fiber optic,No,Yes,104.8,Yes,0.92,Yes,Critical
6388-TABGU,One year,Bank transfer (automatic),62,DSL,Yes,No,56.15,No,0.01,No,Low
9763-GRSKD,Month-to-month,Mailed check,13,DSL,Yes,No,49.95,No,0.02,No,Low
7469-LKBCI,Two year,Credit card (automatic),16,No,No internet service,No internet service,18.95,No,0.0,No,Low
8091-TTVAX,One year,Credit card (automatic),58,Fiber optic,No,No,100.35,No,0.11,No,Low
0280-XJGEX,Month-to-month,Bank transfer (automatic),49,Fiber optic,No,No,103.7,Yes,0.85,Yes,Critical
5129-JLPIS,Month-to-month,Electronic check,25,Fiber optic,Yes,Yes,105.5,No,0.42,No,Medium
3655-SNQYZ,Two year,Credit card (automatic),69,Fiber optic,Yes,Yes,113.25,No,0.01,No,Low
8191-XWSZG,One year,Mailed check,52,No,No internet service,No internet service,20.65,No,0.0,No,Low
9959-WOFKT,Two year,Bank transfer (automatic),71,Fiber optic,Yes,No,106.7,No,0.04,No,Low
4190-MFLUW,Month-to-month,Credit card (automatic),10,DSL,No,Yes,55.2,Yes,0.15,No,Low
4183-MYFRB,Month-to-month,Electronic check,21,Fiber optic,No,No,90.05,No,0.2,No,Low
8779-QRDMV,Month-to-month,Electronic check,1,DSL,No,No,39.65,Yes,0.95,Yes,Critical
1680-VDCWW,One year,Bank transfer (automatic),12,No,No internet service,No internet service,19.8,No,0.01,No,Low
1066-JKSGK,Month-to-month,Mailed check,1,No,No internet service,No internet service,20.15,Yes,0.9845238095238095,Yes,Critical
3638-WEABW,Two year,Credit card (automatic),58,DSL,No,Yes,59.9,No,0.02,No,Low
6322-HRPFA,Month-to-month,Credit card (automatic),49,DSL,Yes,Yes,59.6,No,0.02,No,Low
6865-JZNKO,Month-to-month,Bank transfer (automatic),30,DSL,Yes,No,55.3,No,0.04,No,Low
6467-CHFZW,Month-to-month,Electronic check,47,Fiber optic,No,No,99.35,Yes,0.71,Yes,High
8665-UTDHZ,Month-to-month,Electronic check,1,DSL,No,No,30.2,Yes,0.8,Yes,Critical
5248-YGIJN,Two year,Credit card (automatic),72,DSL,Yes,Yes,90.25,No,0.0,No,Low
8773-HHUOZ,Month-to-month,Mailed check,17,DSL,No,No,64.7,Yes,0.66,Yes,High
3841-NFECX,Two year,Credit card (automatic),71,Fiber optic,Yes,Yes,96.35,No,0.02,No,Low
4929-XIHVW,Month-to-month,Credit card (automatic),2,Fiber optic,No,No,95.5,No,0.3,No,Medium
6827-IEAUQ,One year,Mailed check,27,DSL,Yes,Yes,66.15,No,0.02,No,Low
7310-EGVHZ,Month-to-month,Bank transfer (automatic),1,No,No internet service,No internet service,20.2,No,0.2583333333333333,No,Low
3413-BMNZE,Month-to-month,Bank transfer (automatic),1,DSL,No,No,45.25,No,0.17,No,Low
6234-RAAPL,Two year,Bank transfer (automatic),72,Fiber optic,Yes,Yes,99.9,No,0.01,No,Low
6047-YHPVI,Month-to-month,Electronic check,5,Fiber optic,No,No,69.7,Yes,0.76,Yes,Critical
6572-ADKRS,Month-to-month,Credit card (automatic),46,Fiber optic,No,No,74.8,No,0.09,No,Low
5380-WJKOV,Month-to-month,Electronic check,34,Fiber optic,No,No,106.35,Yes,0.81,Yes,Critical
8168-UQWWF,Month-to-month,Bank transfer (automatic),11,Fiber optic,No,No,97.85,Yes,0.98,Yes,Critical
8865-TNMNX,One year,Mailed check,10,DSL,No,No,49.55,No,0.04,No,Low
9489-DEDVP,Two year,Credit card (automatic),70,DSL,Yes,No,69.2,No,0.01,No,Low
9867-JCZSP,One year,Mailed check,17,No,No internet service,No internet service,20.75,No,0.01,No,Low
4671-VJLCL,Two year,Credit card (automatic),63,DSL,Yes,Yes,79.85,No,0.0,No,Low
4080-IIARD,Month-to-month,Electronic check,13,DSL,Yes,Yes,76.2,No,0.11,No,Low
3714-NTNFO,Month-to-month,Electronic check,49,Fiber optic,No,No,84.5,No,0.19,No,Low
5948-UJZLF,Month-to-month,Mailed check,2,DSL,No,No,49.25,No,0.21,No,Low
7760-OYPDY,Month-to-month,Electronic check,2,Fiber optic,No,No,80.65,Yes,0.94,Yes,Critical
7639-LIAYI,Two year,Credit card (automatic),52,DSL,Yes,Yes,79.75,No,0.0,No,Low
2954-PIBKO,Two year,Credit card (automatic),69,DSL,Yes,Yes,64.15,No,0.03,No,Low
8012-SOUDQ,Month-to-month,Electronic check,43,Fiber optic,No,No,90.25,No,0.18,No,Low
9420-LOJKX,Month-to-month,Credit card (automatic),15,Fiber optic,Yes,No,99.1,Yes,0.65,Yes,High
6575-SUVOI,Month-to-month,Credit card (automatic),25,DSL,Yes,Yes,69.5,No,0.08,No,Low
7495-OOKFY,Month-to-month,Credit card (automatic),8,Fiber optic,No,No,80.65,Yes,0.72,Yes,High
4667-QONEA,One year,Credit card (automatic),60,DSL,Yes,Yes,74.85,No,0.03,No,Low
1658-BYGOY,Month-to-month,Electronic check,18,Fiber optic,No,No,95.45,Yes,0.87,Yes,Critical
8769-KKTPH,One year,Credit card (automatic),63,Fiber optic,Yes,No,99.65,No,0.15,No,Low
5067-XJQFU,One year,Electronic check,66,Fiber optic,No,Yes,108.45,No,0.15,No,Low
3957-SQXML,Two year,Credit card (automatic),34,No,No internet service,No internet service,24.95,No,0.0,No,Low
5954-BDFSG,Two year,Credit card (automatic),72,Fiber optic,No,Yes,107.5,No,0.08,No,Low
0434-CSFON,Month-to-month,Electronic check,47,Fiber optic,No,No,100.5,No,0.17,No,Low
1215-FIGMP,Month-to-month,Bank transfer (automatic),60,Fiber optic,No,No,89.9,No,0.17,No,Low
0526-SXDJP,Two year,Bank transfer (automatic),72,DSL,Yes,No,42.1,No,0.02,No,Low
0557-ASKVU,One year,Credit card (automatic),18,DSL,No,Yes,54.4,No,0.02,No,Low
5698-BQJOH,Month-to-month,Electronic check,9,Fiber optic,No,No,94.4,Yes,0.68,Yes,High
5122-CYFXA,Month-to-month,Electronic check,3,DSL,No,Yes,75.3,No,0.12,No,Low
8627-ZYGSZ,One year,Electronic check,47,Fiber optic,No,No,78.9,No,0.05,No,Low
3410-YOQBQ,Two year,Mailed check,31,DSL,No,Yes,79.2,No,0.01,No,Low
3170-NMYVV,Two year,Bank transfer (automatic),50,No,No internet service,No internet service,20.15,No,0.0,No,Low
7410-OIEDU,Month-to-month,Mailed check,10,Fiber optic,Yes,No,79.85,No,0.05,No,Low
2273-QCKXA,Month-to-month,Mailed check,1,DSL,No,Yes,49.05,No,0.2,No,Low
0731-EBJQB,One year,Electronic check,52,No,No internet service,No internet service,20.4,No,0.0,No,Low
1891-QRQSA,Two year,Bank transfer (automatic),64,Fiber optic,Yes,Yes,111.6,No,0.07,No,Low
8028-PNXHQ,Two year,Bank transfer (automatic),62,No,No internet service,No internet service,24.25,No,0.0,No,Low
5630-AHZIL,Month-to-month,Bank transfer (automatic),3,DSL,Yes,Yes,64.5,No,0.29,No,Low
2673-CXQEU,One year,Electronic check,56,Fiber optic,Yes,No,110.5,No,0.19,No,Low
6416-JNVRK,One year,Credit card (automatic),46,DSL,No,No,55.65,No,0.03,No,Low
5590-ZSKRV,Month-to-month,Mailed check,8,DSL,Yes,No,54.65,No,0.09,No,Low
0191-ZHSKZ,Month-to-month,Electronic check,30,DSL,Yes,No,74.75,No,0.12,No,Low
3887-PBQAO,One year,Credit card (automatic),45,No,No internet service,No internet service,25.9,No,0.01,No,Low
5919-TMRGD,Month-to-month,Electronic check,1,Fiber optic,No,No,79.35,Yes,0.87,Yes,Critical
8108-UXRQN,Month-to-month,Electronic check,11,DSL,Yes,No,50.55,No,0.15,No,Low
9191-MYQKX,Month-to-month,Bank transfer (automatic),7,Fiber optic,No,No,75.15,Yes,0.87,Yes,Critical
9919-YLNNG,Month-to-month,Bank transfer (automatic),42,Fiber optic,No,Yes,103.8,No,0.14,No,Low
0318-ZOPWS,Two year,Bank transfer (automatic),49,No,No internet service,No internet service,20.15,No,0.0,No,Low
4445-ZJNMU,Month-to-month,Credit card (automatic),9,Fiber optic,No,No,99.3,No,0.83,Yes,Critical
4808-YNLEU,One year,Bank transfer (automatic),35,DSL,Yes,No,62.15,No,0.02,No,Low
1862-QRWPE,Two year,Bank transfer (automatic),48,No,No internet service,No internet service,20.65,No,0.01,No,Low
2796-NNUFI,Two year,Mailed check,46,No,No internet service,No internet service,19.95,No,0.0,No,Low
3016-KSVCP,Month-to-month,Mailed check,29,DSL,No,No,33.75,No,0.08,No,Low
4767-HZZHQ,Month-to-month,Bank transfer (automatic),30,Fiber optic,No,No,82.05,No,0.09,No,Low
2424-WVHPL,Month-to-month,Electronic check,1,Fiber optic,No,Yes,74.7,No,0.19,No,Low
7233-PAHHL,Two year,Mailed check,66,DSL,Yes,Yes,84.0,No,0.02,No,Low
6067-NGCEU,Month-to-month,Credit card (automatic),65,Fiber optic,Yes,No,111.05,No,0.04,No,Low
9848-JQJTX,Two year,Bank transfer (automatic),72,Fiber optic,No,No,100.9,No,0.02,No,Low
8637-XJIVR,Month-to-month,Electronic check,12,Fiber optic,Yes,No,78.95,Yes,0.77,Yes,Critical
9803-FTJCG,One year,Credit card (automatic),71,DSL,Yes,Yes,66.85,No,0.0,No,Low
0278-YXOOG,Month-to-month,Mailed check,5,No,No internet service,No internet service,21.05,Yes,0.67,Yes,High
3212-KXOCR,Two year,Bank transfer (automatic),52,No,No internet service,No internet service,21.0,No,0.02,No,Low
4598-XLKNJ,Month-to-month,Electronic check,25,Fiber optic,No,No,98.5,Yes,0.9,Yes,Critical
6380-ARCEH,Month-to-month,Mailed check,1,No,No internet service,No internet service,20.2,No,0.2640912698412698,No,Low
3679-XASPY,Month-to-month,Electronic check,1,No,No internet service,No internet service,19.45,No,0.4,No,Medium
7123-WQUHX,One year,Bank transfer (automatic),38,Fiber optic,No,Yes,95.0,No,0.03,No,Low
5386-THSLQ,One year,Bank transfer (automatic),66,DSL,No,No,45.55,No,0.05,No,Low
3192-NQECA,Two year,Bank transfer (automatic),68,Fiber optic,No,Yes,110.0,Yes,0.54,Yes,Medium
6180-YBIQI,Month-to-month,Mailed check,5,DSL,No,No,24.3,No,0.14,No,Low
6728-DKUCO,One year,Electronic check,72,Fiber optic,Yes,No,104.15,No,0.04,No,Low
9750-BOOHV,One year,Mailed check,32,DSL,Yes,No,30.15,No,0.06,No,Low
8597-CWYHH,One year,Mailed check,43,Fiber optic,No,No,94.35,No,0.09,No,Low
2848-YXSMW,Two year,Credit card (automatic),72,No,No internet service,No internet service,19.4,No,0.0,No,Low
0486-HECZI,Month-to-month,Electronic check,55,Fiber optic,Yes,No,96.75,Yes,0.29,No,Low
4549-ZDQYY,One year,Credit card (automatic),52,DSL,Yes,Yes,57.95,No,0.0,No,Low
5712-AHQNN,Month-to-month,Electronic check,43,Fiber optic,No,No,91.65,No,0.08,No,Low
4846-WHAFZ,Month-to-month,Electronic check,37,Fiber optic,No,No,76.5,Yes,0.46,No,Medium
5256-SKJGO,Two year,Electronic check,64,DSL,No,Yes,54.6,No,0.0,No,Low
3071-VBYPO,Month-to-month,Electronic check,3,Fiber optic,Yes,No,89.85,No,0.11,No,Low
9560-BBZXK,Two year,Bank transfer (automatic),36,DSL,Yes,No,31.05,No,0.01,No,Low
5299-RULOA,Month-to-month,Electronic check,10,Fiber optic,Yes,No,100.25,Yes,0.89,Yes,Critical
8402-OOOHJ,Two year,Mailed check,41,No,No internet service,No internet service,20.65,No,0.0,No,Low
9445-ZUEQE,Month-to-month,Credit card (automatic),27,Fiber optic,No,Yes,85.2,No,0.07,No,Low
1091-SOZGA,One year,Credit card (automatic),56,Fiber optic,No,No,99.8,No,0.06,No,Low
2928-HLDBA,Month-to-month,Mailed check,6,No,No internet service,No internet service,20.7,No,0.02,No,Low
0404-SWRVG,Month-to-month,Electronic check,3,Fiber optic,No,No,74.4,Yes,0.92,Yes,Critical
6497-TILVL,Month-to-month,Mailed check,7,DSL,Yes,No,50.7,No,0.1,No,Low
7219-TLZHO,Month-to-month,Mailed check,4,No,No internet service,No internet service,20.85,No,0.14,No,Low
4622-YNKIJ,Two year,Electronic check,33,Fiber optic,Yes,Yes,88.95,No,0.04,No,Low
4412-YLTKF,Month-to-month,Electronic check,27,Fiber optic,No,No,78.05,Yes,0.46,No,Medium
6734-PSBAW,Two year,Bank transfer (automatic),72,No,No internet service,No internet service,23.55,No,0.01,No,Low
3930-ZGWVE,Month-to-month,Mailed check,1,No,No internet service,No internet service,19.75,No,0.6896904761904762,Yes,High
2639-UGMAZ,One year,Electronic check,71,DSL,Yes,No,56.45,No,0.15,No,Low
2876-GZYZC,Month-to-month,Electronic check,13,Fiber optic,No,No,85.95,No,0.25,No,Low
6207-WIOLX,Month-to-month,Credit card (automatic),25,DSL,Yes,No,58.6,Yes,0.69,Yes,High
8587-XYZSF,Two year,Bank transfer (automatic),67,DSL,No,Yes,50.55,No,0.0,No,Low
3091-FYHKI,Month-to-month,Electronic check,1,DSL,No,No,35.45,Yes,0.98,Yes,Critical
2372-HWUHI,Month-to-month,Electronic check,2,DSL,No,No,44.35,Yes,0.83,Yes,Critical
7799-LGRDP,Two year,Credit card (automatic),43,No,No internet service,No internet service,25.7,No,0.02,No,Low
7850-VWJUU,Month-to-month,Bank transfer (automatic),23,Fiber optic,Yes,No,75.0,No,0.12,No,Low
3774-VBNXY,Two year,Mailed check,64,No,No internet service,No internet service,20.2,No,0.0,No,Low
6217-KDYWC,Two year,Mailed check,57,No,No internet service,No internet service,19.6,No,0.01,No,Low
0390-DCFDQ,Month-to-month,Mailed check,1,Fiber optic,No,No,70.45,Yes,0.66,Yes,High
3146-MSEGF,Two year,Credit card (automatic),72,DSL,Yes,Yes,88.05,No,0.0,No,Low
4080-OGPJL,Month-to-month,Electronic check,8,DSL,Yes,Yes,71.15,Yes,0.57,Yes,High
1095-WGNGG,Two year,Bank transfer (automatic),61,Fiber optic,No,No,101.05,No,0.1,No,Low
2636-SJDOU,One year,Credit card (automatic),64,Fiber optic,Yes,No,84.3,No,0.0,No,Low
1131-QQZEB,Two year,Bank transfer (automatic),71,No,No internet service,No internet service,23.95,No,0.0,No,Low
5716-EZXZN,Two year,Credit card (automatic),65,Fiber optic,Yes,Yes,99.05,No,0.02,No,Low
6837-BJYDQ,One year,Mailed check,3,No,No internet service,No internet service,19.6,No,0.0,No,Low
2135-RXIHG,Month-to-month,Electronic check,1,DSL,No,No,45.65,Yes,0.94,Yes,Critical
6440-DKQGE,One year,Credit card (automatic),30,DSL,No,No,64.5,No,0.04,No,Low
3466-BYAVD,Month-to-month,Mailed check,15,DSL,No,Yes,69.5,No,0.05,No,Low
3780-YVMFA,Month-to-month,Electronic check,8,DSL,No,Yes,68.55,No,0.46,No,Medium
3874-EQOEP,Month-to-month,Mailed check,7,Fiber optic,No,No,95.0,Yes,0.88,Yes,Critical
1679-JRFBR,One year,Credit card (automatic),70,Fiber optic,Yes,No,108.15,No,0.04,No,Low
9073-ZZIAY,Two year,Electronic check,62,DSL,Yes,Yes,86.1,No,0.01,No,Low
3077-RSNTJ,Month-to-month,Mailed check,6,No,No internet service,No internet service,19.7,No,0.06,No,Low
6551-GNYDG,Month-to-month,Bank transfer (automatic),14,Fiber optic,No,No,80.9,No,0.32,No,Medium
9167-APMXZ,Month-to-month,Bank transfer (automatic),22,Fiber optic,No,No,84.15,No,0.32,No,Medium
2749-CTKAJ,One year,Mailed check,22,No,No internet service,No internet service,20.15,No,0.0,No,Low
6371-NZYEG,Two year,Mailed check,16,DSL,Yes,No,64.25,No,0.01,No,Low
7554-NEWDD,Two year,Bank transfer (automatic),10,No,No internet service,No internet service,25.7,No,0.02,No,Low
8992-VONJD,Month-to-month,Electronic check,13,DSL,Yes,No,56.0,No,0.12,No,Low
0867-MKZVY,Month-to-month,Electronic check,20,Fiber optic,Yes,No,82.4,Yes,0.66,Yes,High
4482-EWFMI,Month-to-month,Electronic check,2,Fiber optic,No,No,69.7,No,0.29,No,Low
4648-YPBTM,Two year,Bank transfer (automatic),53,DSL,No,Yes,73.9,No,0.01,No,Low
2907-ILJBN,One year,Mailed check,11,No,No internet service,No internet service,20.6,No,0.12,No,Low
6345-FZOQH,Two year,Mailed check,69,No,No internet service,No internet service,19.9,No,0.0,No,Low
3376-BMGFE,Month-to-month,Bank transfer (automatic),4,Fiber optic,No,No,70.9,Yes,0.88,Yes,Critical
5997-OPVFA,Two year,Bank transfer (automatic),72,DSL,Yes,Yes,89.05,No,0.0,No,Low
3445-HXXGF,Month-to-month,Electronic check,58,DSL,No,No,45.3,Yes,0.76,Yes,Critical
1159-WFSGR,Month-to-month,Electronic check,16,No,No internet service,No internet service,20.4,No,0.02,No,Low
7654-YWJUF,One year,Bank transfer (automatic),43,Fiber optic,Yes,Yes,84.25,No,0.01,No,Low
1875-QIVME,Month-to-month,Electronic check,2,Fiber optic,No,Yes,104.4,Yes,0.93,Yes,Critical
6727-IOTLZ,Two year,Mailed check,14,DSL,No,Yes,81.95,No,0.01,No,Low
0691-JVSYA,One year,Bank transfer (automatic),53,Fiber optic,No,No,94.85,Yes,0.62,Yes,High
5918-VUKWP,One year,Bank transfer (automatic),32,No,No internet service,No internet service,20.55,No,0.01,No,Low
1744-JHKYS,Month-to-month,Electronic check,34,No,No internet service,No internet service,24.7,No,0.03,No,Low
2656-FMOKZ,Month-to-month,Mailed check,15,Fiber optic,No,No,74.45,Yes,0.92,Yes,Critical
2070-FNEXE,Month-to-month,Bank transfer (automatic),7,Fiber optic,Yes,No,76.45,Yes,0.25,No,Low
5947-SGKCL,Month-to-month,Bank transfer (automatic),15,Fiber optic,No,No,105.35,No,0.27,No,Low
3712-PKXZA,One year,Credit card (automatic),61,No,No internet service,No internet service,20.55,No,0.01,No,Low
6317-YPKDH,Month-to-month,Bank transfer (automatic),1,DSL,No,No,29.95,Yes,0.31,No,Medium
6582-OIVSP,Month-to-month,Mailed check,1,DSL,No,No,45.3,No,0.07,No,Low
9367-WXLCH,Month-to-month,Bank transfer (automatic),8,Fiber optic,No,No,84.5,Yes,0.81,Yes,Critical
5524-KHNJP,One year,Credit card (automatic),33,DSL,Yes,No,74.75,No,0.15,No,Low
1918-ZBFQJ,Month-to-month,Electronic check,13,Fiber optic,No,No,79.25,Yes,0.89,Yes,Critical
1024-GUALD,Month-to-month,Electronic check,1,DSL,No,No,24.8,Yes,0.69,Yes,High
4827-USJHP,Month-to-month,Mailed check,20,DSL,No,No,51.8,No,0.08,No,Low
8167-GJLRN,Month-to-month,Electronic check,3,DSL,No,Yes,30.4,No,0.08,No,Low
0956-SYCWG,One year,Electronic check,13,No,No internet service,No internet service,19.65,No,0.01,No,Low
8017-UVSZU,Month-to-month,Credit card (automatic),40,DSL,No,No,56.6,No,0.04,No,Low
7100-FQPRV,One year,Credit card (automatic),43,DSL,Yes,Yes,71.9,No,0.02,No,Low
2472-OVKUP,Month-to-month,Electronic check,6,Fiber optic,No,No,91.0,Yes,0.83,Yes,Critical
2984-RGEYA,Two year,Bank transfer (automatic),69,No,No internet service,No internet service,19.75,No,0.01,No,Low
9680-NIAUV,Two year,Credit card (automatic),72,Fiber optic,Yes,No,109.7,No,0.01,No,Low
2146-EGVDT,Two year,Credit card (automatic),59,No,No internet service,No internet service,19.3,No,0.01,No,Low
2604-IJPDU,Month-to-month,Electronic check,20,Fiber optic,Yes,Yes,96.55,No,0.42,No,Medium
9178-JHUVJ,Two year,Bank transfer (automatic),24,No,No internet service,No internet service,24.1,No,0.0,No,Low
6168-YBYNP,Month-to-month,Electronic check,59,Fiber optic,No,Yes,111.35,No,0.21,No,Low
7255-SSFBC,Two year,Bank transfer (automatic),72,Fiber optic,No,Yes,112.25,No,0.01,No,Low
3645-DEYGF,Month-to-month,Mailed check,1,No,No internet service,No internet service,20.75,No,0.07,No,Low
9323-HGFWY,One year,Credit card (automatic),27,Fiber optic,Yes,Yes,101.9,No,0.13,No,Low
8544-GOQSH,Month-to-month,Credit card (automatic),14,Fiber optic,No,Yes,80.05,No,0.22,No,Low
3363-DTIVD,Two year,Electronic check,71,Fiber optic,Yes,No,105.55,No,0.05,No,Low
7018-WBJNK,Month-to-month,Credit card (automatic),13,Fiber optic,No,No,78.3,No,0.47,No,Medium
9142-KZXOP,Month-to-month,Credit card (automatic),44,Fiber optic,No,No,68.85,No,0.09,No,Low
7674-YTAFD,One year,Bank transfer (automatic),33,Fiber optic,No,Yes,79.95,No,0.01,No,Low
6348-SNFUS,Two year,Credit card (automatic),72,DSL,Yes,Yes,55.45,No,0.0,No,Low
1285-OKIPP,Month-to-month,Electronic check,1,Fiber optic,No,No,79.9,Yes,0.98,Yes,Critical
7825-ECJRF,Month-to-month,Electronic check,19,Fiber optic,Yes,Yes,106.6,Yes,0.79,Yes,Critical
1347-KTTTA,One year,Credit card (automatic),64,Fiber optic,No,Yes,102.45,No,0.07,No,Low
7841-TZDMQ,Month-to-month,Credit card (automatic),2,DSL,No,No,46.0,Yes,0.89,Yes,Critical
4195-NZGTA,Month-to-month,Electronic check,1,DSL,No,No,25.25,No,0.21,No,Low
7157-SMCFK,Two year,Mailed check,61,No,No internet service,No internet service,19.75,No,0.12,No,Low
4709-LKHYG,One year,Electronic check,29,No,No internet service,No internet service,20.0,No,0.0,No,Low
2504-DSHIH,Month-to-month,Electronic check,23,Fiber optic,No,No,86.8,No,0.26,No,Low
0699-NDKJM,Month-to-month,Bank transfer (automatic),57,DSL,Yes,No,58.75,No,0.09,No,Low
9286-BHDQG,Two year,Credit card (automatic),72,DSL,Yes,Yes,45.25,No,0.04,No,Low
0230-WEQUW,Two year,Bank transfer (automatic),66,DSL,Yes,Yes,56.6,No,0.0,No,Low
2040-LDIWQ,Two year,Bank transfer (automatic),65,DSL,No,Yes,84.2,No,0.0,No,Low
6496-JDSSB,Month-to-month,Bank transfer (automatic),8,Fiber optic,No,No,80.0,No,0.31,No,Medium
9408-SSNVZ,Month-to-month,Electronic check,4,Fiber optic,No,No,70.15,Yes,0.72,Yes,High
4443-EMBNA,Two year,Bank transfer (automatic),71,No,No internet service,No internet service,24.75,No,0.0,No,Low
6469-MRVET,One year,Electronic check,1,No,No internet service,No internet service,20.2,No,0.12,No,Low
0742-MOABM,Month-to-month,Mailed check,4,DSL,No,Yes,50.05,Yes,0.33,No,Medium
5961-VUSRV,One year,Bank transfer (automatic),12,No,No internet service,No internet service,19.35,No,0.02,No,Low
6778-JFCMK,One year,Mailed check,24,DSL,Yes,No,50.6,No,0.07,No,Low
6341-JVQGF,One year,Mailed check,31,DSL,Yes,Yes,81.15,No,0.06,No,Low
2232-DMLXU,Month-to-month,Mailed check,1,DSL,No,No,55.2,Yes,0.75,Yes,Critical
4811-JBUVU,Month-to-month,Credit card (automatic),30,Fiber optic,No,Yes,89.9,No,0.16,No,Low
0945-TSONX,Two year,Credit card (automatic),47,DSL,Yes,Yes,85.3,No,0.0,No,Low
2651-ZCBXV,Two year,Credit card (automatic),54,Fiber optic,Yes,Yes,108.0,No,0.16,No,Low
3316-UWXUY,Month-to-month,Credit card (automatic),50,Fiber optic,Yes,Yes,93.5,No,0.09,No,Low
8937-RDTHP,Month-to-month,Mailed check,1,Fiber optic,Yes,No,84.6,Yes,0.77,Yes,Critical
7083-MIOPC,Two year,Credit card (automatic),72,No,No internet service,No internet service,20.25,No,0.0,No,Low
1984-GPTEH,Month-to-month,Electronic check,29,No,No internet service,No internet service,25.15,No,0.05,No,Low
1251-KRREG,Month-to-month,Mailed check,2,DSL,No,No,54.4,Yes,0.78,Yes,Critical
0621-JFHOL,Two year,Mailed check,10,DSL,No,Yes,29.6,No,0.07,No,Low
9903-LYSAB,Month-to-month,Electronic check,18,Fiber optic,No,No,73.15,No,0.16,No,Low
0094-OIFMO,Month-to-month,Electronic check,11,Fiber optic,No,No,95.0,Yes,0.89,Yes,Critical
9227-UAQFT,Two year,Mailed check,16,No,No internet service,No internet service,19.75,No,0.01,No,Low
7301-ABVAD,Two year,Bank transfer (automatic),72,DSL,No,Yes,86.6,No,0.0,No,Low
6614-FHDBO,Two year,Bank transfer (automatic),72,Fiber optic,No,Yes,109.2,No,0.05,No,Low
7576-ASEJU,One year,Credit card (automatic),41,DSL,Yes,Yes,74.7,No,0.1,No,Low
9058-HRZSV,Month-to-month,Electronic check,65,Fiber optic,Yes,No,94.4,No,0.05,No,Low
4522-AKYLR,Month-to-month,Electronic check,13,DSL,No,No,54.8,No,0.04,No,Low
0221-WMXNQ,Month-to-month,Electronic check,4,Fiber optic,Yes,No,75.35,No,0.09,No,Low
0303-UNCIP,One year,Mailed check,41,DSL,No,No,65.0,No,0.08,No,Low
9947-OTFQU,Month-to-month,Electronic check,15,Fiber optic,No,No,74.4,Yes,0.93,Yes,Critical
0322-YINQP,Month-to-month,Mailed check,1,DSL,Yes,No,48.55,Yes,0.77,Yes,Critical
0959-WHOKV,One year,Electronic check,42,Fiber optic,Yes,No,99.0,No,0.1,No,Low
4075-JFPGR,One year,Electronic check,51,Fiber optic,Yes,No,93.5,No,0.13,No,Low
4629-NRXKX,Month-to-month,Electronic check,2,Fiber optic,No,No,70.4,Yes,0.76,Yes,Critical
9514-JDSKI,Month-to-month,Electronic check,1,DSL,No,No,40.2,Yes,0.87,Yes,Critical
3282-ZISZV,One year,Credit card (automatic),32,DSL,No,Yes,83.7,No,0.02,No,Low
3675-YDUPJ,Month-to-month,Mailed check,10,No,No internet service,No internet service,19.85,No,0.05,No,Low
4111-BNXIF,Two year,Electronic check,67,DSL,No,Yes,59.55,No,0.01,No,Low
7017-VFHAY,Two year,Credit card (automatic),61,Fiber optic,Yes,Yes,115.1,No,0.01,No,Low
6655-LHBYW,One year,Credit card (automatic),50,Fiber optic,Yes,Yes,114.35,No,0.06,No,Low
4959-JOSRX,Month-to-month,Credit card (automatic),2,DSL,No,No,44.6,Yes,0.78,Yes,Critical
5046-NUHWD,Month-to-month,Electronic check,29,DSL,Yes,No,45.0,No,0.18,No,Low
7273-TEFQD,Month-to-month,Electronic check,3,DSL,No,No,41.15,Yes,0.85,Yes,Critical
3606-TWKGI,Month-to-month,Electronic check,13,Fiber optic,No,No,106.9,Yes,0.87,Yes,Critical
7529-ZDFXI,Month-to-month,Electronic check,57,Fiber optic,No,No,89.85,No,0.42,No,Medium
7605-BDWDC,Two year,Bank transfer (automatic),31,DSL,Yes,Yes,49.85,No,0.0,No,Low
1950-KSVVJ,One year,Mailed check,45,Fiber optic,Yes,Yes,113.3,No,0.03,No,Low
0123-CRBRT,Two year,Mailed check,61,DSL,Yes,Yes,88.1,No,0.0,No,Low
6292-TOSSS,Two year,Bank transfer (automatic),50,No,No internet service,No internet service,24.9,No,0.04,No,Low
3197-ARFOY,Month-to-month,Mailed check,19,Fiber optic,Yes,Yes,105.0,No,0.56,Yes,High
6323-AYBRX,Two year,Mailed check,59,No,No internet service,No internet service,19.35,Yes,0.66,Yes,High
7014-ZZXAW,Two year,Credit card (automatic),71,No,No internet service,No internet service,24.25,No,0.0,No,Low
4385-GZQXV,Month-to-month,Electronic check,16,Fiber optic,No,Yes,94.45,Yes,0.86,Yes,Critical
7633-MVPUY,Two year,Electronic check,57,DSL,Yes,Yes,59.75,No,0.02,No,Low
6366-ZGQGL,Month-to-month,Bank transfer (automatic),1,DSL,No,No,24.8,Yes,0.77,Yes,Critical
4716-HHKQH,Month-to-month,Electronic check,20,Fiber optic,No,Yes,107.05,No,0.21,No,Low
5940-AHUHD,Month-to-month,Mailed check,1,Fiber optic,No,No,70.6,Yes,0.9125,Yes,Critical
6432-TWQLB,Month-to-month,Electronic check,5,Fiber optic,No,Yes,85.4,Yes,0.9,Yes,Critical
4484-GLZOU,Month-to-month,Electronic check,52,Fiber optic,No,No,105.05,Yes,0.73,Yes,High
3179-GBRWV,Month-to-month,Bank transfer (automatic),21,DSL,Yes,No,64.95,No,0.2,No,Low
8645-KWHJO,Month-to-month,Electronic check,14,DSL,No,Yes,55.0,No,0.16,No,Low
4130-MZLCC,Month-to-month,Bank transfer (automatic),5,DSL,No,No,50.55,No,0.07,No,Low
0314-TKOSI,Month-to-month,Mailed check,6,DSL,Yes,No,55.15,No,0.08,No,Low
8229-MYEJZ,Month-to-month,Electronic check,10,DSL,No,No,51.2,No,0.06,No,Low
2080-SRCDE,Month-to-month,Mailed check,1,No,No internet service,No internet service,25.4,No,0.03,No,Low
9577-WJVCQ,Month-to-month,Mailed check,68,DSL,Yes,No,54.45,No,0.01,No,Low
9512-UIBFX,Month-to-month,Mailed check,18,Fiber optic,No,No,95.15,Yes,0.46,No,Medium
6202-DYYFX,One year,Credit card (automatic),22,Fiber optic,No,No,76.0,No,0.07,No,Low
3808-HFKDE,Month-to-month,Electronic check,20,DSL,No,No,44.35,No,0.14,No,Low
5583-SXDAG,Month-to-month,Electronic check,1,Fiber optic,No,No,70.0,Yes,0.92,Yes,Critical
3488-PGMQJ,Month-to-month,Electronic check,8,Fiber optic,No,No,74.5,Yes,0.89,Yes,Critical
3580-REOAC,Month-to-month,Credit card (automatic),10,DSL,No,No,44.85,Yes,0.68,Yes,High
7534-BFESC,Month-to-month,Electronic check,24,Fiber optic,No,No,76.1,Yes,0.51,Yes,Medium
3727-OWVYD,One year,Mailed check,35,DSL,Yes,No,61.2,No,0.04,No,Low
2294-SALNE,One year,Mailed check,23,Fiber optic,No,Yes,86.8,No,0.04,No,Low
4847-TAJYI,Month-to-month,Electronic check,6,Fiber optic,No,No,89.35,No,0.38,No,Medium
1563-IWQEX,Month-to-month,Mailed check,12,No,No internet service,No internet service,19.7,No,0.0,No,Low
8203-XJZRC,Month-to-month,Mailed check,1,No,No internet service,No internet service,20.25,No,0.06614285714285714,No,Low
6556-DBKZF,Two year,Electronic check,71,Fiber optic,No,No,76.05,No,0.07,No,Low
6851-WEFYX,Month-to-month,Electronic check,35,Fiber optic,No,No,100.8,No,0.35,No,Medium
2985-JUUBZ,Month-to-month,Electronic check,40,DSL,No,No,74.55,No,0.11,No,Low
6390-DSAZX,Month-to-month,Mailed check,1,Fiber optic,Yes,No,73.6,Yes,0.83,Yes,Critical
0895-LMRSF,One year,Bank transfer (automatic),23,DSL,No,No,64.9,No,0.24,No,Low
8098-LLAZX,Month-to-month,Electronic check,4,Fiber optic,No,No,95.45,Yes,0.97,Yes,Critical
8266-VBFQL,Month-to-month,Electronic check,4,Fiber optic,No,Yes,90.4,No,0.63,Yes,High
8181-YHCMF,Two year,Credit card (automatic),68,DSL,No,Yes,60.3,No,0.0,No,Low
2240-HSJQD,Month-to-month,Mailed check,38,Fiber optic,No,No,81.85,No,0.05,No,Low
1248-DYXUB,Two year,Mailed check,52,No,No internet service,No internet service,24.8,No,0.0,No,Low
0265-EDXBD,Month-to-month,Electronic check,32,Fiber optic,No,No,74.9,Yes,0.75,Yes,Critical
4115-BNPJY,Two year,Mailed check,29,DSL,No,Yes,75.55,No,0.02,No,Low
3167-SNQPL,Month-to-month,Electronic check,38,Fiber optic,No,No,101.15,No,0.16,No,Low
4091-TVOCN,One year,Credit card (automatic),48,DSL,Yes,No,78.75,No,0.04,No,Low
1098-TDVUQ,Month-to-month,Bank transfer (automatic),1,No,No internet service,No internet service,19.25,No,0.11,No,Low
7277-OZCGZ,Month-to-month,Electronic check,22,Fiber optic,Yes,Yes,89.05,No,0.3,No,Medium
1557-EMYVT,Two year,Credit card (automatic),43,Fiber optic,Yes,Yes,115.05,No,0.03,No,Low
2799-ARNLO,Month-to-month,Electronic check,5,Fiber optic,No,No,69.35,No,0.11,No,Low
7563-BIUPC,Month-to-month,Electronic check,5,Fiber optic,No,No,80.6,Yes,0.85,Yes,Critical
5027-YOCXN,One year,Credit card (automatic),51,Fiber optic,Yes,Yes,110.05,No,0.2,No,Low
3973-SKMLN,Two year,Credit card (automatic),71,No,No internet service,No internet service,19.9,No,0.0,No,Low
2321-OMBXY,One year,Credit card (automatic),38,DSL,Yes,Yes,80.3,Yes,0.69,Yes,High
2840-XANRC,Month-to-month,Electronic check,24,Fiber optic,No,No,93.15,Yes,0.77,Yes,Critical
6745-JEFZB,Month-to-month,Credit card (automatic),35,Fiber optic,No,Yes,91.5,No,0.13,No,Low
5020-ZSTTY,One year,Bank transfer (automatic),54,DSL,Yes,Yes,82.45,Yes,0.7,Yes,High
9880-TDQAC,Two year,Electronic check,72,DSL,No,Yes,60.0,No,0.03,No,Low
8705-WZCYL,Month-to-month,Electronic check,1,DSL,No,No,44.8,No,0.11,No,Low
7102-JJVTX,One year,Mailed check,9,DSL,Yes,No,48.6,No,0.02,No,Low
8626-PTQGE,Two year,Bank transfer (automatic),69,DSL,Yes,Yes,60.05,No,0.01,No,Low
4983-CLMLV,Month-to-month,Credit card (automatic),52,Fiber optic,No,Yes,102.7,No,0.22,No,Low
5701-YVSVF,Month-to-month,Electronic check,11,Fiber optic,No,Yes,82.9,No,0.2,No,Low
5804-LEPIM,Month-to-month,Electronic check,2,Fiber optic,No,No,70.35,Yes,0.9,Yes,Critical
5697-GOMBF,Month-to-month,Electronic check,28,DSL,No,No,35.9,No,0.07,No,Low
2739-CACDQ,Month-to-month,Credit card (automatic),17,Fiber optic,No,No,82.65,No,0.09,No,Low
9385-EHGDO,Two year,Mailed check,35,No,No internet service,No internet service,19.85,No,0.01,No,Low
9498-FIMXL,One year,Mailed check,8,No,No internet service,No internet service,19.2,No,0.02,No,Low
2379-GYFLQ,One year,Credit card (automatic),46,Fiber optic,No,No,94.9,No,0.04,No,Low
0122-OAHPZ,Month-to-month,Electronic check,7,Fiber optic,No,No,73.85,Yes,0.89,Yes,Critical
2868-SNELZ,Month-to-month,Mailed check,2,Fiber optic,No,No,80.6,Yes,0.8866666666666667,Yes,Critical
4322-RCYMT,One year,Bank transfer (automatic),68,DSL,No,Yes,75.8,Yes,0.73,Yes,High
6680-NENYN,Two year,Electronic check,43,Fiber optic,No,No,104.6,Yes,0.73,Yes,High
2088-IEBAU,Two year,Electronic check,68,DSL,Yes,Yes,88.15,No,0.03,No,Low
7982-VCELR,Month-to-month,Credit card (automatic),36,Fiber optic,No,No,94.8,No,0.15,No,Low
1343-EHPYB,Month-to-month,Electronic check,63,Fiber optic,No,No,103.4,Yes,0.69,Yes,High
6035-BXTTY,Month-to-month,Bank transfer (automatic),32,DSL,No,Yes,54.65,No,0.02,No,Low
6885-PKOAM,Two year,Credit card (automatic),71,DSL,Yes,Yes,85.75,No,0.0,No,Low
7520-HQWJU,Month-to-month,Bank transfer (automatic),66,DSL,Yes,No,67.45,No,0.06,No,Low
9639-BUJXT,One year,Mailed check,63,No,No internet service,No internet service,20.5,No,0.02,No,Low
5924-SNGKP,One year,Credit card (automatic),41,No,No internet service,No internet service,20.25,No,0.0,No,Low
0021-IKXGC,Month-to-month,Electronic check,1,Fiber optic,No,No,72.1,No,0.37,No,Medium
2034-GDRCN,Month-to-month,Electronic check,2,Fiber optic,No,No,90.4,Yes,0.94,Yes,Critical
8966-SNIZF,Two year,Bank transfer (automatic),70,No,No internet service,No internet service,19.45,No,0.0,No,Low
6243-OZGFH,Month-to-month,Electronic check,23,DSL,No,No,44.95,No,0.11,No,Low
4654-DLAMQ,One year,Bank transfer (automatic),64,Fiber optic,Yes,No,97.0,No,0.04,No,Low
0513-RBGPE,Two year,Credit card (automatic),37,DSL,Yes,Yes,62.8,No,0.01,No,Low
5160-UXJED,One year,Mailed check,17,DSL,No,No,44.6,No,0.06,No,Low
4115-NZRKS,Month-to-month,Electronic check,7,Fiber optic,No,No,89.15,No,0.42,No,Medium
0219-YTZUE,Month-to-month,Bank transfer (automatic),4,Fiber optic,No,No,84.8,Yes,0.92,Yes,Critical
0623-IIHUG,Month-to-month,Electronic check,21,DSL,Yes,No,41.9,Yes,0.75,Yes,Critical
4572-DVCGN,Month-to-month,Bank transfer (automatic),10,Fiber optic,No,No,80.25,Yes,0.89,Yes,Critical
3351-NGXYI,Month-to-month,Electronic check,16,DSL,Yes,No,54.1,No,0.14,No,Low
8984-EYLLL,Two year,Electronic check,64,Fiber optic,No,Yes,105.25,No,0.03,No,Low
9057-MSWCO,Month-to-month,Credit card (automatic),27,DSL,Yes,No,30.75,Yes,0.74,Yes,High
9833-TGFHX,One year,Electronic check,42,Fiber optic,Yes,No,97.1,No,0.07,No,Low
9294-TDIPC,Month-to-month,Mailed check,5,No,No internet service,No internet service,20.2,No,0.0,No,Low
5229-DTFYB,Two year,Bank transfer (automatic),41,Fiber optic,No,Yes,98.8,No,0.04,No,Low
0104-PPXDV,One year,Credit card (automatic),58,DSL,No,No,50.3,No,0.05,No,Low
5176-LMJXE,Two year,Mailed check,47,No,No internet service,No internet service,20.55,No,0.0,No,Low
3583-KRKMD,Month-to-month,Bank transfer (automatic),18,Fiber optic,No,Yes,75.9,No,0.06,No,Low
1010-DIAUQ,Month-to-month,Bank transfer (automatic),5,Fiber optic,No,No,96.5,Yes,0.91,Yes,Critical
9069-LGEUL,Month-to-month,Bank transfer (automatic),23,DSL,Yes,No,59.95,No,0.05,No,Low
7302-ZHMHP,Month-to-month,Mailed check,1,No,No internet service,No internet service,19.15,No,0.10099999999999999,No,Low
9571-EDEBV,One year,Credit card (automatic),71,Fiber optic,No,No,98.65,No,0.14,No,Low
3520-FJGCV,Two year,Credit card (automatic),72,Fiber optic,Yes,Yes,112.6,No,0.0,No,Low
6563-VRERX,One year,Mailed check,33,No,No internet service,No internet service,20.6,No,0.0,No,Low
0259-GBZSH,Month-to-month,Electronic check,2,Fiber optic,No,No,85.65,Yes,0.91,Yes,Critical
6122-EFVKN,Two year,Mailed check,24,DSL,Yes,Yes,35.75,No,0.01,No,Low
2805-EDJPQ,One year,Credit card (automatic),56,Fiber optic,No,Yes,99.75,No,0.01,No,Low
6862-CQUMB,Month-to-month,Credit card (automatic),37,Fiber optic,No,No,96.1,No,0.12,No,Low
7156-MXBJE,One year,Credit card (automatic),43,DSL,No,Yes,85.1,No,0.03,No,Low
6158-HDPXZ,Month-to-month,Mailed check,1,DSL,No,No,25.35,No,0.55,Yes,High
9601-BRXPO,Month-to-month,Bank transfer (automatic),25,Fiber optic,No,Yes,104.95,Yes,0.92,Yes,Critical
2863-IMQDR,Two year,Electronic check,61,DSL,Yes,Yes,89.65,No,0.02,No,Low
5686-CMAWK,One year,Electronic check,17,Fiber optic,No,Yes,86.75,No,0.06,No,Low
5651-CRHKQ,One year,Bank transfer (automatic),41,Fiber optic,No,Yes,86.2,No,0.01,No,Low
6905-NIQIN,Month-to-month,Mailed check,1,DSL,No,No,50.65,Yes,0.78,Yes,Critical
8204-YJCLA,Two year,Bank transfer (automatic),72,DSL,Yes,Yes,64.8,No,0.01,No,Low
5167-ZFFMM,Month-to-month,Credit card (automatic),1,Fiber optic,No,No,90.85,Yes,0.94,Yes,Critical
6583-SZVGP,Two year,Bank transfer (automatic),48,Fiber optic,No,No,108.1,No,0.27,No,Low
4895-TMWIR,Month-to-month,Mailed check,11,No,No internet service,No internet service,19.95,Yes,0.76,Yes,Critical
0533-BNWKF,Month-to-month,Electronic check,55,Fiber optic,No,No,85.45,Yes,0.73,Yes,High
1708-PBBOA,One year,Electronic check,42,DSL,Yes,Yes,54.75,No,0.03,No,Low
8782-LKFPK,Month-to-month,Mailed check,44,Fiber optic,No,No,90.4,No,0.15,No,Low
5522-JBWMO,Month-to-month,Electronic check,1,DSL,No,No,44.0,No,0.26,No,Low
3597-MVHJT,Month-to-month,Bank transfer (automatic),27,Fiber optic,No,No,95.6,No,0.24,No,Low
9774-NRNAU,Month-to-month,Bank transfer (automatic),27,DSL,No,Yes,84.8,No,0.08,No,Low
0224-RLWWD,Month-to-month,Electronic check,2,DSL,No,No,44.3,No,0.23,No,Low
9967-ATRFS,Month-to-month,Mailed check,19,No,No internet service,No internet service,19.9,No,0.0,No,Low
3951-NJCVI,Month-to-month,Electronic check,42,Fiber optic,No,No,95.05,No,0.23,No,Low
2977-CEBSX,Two year,Credit card (automatic),66,DSL,Yes,Yes,90.05,No,0.0,No,Low
0177-PXBAT,Month-to-month,Bank transfer (automatic),33,Fiber optic,Yes,Yes,109.9,No,0.13,No,Low
6599-CEBNN,Month-to-month,Credit card (automatic),34,Fiber optic,No,No,73.95,Yes,0.88,Yes,Critical
2519-ERQOJ,Month-to-month,Electronic check,33,DSL,No,Yes,54.6,No,0.1,No,Low
5876-QMYLD,One year,Mailed check,23,No,No internet service,No internet service,20.05,No,0.0,No,Low
2277-AXSDC,One year,Bank transfer (automatic),32,No,No internet service,No internet service,19.75,No,0.0,No,Low
9442-JTWDL,One year,Credit card (automatic),11,No,No internet service,No internet service,20.05,No,0.0,No,Low
0979-PHULV,Month-to-month,Credit card (automatic),69,Fiber optic,No,No,99.45,Yes,0.42,No,Medium
3067-SVMTC,One year,Bank transfer (automatic),68,DSL,Yes,Yes,55.9,No,0.0,No,Low
5495-GPSRW,Two year,Mailed check,20,No,No internet service,No internet service,19.7,No,0.0,No,Low
7606-BPHHN,Two year,Credit card (automatic),72,No,No internet service,No internet service,19.8,No,0.0,No,Low
4742-DRORA,One year,Bank transfer (automatic),60,Fiber optic,Yes,No,95.4,No,0.08,No,Low
0111-KLBQG,Month-to-month,Mailed check,32,Fiber optic,No,No,93.95,No,0.17,No,Low
4800-VHZKI,Month-to-month,Mailed check,1,No,No internet service,No internet service,19.9,Yes,0.9141666666666667,Yes,Critical
7989-CHGTL,Month-to-month,Mailed check,1,No,No internet service,No internet service,19.6,Yes,0.715,Yes,High
0334-GDDSO,Month-to-month,Electronic check,3,Fiber optic,No,No,81.35,Yes,0.97,Yes,Critical
4163-NCJAK,One year,Bank transfer (automatic),46,No,No internet service,No internet service,24.45,No,0.01,No,Low
5233-AOZUF,Month-to-month,Electronic check,29,Fiber optic,No,No,74.95,No,0.11,No,Low
5973-EJGDP,Month-to-month,Electronic check,51,Fiber optic,No,Yes,87.35,No,0.18,No,Low
1996-DBMUS,Month-to-month,Bank transfer (automatic),48,Fiber optic,No,No,70.65,No,0.24,No,Low
7916-VCCPB,Month-to-month,Bank transfer (automatic),16,Fiber optic,No,No,73.25,No,0.1,No,Low
4686-GEFRM,Two year,Bank transfer (automatic),70,Fiber optic,No,Yes,98.7,No,0.1,No,Low
5249-QYHEX,Two year,Mailed check,40,No,No internet service,No internet service,24.8,No,0.04,No,Low
0578-SKVMF,Month-to-month,Electronic check,22,Fiber optic,No,No,83.3,Yes,0.76,Yes,Critical
5564-NEMQO,Month-to-month,Bank transfer (automatic),1,Fiber optic,No,No,75.3,Yes,0.91,Yes,Critical
2233-FAGXV,Month-to-month,Mailed check,5,No,No internet service,No internet service,24.3,No,0.09,No,Low
5605-IYGFG,Month-to-month,Bank transfer (automatic),7,Fiber optic,No,No,69.85,No,0.26,No,Low
7663-ZTEGJ,One year,Credit card (automatic),29,Fiber optic,No,Yes,100.55,No,0.08,No,Low
3935-TBRZZ,One year,Mailed check,44,No,No internet service,No internet service,25.7,No,0.0,No,Low
8111-BKVDS,Month-to-month,Bank transfer (automatic),10,DSL,Yes,No,40.7,No,0.08,No,Low
2055-SIFSS,Month-to-month,Bank transfer (automatic),55,DSL,No,No,51.65,No,0.03,No,Low
2806-MLNTI,One year,Bank transfer (automatic),52,Fiber optic,No,No,105.1,No,0.08,No,Low
8734-DKSTZ,Month-to-month,Electronic check,10,Fiber optic,No,No,85.95,No,0.28,No,Low
4360-PNRQB,Month-to-month,Bank transfer (automatic),18,Fiber optic,No,No,75.6,No,0.31,No,Medium
6152-ONASV,One year,Bank transfer (automatic),68,DSL,Yes,Yes,58.25,No,0.0,No,Low
9063-ZGTUY,Month-to-month,Mailed check,61,No,No internet service,No internet service,19.4,Yes,0.79,Yes,Critical
7781-HVGMK,Two year,Credit card (automatic),72,DSL,Yes,Yes,65.2,No,0.0,No,Low
2181-UAESM,Month-to-month,Electronic check,2,DSL,Yes,No,53.45,No,0.09,No,Low
2957-LOLHO,Month-to-month,Bank transfer (automatic),12,DSL,No,No,45.4,Yes,0.67,Yes,High
6048-NJXHX,Two year,Electronic check,41,No,No internet service,No internet service,19.75,No,0.0,No,Low
2320-SLKMB,Month-to-month,Credit card (automatic),26,DSL,No,Yes,44.45,No,0.08,No,Low
4980-URKXC,One year,Bank transfer (automatic),36,No,No internet service,No internet service,20.85,No,0.02,No,Low
4376-KFVRS,Two year,Credit card (automatic),72,Fiber optic,Yes,Yes,114.05,No,0.0,No,Low
5886-VLQVU,Month-to-month,Bank transfer (automatic),35,Fiber optic,No,Yes,89.85,No,0.07,No,Low
3577-AMVUX,Month-to-month,Mailed check,1,DSL,No,Yes,55.05,No,0.19,No,Low
0771-WLCLA,Month-to-month,Electronic check,16,Fiber optic,Yes,Yes,112.95,No,0.16,No,Low
5628-RKIFK,Month-to-month,Credit card (automatic),49,Fiber optic,Yes,No,101.55,No,0.14,No,Low
0206-TBWLC,One year,Mailed check,54,Fiber optic,Yes,Yes,114.65,No,0.06,No,Low
2937-FTHUR,Month-to-month,Electronic check,18,DSL,Yes,No,64.8,No,0.1,No,Low
1910-FMXJM,Month-to-month,Electronic check,36,Fiber optic,No,No,80.4,No,0.23,No,Low
7752-XUSCI,Month-to-month,Electronic check,60,Fiber optic,No,No,105.9,Yes,0.73,Yes,High
4110-PFEUZ,Month-to-month,Mailed check,1,Fiber optic,No,No,69.55,Yes,0.99,Yes,Critical
0732-OCQOC,Two year,Bank transfer (automatic),52,No,No internet service,No internet service,25.05,No,0.01,No,Low
5168-MSWXT,Month-to-month,Electronic check,8,Fiber optic,No,No,94.75,No,0.31,No,Medium
1090-ESELR,Two year,Bank transfer (automatic),72,Fiber optic,Yes,Yes,105.5,No,0.02,No,Low
8592-PLTMQ,One year,Mailed check,64,No,No internet service,No internet service,24.7,No,0.02,No,Low
5760-WRAHC,Month-to-month,Mailed check,22,DSL,Yes,Yes,69.75,No,0.03,No,Low
8847-GEOOQ,Month-to-month,Bank transfer (automatic),60,DSL,No,Yes,60.2,No,0.02,No,Low
0256-LTHVJ,Month-to-month,Electronic check,28,Fiber optic,No,No,81.05,Yes,0.49,No,Medium
4785-FCIFB,Two year,Mailed check,61,No,No internet service,No internet service,24.4,No,0.0,No,Low
8313-NDOIA,Month-to-month,Electronic check,24,Fiber optic,No,No,104.15,No,0.25,No,Low
5149-CUZUJ,One year,Bank transfer (automatic),28,Fiber optic,No,Yes,92.9,No,0.05,No,Low
0942-KOWSM,Two year,Bank transfer (automatic),30,DSL,No,Yes,80.8,No,0.0,No,Low
4237-CLSMM,Month-to-month,Mailed check,2,No,No internet service,No internet service,20.0,No,0.21,No,Low
1452-VOQCH,Month-to-month,Electronic check,1,Fiber optic,No,No,75.1,No,0.36,No,Medium
4719-UMSIY,Month-to-month,Mailed check,6,No,No internet service,No internet service,19.65,No,0.0,No,Low
6614-VBEGU,Month-to-month,Bank transfer (automatic),24,DSL,No,No,69.45,No,0.06,No,Low
0880-TKATG,Month-to-month,Electronic check,4,Fiber optic,No,No,101.15,Yes,0.91,Yes,Critical
3811-VBYBZ,Month-to-month,Electronic check,7,Fiber optic,No,No,99.8,Yes,0.96,Yes,Critical
1480-BKXGA,Two year,Bank transfer (automatic),72,Fiber optic,Yes,Yes,116.05,No,0.0,No,Low
2996-XAUVF,Two year,Mailed check,70,DSL,No,Yes,40.05,No,0.02,No,Low
9076-AXYIK,Two year,Electronic check,64,Fiber optic,No,Yes,102.1,No,0.01,No,Low
5968-XQIVE,One year,Electronic check,72,Fiber optic,No,No,89.7,No,0.09,No,Low
8896-RAZCR,Two year,Mailed check,44,No,No internet service,No internet service,19.9,No,0.01,No,Low
4640-UHDOS,Month-to-month,Electronic check,13,DSL,No,No,55.95,Yes,0.3,No,Medium
4933-IKULF,One year,Mailed check,17,No,No internet service,No internet service,20.65,No,0.01,No,Low
3583-EKAPL,Month-to-month,Electronic check,1,DSL,No,No,55.0,Yes,0.84,Yes,Critical
1304-BCCFO,Month-to-month,Mailed check,9,DSL,No,No,70.05,No,0.2,No,Low
4104-PVRPS,Month-to-month,Mailed check,24,DSL,Yes,Yes,53.6,No,0.0,No,Low
9399-APLBT,Month-to-month,Electronic check,1,Fiber optic,No,No,74.7,Yes,0.94,Yes,Critical
2359-KMGLI,Month-to-month,Electronic check,24,Fiber optic,No,No,80.25,Yes,0.97,Yes,Critical
3780-DDGSE,Month-to-month,Electronic check,35,DSL,No,Yes,76.05,No,0.13,No,Low
4431-EDMIQ,Month-to-month,Electronic check,7,DSL,Yes,Yes,75.7,No,0.05,No,Low
0306-JAELE,Month-to-month,Electronic check,5,Fiber optic,No,Yes,96.1,Yes,0.83,Yes,Critical
6227-HWPWX,Month-to-month,Bank transfer (automatic),15,Fiber optic,No,No,69.0,Yes,0.35,No,Medium
0486-LGCCH,Two year,Mailed check,11,No,No internet service,No internet service,19.65,No,0.0,No,Low
0447-BEMNG,Month-to-month,Bank transfer (automatic),48,DSL,Yes,No,45.3,Yes,0.11,No,Low
4612-SSVHJ,Month-to-month,Electronic check,20,Fiber optic,No,No,81.45,No,0.07,No,Low
5168-MQQCA,One year,Bank transfer (automatic),72,Fiber optic,No,Yes,108.5,No,0.04,No,Low
5949-XIKAE,Month-to-month,Electronic check,8,Fiber optic,No,No,83.55,Yes,0.83,Yes,Critical
7971-HLVXI,Two year,Credit card (automatic),72,Fiber optic,No,No,84.5,No,0.11,No,Low
9094-AZPHK,Month-to-month,Electronic check,15,Fiber optic,No,No,100.15,No,0.38,No,Medium
3649-JPUGY,Two year,Bank transfer (automatic),72,DSL,No,Yes,88.6,No,0.0,No,Low
4472-LVYGI,Two year,Bank transfer (automatic),0,DSL,Yes,Yes,52.55,No,0.07,No,Low
8372-JUXUI,Month-to-month,Electronic check,1,Fiber optic,No,No,74.35,Yes,0.92,Yes,Critical
3552-CTCYF,Two year,Bank transfer (automatic),63,Fiber optic,No,No,104.8,No,0.09,No,Low
6778-YSNIH,Month-to-month,Electronic check,2,DSL,No,No,59.0,No,0.22,No,Low
0388-EOPEX,Month-to-month,Electronic check,2,Fiber optic,Yes,No,74.4,Yes,0.64,Yes,High
5756-OZRIO,One year,Bank transfer (automatic),61,DSL,No,No,64.05,No,0.05,No,Low
6579-JPICP,Month-to-month,Mailed check,1,No,No internet service,No internet service,20.4,No,0.02,No,Low
8205-OTCHB,One year,Bank transfer (automatic),22,DSL,No,No,43.75,Yes,0.64,Yes,High
4134-BSXLX,Month-to-month,Mailed check,28,DSL,Yes,Yes,60.9,No,0.0,No,Low
0505-SPOOW,Two year,Bank transfer (automatic),70,No,No internet service,No internet service,19.8,No,0.0,No,Low
6235-VDHOM,Month-to-month,Electronic check,5,DSL,No,No,28.45,Yes,0.75,Yes,Critical
7783-YKGDV,Month-to-month,Bank transfer (automatic),12,Fiber optic,Yes,No,99.7,Yes,0.88,Yes,Critical
4374-YMUSQ,One year,Credit card (automatic),34,Fiber optic,Yes,Yes,116.25,No,0.03,No,Low
4513-CXYIX,Two year,Credit card (automatic),71,Fiber optic,Yes,No,80.7,No,0.02,No,Low
3957-HHLMR,One year,Bank transfer (automatic),70,DSL,Yes,No,65.2,No,0.0,No,Low
7803-XOCCZ,Month-to-month,Bank transfer (automatic),52,Fiber optic,Yes,Yes,84.05,No,0.09,No,Low
5736-YEJAX,Two year,Credit card (automatic),69,DSL,Yes,Yes,79.45,No,0.04,No,Low
5609-CEBID,Month-to-month,Electronic check,20,Fiber optic,No,No,94.1,Yes,0.87,Yes,Critical
8981-FJGLA,Month-to-month,Mailed check,11,Fiber optic,No,No,78.0,No,0.25,No,Low
7218-HKQFK,Month-to-month,Electronic check,2,Fiber optic,No,Yes,94.2,Yes,0.66,Yes,High
4636-QRJKY,Month-to-month,Electronic check,6,Fiber optic,No,Yes,80.5,Yes,0.85,Yes,Critical
1135-LMECX,Month-to-month,Mailed check,1,No,No internet service,No internet service,19.85,No,0.14488095238095236,No,Low
4332-MUOEZ,One year,Credit card (automatic),20,Fiber optic,Yes,Yes,94.3,No,0.16,No,Low
8535-SFUTN,Month-to-month,Electronic check,61,Fiber optic,Yes,No,106.45,No,0.08,No,Low
5956-VKDTT,Month-to-month,Electronic check,5,Fiber optic,No,No,74.35,Yes,0.89,Yes,Critical
8677-HDZEE,Month-to-month,Bank transfer (automatic),56,Fiber optic,No,Yes,105.45,No,0.09,No,Low
2475-MROZF,Month-to-month,Credit card (automatic),30,Fiber optic,Yes,Yes,95.0,No,0.04,No,Low
9412-GHEEC,Month-to-month,Bank transfer (automatic),40,Fiber optic,No,Yes,104.8,Yes,0.77,Yes,Critical
3482-ABPKK,One year,Mailed check,28,DSL,Yes,Yes,54.3,No,0.0,No,Low
6705-LXORM,Month-to-month,Electronic check,5,Fiber optic,No,No,70.05,No,0.52,Yes,Medium
0257-ZESQC,Month-to-month,Bank transfer (automatic),27,Fiber optic,Yes,No,75.2,Yes,0.74,Yes,High
7531-GQHME,Month-to-month,Credit card (automatic),12,No,No internet service,No internet service,20.05,No,0.05,No,Low
5174-ITUMV,One year,Electronic check,67,Fiber optic,No,No,105.4,No,0.07,No,Low
4109-CYRBD,Month-to-month,Electronic check,29,DSL,No,No,51.6,No,0.05,No,Low
0913-XWSCN,Month-to-month,Bank transfer (automatic),55,Fiber optic,No,No,85.5,No,0.3,No,Medium
6825-UYPFK,Month-to-month,Bank transfer (automatic),23,Fiber optic,No,No,75.6,Yes,0.29,No,Low
8397-MVTAZ,Month-to-month,Electronic check,34,Fiber optic,No,No,100.05,Yes,0.54,Yes,Medium
0750-EBAIU,One year,Electronic check,52,Fiber optic,Yes,No,91.25,No,0.07,No,Low
8606-CIQUL,Two year,Credit card (automatic),72,Fiber optic,Yes,Yes,115.75,No,0.01,No,Low
3571-DPYUH,One year,Credit card (automatic),58,Fiber optic,No,Yes,94.7,No,0.09,No,Low
7601-GNDYK,Two year,Mailed check,35,No,No internet service,No internet service,19.6,No,0.0,No,Low
0356-OBMAC,Two year,Bank transfer (automatic),56,Fiber optic,No,Yes,99.9,No,0.03,No,Low
8067-NIOYM,Two year,Credit card (automatic),24,No,No internet service,No internet service,21.1,No,0.0,No,Low
1403-GYAFU,Two year,Credit card (automatic),70,No,No internet service,No internet service,20.05,No,0.0,No,Low
4234-XTNEA,Month-to-month,Electronic check,2,Fiber optic,No,No,79.95,No,0.32,No,Medium
1297-VQDRP,One year,Credit card (automatic),68,Fiber optic,No,Yes,107.15,No,0.09,No,Low
9282-IZGQK,Month-to-month,Electronic check,1,Fiber optic,No,No,85.0,Yes,0.98,Yes,Critical
5348-CAGXB,Month-to-month,Electronic check,12,Fiber optic,No,No,89.55,No,0.23,No,Low
0621-HJWXJ,Month-to-month,Bank transfer (automatic),63,Fiber optic,No,No,81.55,No,0.08,No,Low
5844-QVTAT,One year,Mailed check,33,DSL,Yes,No,58.45,No,0.02,No,Low
8905-IAZPF,One year,Credit card (automatic),69,Fiber optic,No,No,95.65,No,0.09,No,Low
5394-MEITZ,Two year,Bank transfer (automatic),60,DSL,No,Yes,80.6,No,0.01,No,Low
6859-QNXIQ,Two year,Bank transfer (automatic),72,Fiber optic,Yes,Yes,113.1,No,0.0,No,Low
2782-LFZVW,Month-to-month,Mailed check,11,DSL,No,No,58.95,No,0.35,No,Medium
2866-IKBTM,Month-to-month,Mailed check,1,No,No internet service,No internet service,19.55,No,0.05083333333333333,No,Low
1342-JPNKI,Month-to-month,Bank transfer (automatic),10,Fiber optic,No,No,86.05,Yes,0.93,Yes,Critical
2817-NTQDO,Month-to-month,Credit card (automatic),13,DSL,Yes,Yes,45.55,Yes,0.65,Yes,High
7129-AZJDE,One year,Bank transfer (automatic),34,Fiber optic,No,No,78.95,No,0.08,No,Low
6986-IJDHX,Month-to-month,Mailed check,39,Fiber optic,No,No,86.3,Yes,0.69,Yes,High
2560-PPCHE,One year,Bank transfer (automatic),65,Fiber optic,No,Yes,105.05,No,0.06,No,Low
4676-MQUEA,One year,Bank transfer (automatic),50,Fiber optic,Yes,No,101.9,No,0.05,No,Low
8138-EALND,Month-to-month,Mailed check,15,No,No internet service,No internet service,19.75,No,0.01,No,Low
3580-HYCSP,Two year,Bank transfer (automatic),72,Fiber optic,Yes,No,110.3,No,0.03,No,Low
1352-HNSAW,Two year,Bank transfer (automatic),72,Fiber optic,Yes,Yes,115.6,No,0.01,No,Low
2075-PUEPR,Two year,Bank transfer (automatic),55,No,No internet service,No internet service,19.35,No,0.04,No,Low
1982-FEBTD,Two year,Credit card (automatic),23,No,No internet service,No internet service,25.6,No,0.03,No,Low
5301-GAUUY,Month-to-month,Bank transfer (automatic),32,Fiber optic,No,No,80.35,Yes,0.26,No,Low
5791-KAJFD,One year,Bank transfer (automatic),56,DSL,Yes,No,68.75,No,0.02,No,Low
2654-VBVPB,Month-to-month,Bank transfer (automatic),1,No,No internet service,No internet service,19.9,No,0.105,No,Low
1154-HYWWO,One year,Mailed check,38,DSL,Yes,Yes,70.6,No,0.02,No,Low
2501-XWWTZ,Month-to-month,Electronic check,11,Fiber optic,No,No,70.2,No,0.32,No,Medium
3716-UVSPD,Month-to-month,Electronic check,1,DSL,No,Yes,49.3,No,0.21,No,Low
6815-ABQFQ,One year,Electronic check,56,Fiber optic,No,Yes,107.25,No,0.4,No,Medium
7343-EOBEU,Month-to-month,Mailed check,3,No,No internet service,No internet service,23.6,No,0.04,No,Low
3701-SFMUH,Month-to-month,Credit card (automatic),7,DSL,Yes,No,69.7,No,0.09,No,Low
6103-LIANB,Two year,Credit card (automatic),59,Fiber optic,No,No,99.5,No,0.06,No,Low
7319-VENRZ,Month-to-month,Bank transfer (automatic),7,DSL,No,Yes,64.3,No,0.04,No,Low
5846-NEQVZ,Two year,Credit card (automatic),71,DSL,Yes,Yes,70.85,No,0.01,No,Low
6967-QIQRV,One year,Electronic check,15,Fiber optic,Yes,Yes,101.9,No,0.13,No,Low
5781-RFZRP,Two year,Credit card (automatic),71,DSL,Yes,Yes,73.5,No,0.02,No,Low
0939-YAPAF,Month-to-month,Electronic check,35,Fiber optic,No,No,100.25,Yes,0.71,Yes,High
0308-IVGOK,One year,Credit card (automatic),11,DSL,No,Yes,40.4,No,0.1,No,Low
7293-LSCDV,Two year,Credit card (automatic),60,No,No internet service,No internet service,19.25,No,0.01,No,Low
7025-WCBNE,Two year,Bank transfer (automatic),47,DSL,No,Yes,59.6,No,0.01,No,Low
5756-JYOJT,One year,Credit card (automatic),11,DSL,No,Yes,64.9,No,0.04,No,Low
4710-FDUIZ,One year,Credit card (automatic),56,Fiber optic,No,No,100.3,Yes,0.69,Yes,High
6030-REHUX,Month-to-month,Electronic check,28,Fiber optic,No,Yes,110.85,No,0.18,No,Low
9548-LIGTA,Two year,Mailed check,61,DSL,Yes,Yes,81.05,No,0.01,No,Low
5150-LJNSR,One year,Bank transfer (automatic),31,Fiber optic,Yes,No,98.05,No,0.03,No,Low
8270-RKSAP,Month-to-month,Electronic check,9,Fiber optic,No,No,70.5,No,0.19,No,Low
6522-YRBXD,Month-to-month,Electronic check,35,Fiber optic,Yes,No,94.55,No,0.19,No,Low
2640-LYMOV,Month-to-month,Mailed check,2,No,No internet service,No internet service,19.65,No,0.09,No,Low
1218-VKFPE,Month-to-month,Mailed check,12,No,No internet service,No internet service,19.0,Yes,0.01,No,Low
3627-FHKBK,Month-to-month,Mailed check,1,Fiber optic,Yes,No,75.3,Yes,0.4518333333333333,No,Medium
2865-TCHJW,Month-to-month,Electronic check,4,Fiber optic,No,No,89.2,Yes,0.89,Yes,Critical
1423-BMPBQ,Month-to-month,Mailed check,1,No,No internet service,No internet service,19.0,No,0.21,No,Low
2393-DIVAI,Month-to-month,Mailed check,3,No,No internet service,No internet service,20.0,No,0.01,No,Low
5192-EBGOV,Month-to-month,Electronic check,1,Fiber optic,No,No,85.7,Yes,0.91,Yes,Critical
4568-KNYWR,Two year,Credit card (automatic),52,DSL,Yes,No,63.25,No,0.01,No,Low
8752-IMQOS,One year,Mailed check,5,No,No internet service,No internet service,20.1,No,0.0,No,Low
0742-LAFQK,Two year,Electronic check,72,Fiber optic,Yes,No,99.15,No,0.03,No,Low
0795-LAFGP,Two year,Electronic check,71,DSL,Yes,Yes,90.4,No,0.0,No,Low
0619-OLYUR,Two year,Credit card (automatic),72,Fiber optic,Yes,Yes,111.9,No,0.08,No,Low
5512-IDZEI,One year,Electronic check,46,No,No internet service,No internet service,24.9,No,0.01,No,Low
0459-SPZHJ,Two year,Credit card (automatic),63,DSL,Yes,No,83.5,No,0.02,No,Low
0215-BQKGS,Month-to-month,Credit card (automatic),30,Fiber optic,Yes,No,84.3,No,0.08,No,Low
9244-ZVAPM,Month-to-month,Mailed check,1,DSL,No,No,45.6,No,0.32,No,Medium
0719-SYFRB,Month-to-month,Mailed check,12,DSL,Yes,Yes,61.65,Yes,0.24,No,Low
8208-EUMTE,Two year,Mailed check,16,DSL,Yes,Yes,54.85,No,0.04,No,Low
5172-MIGPM,Month-to-month,Mailed check,4,DSL,No,Yes,65.55,No,0.17,No,Low
1710-RCXUS,One year,Credit card (automatic),51,Fiber optic,No,No,90.35,No,0.13,No,Low
0374-FIUCA,Two year,Credit card (automatic),65,No,No internet service,No internet service,20.4,No,0.0,No,Low
5839-SUYVZ,Month-to-month,Credit card (automatic),16,Fiber optic,No,Yes,74.55,No,0.13,No,Low
5173-ZXXXL,One year,Mailed check,2,No,No internet service,No internet service,19.95,No,0.01,No,Low
1096-ADRUX,One year,Bank transfer (automatic),66,Fiber optic,No,No,74.25,No,0.02,No,Low
2001-MCUUW,Two year,Electronic check,46,Fiber optic,No,Yes,108.65,No,0.27,No,Low
2731-GJRDG,One year,Bank transfer (automatic),32,Fiber optic,Yes,Yes,109.55,No,0.11,No,Low
4723-BEGSG,Two year,Credit card (automatic),72,DSL,Yes,Yes,86.65,No,0.0,No,Low
6516-NKQBO,Two year,Credit card (automatic),38,DSL,Yes,Yes,81.0,No,0.04,No,Low
8672-OAUPW,One year,Credit card (automatic),51,DSL,No,Yes,47.85,No,0.05,No,Low
8207-DMRVL,Two year,Bank transfer (automatic),72,Fiber optic,Yes,Yes,114.55,No,0.0,No,Low
3419-SNJJD,Month-to-month,Bank transfer (automatic),65,Fiber optic,Yes,No,105.25,Yes,0.75,Yes,Critical
6543-CPZMK,Month-to-month,Electronic check,9,DSL,No,No,29.95,Yes,0.41,No,Medium
4765-OXPPD,Month-to-month,Mailed check,9,DSL,Yes,Yes,65.0,Yes,0.7,Yes,High
2804-ETQDK,Two year,Mailed check,66,No,No internet service,No internet service,20.55,No,0.0,No,Low
6689-VRRTK,One year,Credit card (automatic),44,Fiber optic,Yes,No,109.8,No,0.1,No,Low
7138-GIRSH,Two year,Bank transfer (automatic),50,DSL,No,Yes,69.5,No,0.0,No,Low
9396-ZSFLL,Month-to-month,Mailed check,15,DSL,No,No,48.85,No,0.14,No,Low
6464-KEXXH,Month-to-month,Credit card (automatic),8,DSL,No,No,25.25,No,0.08,No,Low
7134-MJPDY,One year,Credit card (automatic),66,Fiber optic,No,Yes,102.85,No,0.45,No,Medium
5240-CAOYT,Month-to-month,Bank transfer (automatic),57,Fiber optic,Yes,Yes,87.55,No,0.11,No,Low
4059-IIEBK,Month-to-month,Bank transfer (automatic),7,Fiber optic,No,No,78.55,No,0.27,No,Low
4881-JVQOD,Month-to-month,Bank transfer (automatic),10,DSL,No,No,34.55,No,0.1,No,Low
0516-UXRMT,One year,Electronic check,62,Fiber optic,Yes,No,92.05,No,0.07,No,Low
4851-BQDNX,One year,Electronic check,40,Fiber optic,No,No,85.05,No,0.23,No,Low
5148-HKFIR,Two year,Mailed check,20,No,No internet service,No internet service,19.7,No,0.0,No,Low
1009-IRMNA,Month-to-month,Bank transfer (automatic),7,No,No internet service,No internet service,20.0,Yes,0.66,Yes,High
3003-CMDUU,Month-to-month,Electronic check,25,Fiber optic,No,Yes,95.15,No,0.17,No,Low
5016-IBERQ,Month-to-month,Electronic check,23,Fiber optic,No,No,84.25,No,0.33,No,Medium
6797-UCJHZ,One year,Credit card (automatic),66,Fiber optic,No,No,104.6,No,0.04,No,Low
2469-DTSGX,Two year,Electronic check,72,Fiber optic,No,Yes,111.65,No,0.0,No,Low
4554-YGZIH,Month-to-month,Credit card (automatic),49,Fiber optic,No,No,90.05,Yes,0.78,Yes,Critical
5099-BAILX,Month-to-month,Bank transfer (automatic),43,Fiber optic,No,Yes,110.75,Yes,0.78,Yes,Critical
9931-KGHOA,Month-to-month,Bank transfer (automatic),46,DSL,Yes,No,55.0,No,0.05,No,Low
1775-KWJKQ,Two year,Credit card (automatic),72,DSL,Yes,Yes,89.85,No,0.0,No,Low
7665-VIGUD,One year,Mailed check,10,No,No internet service,No internet service,20.35,No,0.01,No,Low
9411-TPQQV,One year,Bank transfer (automatic),40,DSL,Yes,Yes,54.55,No,0.02,No,Low
7207-RMRDB,Month-to-month,Electronic check,65,Fiber optic,No,No,105.5,Yes,0.79,Yes,Critical
7954-MLBUN,Two year,Bank transfer (automatic),31,Fiber optic,No,Yes,99.45,No,0.03,No,Low
2077-DDHJK,Two year,Credit card (automatic),68,DSL,Yes,Yes,70.9,No,0.04,No,Low
4913-EHYUI,One year,Bank transfer (automatic),56,Fiber optic,Yes,No,104.55,Yes,0.73,Yes,High
0195-IESCP,Month-to-month,Electronic check,10,Fiber optic,No,No,85.25,Yes,0.95,Yes,Critical
9574-BOSMD,Two year,Bank transfer (automatic),68,No,No internet service,No internet service,25.4,No,0.0,No,Low
4580-TMHJU,Month-to-month,Electronic check,43,DSL,No,No,56.15,Yes,0.67,Yes,High
0970-ETWGE,Month-to-month,Electronic check,1,Fiber optic,No,No,89.55,Yes,0.45,No,Medium
4908-XAXAY,One year,Bank transfer (automatic),49,Fiber optic,No,No,89.85,No,0.04,No,Low
8404-VLQFB,Month-to-month,Electronic check,15,No,No internet service,No internet service,25.25,No,0.08,No,Low
1626-ERCMM,Month-to-month,Electronic check,20,Fiber optic,No,No,94.55,Yes,0.8,Yes,Critical
0887-HJGAR,Month-to-month,Mailed check,1,DSL,No,No,45.7,Yes,0.88,Yes,Critical
2391-IPLOP,One year,Electronic check,50,DSL,No,Yes,69.65,No,0.05,No,Low
5644-PDMZC,Month-to-month,Electronic check,2,Fiber optic,No,No,89.5,Yes,0.76,Yes,Critical
3509-GWQGF,Month-to-month,Credit card (automatic),24,Fiber optic,No,No,70.0,No,0.05,No,Low
9576-ANLXO,Month-to-month,Bank transfer (automatic),3,Fiber optic,No,No,69.55,Yes,0.57,Yes,High
2024-BASKD,Month-to-month,Mailed check,1,Fiber optic,No,No,74.6,Yes,0.925,Yes,Critical
5845-BZZIB,Two year,Mailed check,35,No,No internet service,No internet service,20.1,No,0.0,No,Low
1140-UKVZG,Month-to-month,Mailed check,17,No,No internet service,No internet service,24.8,No,0.02,No,Low
4160-AMJTL,Month-to-month,Electronic check,8,No,No internet service,No internet service,19.65,Yes,0.21,No,Low
5183-SNMJQ,Month-to-month,Credit card (automatic),10,Fiber optic,No,Yes,95.1,No,0.16,No,Low
8100-PNJMH,Two year,Credit card (automatic),68,DSL,Yes,Yes,88.85,No,0.0,No,Low
7838-LAZFO,One year,Bank transfer (automatic),45,DSL,Yes,No,78.8,No,0.08,No,Low
4464-JCOLN,One year,Mailed check,2,No,No internet service,No internet service,19.85,Yes,0.01,No,Low
2085-JVGAD,Month-to-month,Bank transfer (automatic),37,No,No internet service,No internet service,20.35,No,0.05,No,Low
5650-VDUDS,Month-to-month,Mailed check,4,DSL,No,No,24.25,Yes,0.76,Yes,Critical
8095-WANWK,Month-to-month,Mailed check,10,DSL,No,No,45.25,No,0.1,No,Low
3030-ZKIWL,Month-to-month,Mailed check,1,No,No internet service,No internet service,20.05,No,0.095,No,Low
9565-FLVCG,Two year,Mailed check,65,DSL,Yes,No,69.55,No,0.03,No,Low
8755-OGKNA,Two year,Bank transfer (automatic),57,No,No internet service,No internet service,19.5,No,0.0,No,Low
2800-VEQXM,Month-to-month,Mailed check,3,Fiber optic,No,No,74.75,No,0.33,No,Medium
7538-GWHML,Month-to-month,Electronic check,2,Fiber optic,No,No,69.65,Yes,0.9,Yes,Critical
5533-RJFTJ,Month-to-month,Bank transfer (automatic),49,DSL,No,No,30.2,No,0.3,No,Medium
3859-CVCET,Month-to-month,Mailed check,4,DSL,No,No,45.65,Yes,0.74,Yes,High
0214-JHPFW,Two year,Bank transfer (automatic),70,DSL,No,Yes,57.8,No,0.01,No,Low
5642-MHDQT,One year,Bank transfer (automatic),53,No,No internet service,No internet service,19.85,No,0.03,No,Low
3088-FVYWK,Two year,Credit card (automatic),53,No,No internet service,No internet service,25.55,No,0.02,No,Low
3276-HDUEG,Month-to-month,Mailed check,1,Fiber optic,No,No,75.05,Yes,0.97,Yes,Critical
9092-GDZKO,Month-to-month,Credit card (automatic),22,No,No internet service,No internet service,24.85,No,0.06,No,Low
0823-HSCDJ,Month-to-month,Electronic check,52,DSL,No,No,49.15,Yes,0.51,Yes,Medium
3729-OWRVL,Two year,Electronic check,65,Fiber optic,Yes,Yes,110.35,No,0.32,No,Medium
2324-AALNO,One year,Bank transfer (automatic),48,No,No internet service,No internet service,24.55,No,0.01,No,Low
0822-GAVAP,Month-to-month,Electronic check,2,DSL,No,No,34.7,Yes,0.96,Yes,Critical
5760-IFJOZ,Month-to-month,Mailed check,3,Fiber optic,No,No,107.95,No,0.3,No,Medium
2826-UWHIS,Month-to-month,Bank transfer (automatic),45,Fiber optic,No,No,81.4,No,0.05,No,Low
1448-PWKYE,Month-to-month,Electronic check,1,Fiber optic,No,No,80.0,Yes,0.79,Yes,Critical
7501-IWUNG,Two year,Bank transfer (automatic),61,DSL,No,Yes,73.8,No,0.02,No,Low
4957-TREIR,Month-to-month,Credit card (automatic),3,DSL,Yes,Yes,64.4,No,0.05,No,Low
7251-LJBQN,One year,Credit card (automatic),40,Fiber optic,No,Yes,103.75,No,0.19,No,Low
8040-MNRTF,Month-to-month,Mailed check,1,Fiber optic,No,No,71.1,No,0.6389999999999999,Yes,High
1536-HBSWP,Month-to-month,Electronic check,1,DSL,No,Yes,49.9,No,0.68,Yes,High
5313-FPXWG,One year,Bank transfer (automatic),51,No,No internet service,No internet service,24.6,No,0.03,No,Low
0067-DKWBL,Month-to-month,Electronic check,2,DSL,Yes,No,49.25,Yes,0.95,Yes,Critical
0946-FKYTX,One year,Mailed check,52,DSL,No,No,30.1,No,0.13,No,Low
5076-YVXCM,Month-to-month,Bank transfer (automatic),51,Fiber optic,No,No,83.4,No,0.11,No,Low
8262-COGGB,Month-to-month,Mailed check,1,No,No internet service,No internet service,20.45,No,0.03,No,Low
6663-JOCQO,One year,Bank transfer (automatic),31,DSL,Yes,Yes,75.25,No,0.01,No,Low
9620-QJREV,One year,Credit card (automatic),47,No,No internet service,No internet service,20.55,No,0.0,No,Low
2276-YDAVZ,Month-to-month,Credit card (automatic),3,Fiber optic,No,No,75.1,Yes,0.92,Yes,Critical
2682-KEVRP,One year,Mailed check,22,No,No internet service,No internet service,20.05,No,0.01,No,Low
2480-JZOSN,Month-to-month,Mailed check,1,No,No internet service,No internet service,20.65,No,0.28,No,Low
0078-XZMHT,Two year,Bank transfer (automatic),72,DSL,No,Yes,85.15,No,0.0,No,Low
5896-NPFWW,Month-to-month,Electronic check,3,DSL,No,No,50.15,Yes,0.81,Yes,Critical
9978-HYCIN,One year,Bank transfer (automatic),47,Fiber optic,No,No,84.95,No,0.04,No,Low
8338-QIUNR,Two year,Credit card (automatic),72,DSL,Yes,Yes,66.5,No,0.06,No,Low
1525-LNLOJ,Two year,Bank transfer (automatic),66,DSL,No,No,63.3,No,0.09,No,Low
9450-TRJUU,Month-to-month,Electronic check,35,Fiber optic,No,No,83.15,No,0.32,No,Medium
1766-GKNMI,Month-to-month,Electronic check,29,Fiber optic,No,No,84.9,No,0.3,No,Medium
6942-LBFDP,Month-to-month,Mailed check,2,No,No internet service,No internet service,20.55,No,0.018333333333333333,No,Low
1456-TWCGB,Month-to-month,Mailed check,4,DSL,No,No,49.25,No,0.06,No,Low
7133-VBDCG,Month-to-month,Bank transfer (automatic),25,Fiber optic,Yes,No,79.85,Yes,0.7,Yes,High
7596-ZYWBB,Two year,Mailed check,65,DSL,Yes,Yes,59.6,No,0.01,No,Low
8329-UTMVM,One year,Bank transfer (automatic),27,Fiber optic,No,Yes,104.65,No,0.08,No,Low
3014-WJKSM,Month-to-month,Credit card (automatic),29,Fiber optic,No,No,75.3,No,0.09,No,Low
3347-YJZZE,Month-to-month,Credit card (automatic),29,DSL,No,No,80.1,No,0.05,No,Low
1029-QFBEN,Month-to-month,Mailed check,1,No,No internet service,No internet service,19.55,Yes,0.46542857142857136,No,Medium
7929-DMBCV,Month-to-month,Mailed check,20,Fiber optic,No,Yes,81.0,No,0.1,No,Low
9661-JALZV,Two year,Credit card (automatic),58,No,No internet service,No internet service,24.7,No,0.01,No,Low
5433-KYGHE,Month-to-month,Mailed check,14,Fiber optic,Yes,Yes,86.0,No,0.19,No,Low
4312-KFRXN,Two year,Mailed check,72,No,No internet service,No internet service,25.4,No,0.0,No,Low
5575-TPIZQ,Month-to-month,Credit card (automatic),46,Fiber optic,Yes,No,89.15,No,0.32,No,Medium
0114-IGABW,Two year,Bank transfer (automatic),71,DSL,No,Yes,58.25,No,0.01,No,Low
9944-AEXBM,Month-to-month,Bank transfer (automatic),32,Fiber optic,No,No,85.65,No,0.39,No,Medium
1853-ARAAQ,Month-to-month,Credit card (automatic),26,DSL,No,No,50.35,No,0.03,No,Low
6952-OMNWB,Month-to-month,Credit card (automatic),68,Fiber optic,No,No,80.35,No,0.09,No,Low
4697-LUPSU,One year,Mailed check,2,No,No internet service,No internet service,20.2,No,0.0,No,Low
8434-VGEQQ,Two year,Credit card (automatic),61,No,No internet service,No internet service,20.55,No,0.0,No,Low
4952-YSOGZ,Month-to-month,Electronic check,4,Fiber optic,No,No,85.95,Yes,0.96,Yes,Critical
1589-AGTLK,Month-to-month,Electronic check,3,DSL,No,No,45.35,Yes,0.88,Yes,Critical
5244-IRFIH,Month-to-month,Electronic check,33,Fiber optic,No,No,94.5,Yes,0.96,Yes,Critical
6549-YMFAW,Month-to-month,Mailed check,9,No,No internet service,No internet service,21.25,No,0.11,No,Low
4950-HKQTE,Two year,Mailed check,22,No,No internet service,No internet service,26.25,No,0.01,No,Low
6786-OBWQR,Month-to-month,Electronic check,5,Fiber optic,No,No,80.85,No,0.29,No,Low
2684-EIWEO,Month-to-month,Credit card (automatic),30,Fiber optic,Yes,No,91.7,Yes,0.63,Yes,High
2753-JMMCV,Two year,Credit card (automatic),65,DSL,No,Yes,74.2,No,0.0,No,Low
6439-GTPCA,Month-to-month,Electronic check,45,Fiber optic,No,Yes,87.25,Yes,0.71,Yes,High
6621-YOBKI,Month-to-month,Mailed check,5,No,No internet service,No internet service,20.35,No,0.03,No,Low
1216-JWVUX,Month-to-month,Electronic check,25,Fiber optic,No,No,75.5,No,0.26,No,Low
7564-GHCVB,Two year,Bank transfer (automatic),72,Fiber optic,Yes,No,79.05,No,0.01,No,Low
1173-NOEYG,Month-to-month,Bank transfer (automatic),27,Fiber optic,No,No,90.15,No,0.13,No,Low
7595-EHCDL,Month-to-month,Credit card (automatic),32,DSL,No,No,50.6,No,0.09,No,Low
6647-ZEDXT,One year,Credit card (automatic),30,Fiber optic,No,Yes,110.45,No,0.07,No,Low
2521-NPUZR,Two year,Credit card (automatic),70,Fiber optic,Yes,Yes,101.0,No,0.01,No,Low
1307-TVUFB,Month-to-month,Bank transfer (automatic),42,Fiber optic,No,No,79.35,No,0.06,No,Low
7503-MIOGA,Two year,Bank transfer (automatic),72,DSL,Yes,Yes,89.85,No,0.01,No,Low
4381-MHQDC,Two year,Mailed check,47,DSL,Yes,Yes,65.0,No,0.01,No,Low
6923-JHPMP,Month-to-month,Electronic check,2,Fiber optic,Yes,No,80.45,No,0.21,No,Low
5138-WVKYJ,Month-to-month,Electronic check,10,Fiber optic,Yes,No,98.55,Yes,0.87,Yes,Critical
4018-PPNDW,Two year,Mailed check,61,No,No internet service,No internet service,24.1,No,0.0,No,Low
1635-FJFCC,Month-to-month,Credit card (automatic),5,DSL,No,No,44.05,No,0.15,No,Low
2499-AJYUA,Two year,Credit card (automatic),72,Fiber optic,No,Yes,110.8,No,0.0,No,Low
6919-ELBGL,Two year,Bank transfer (automatic),72,Fiber optic,Yes,Yes,114.95,No,0.01,No,Low
3966-HRMZA,Month-to-month,Mailed check,3,Fiber optic,No,No,75.05,No,0.544,Yes,Medium
6425-JWTDV,Two year,Mailed check,48,No,No internet service,No internet service,19.25,No,0.0,No,Low
8405-IGQFX,One year,Credit card (automatic),63,Fiber optic,No,Yes,90.05,No,0.04,No,Low
8224-IVVPA,Month-to-month,Mailed check,27,DSL,Yes,No,56.7,No,0.03,No,Low
9477-LGWQI,Two year,Credit card (automatic),70,DSL,Yes,No,80.15,No,0.01,No,Low
1410-RSCMR,Month-to-month,Credit card (automatic),7,DSL,Yes,Yes,71.35,No,0.07,No,Low
3115-CZMZD,Two year,Mailed check,0,No,No internet service,No internet service,20.25,No,0.09,No,Low
0139-IVFJG,Month-to-month,Electronic check,2,Fiber optic,Yes,No,90.35,No,0.14,No,Low
6683-VLCTZ,Month-to-month,Electronic check,20,Fiber optic,No,No,98.55,Yes,0.95,Yes,Critical
5730-DBDSI,Two year,Bank transfer (automatic),66,No,No internet service,No internet service,19.7,No,0.0,No,Low
0030-FNXPP,Month-to-month,Mailed check,3,No,No internet service,No internet service,19.85,No,0.16,No,Low
2189-WWOEW,Month-to-month,Bank transfer (automatic),15,Fiber optic,No,No,85.9,Yes,0.8,Yes,Critical
5684-FJVYR,Two year,Bank transfer (automatic),72,Fiber optic,Yes,Yes,90.35,No,0.04,No,Low
4013-GUXND,Month-to-month,Mailed check,1,No,No internet service,No internet service,20.8,No,0.6918333333333332,Yes,High
1894-IGFSG,Month-to-month,Electronic check,22,Fiber optic,No,No,89.25,Yes,0.44,No,Medium
7379-POKDZ,Month-to-month,Electronic check,3,Fiber optic,No,No,70.3,Yes,0.8,Yes,Critical
1266-NZYUI,Two year,Bank transfer (automatic),72,DSL,Yes,Yes,66.85,No,0.03,No,Low
7969-FFOWG,Two year,Mailed check,65,No,No internet service,No internet service,19.9,No,0.0,No,Low
4718-DHSMV,Month-to-month,Mailed check,11,DSL,No,No,35.8,No,0.15,No,Low
5175-WLYXL,Month-to-month,Mailed check,22,Fiber optic,No,No,78.85,No,0.1,No,Low
7817-OMJNA,One year,Bank transfer (automatic),14,No,No internet service,No internet service,20.4,No,0.01,No,Low
8728-SKJLR,Month-to-month,Electronic check,41,Fiber optic,No,Yes,74.25,No,0.48,No,Medium
3137-NYQQI,One year,Mailed check,17,DSL,Yes,No,64.8,No,0.02,No,Low
7706-DZNKK,Month-to-month,Credit card (automatic),11,No,No internet service,No internet service,20.45,No,0.02,No,Low
0236-HFWSV,Month-to-month,Electronic check,15,Fiber optic,No,No,93.35,Yes,0.89,Yes,Critical
3900-AQPHZ,Month-to-month,Mailed check,1,No,No internet service,No internet service,19.9,Yes,0.41471428571428576,No,Medium
5842-POCOP,Month-to-month,Mailed check,5,Fiber optic,Yes,No,88.9,Yes,0.86,Yes,Critical
2037-XJFUP,One year,Electronic check,33,Fiber optic,No,No,95.8,Yes,0.61,Yes,High
8823-RLPWL,Two year,Credit card (automatic),72,Fiber optic,Yes,No,110.65,No,0.01,No,Low
9505-SQFSW,Month-to-month,Mailed check,3,DSL,No,No,40.3,No,0.1,No,Low
7314-OXENN,Month-to-month,Electronic check,2,Fiber optic,No,No,82.0,Yes,0.85,Yes,Critical
3758-CKOQL,One year,Credit card (automatic),59,Fiber optic,Yes,Yes,107.0,No,0.04,No,Low
0322-CHQRU,Month-to-month,Electronic check,2,DSL,No,No,45.35,Yes,0.79,Yes,Critical
5676-CFLYY,Two year,Credit card (automatic),71,DSL,No,Yes,73.35,No,0.01,No,Low
7521-AFHAB,Month-to-month,Mailed check,5,DSL,No,No,44.8,No,0.11,No,Low
0285-INHLN,Month-to-month,Credit card (automatic),27,DSL,Yes,No,54.75,No,0.07,No,Low
4678-DVQEO,Month-to-month,Electronic check,1,DSL,No,Yes,52.2,Yes,0.77,Yes,Critical
5125-CNDSP,One year,Bank transfer (automatic),63,DSL,Yes,Yes,40.6,No,0.01,No,Low
0691-IFBQW,One year,Electronic check,46,Fiber optic,Yes,No,110.0,Yes,0.65,Yes,High
4992-LTJNE,Two year,Bank transfer (automatic),72,DSL,Yes,No,55.3,No,0.0,No,Low
2202-OUTMO,Month-to-month,Bank transfer (automatic),34,DSL,Yes,Yes,60.85,No,0.03,No,Low
0810-BDHAW,One year,Electronic check,24,DSL,Yes,No,78.4,No,0.04,No,Low
0229-LFJAF,Two year,Bank transfer (automatic),72,DSL,Yes,Yes,69.65,No,0.0,No,Low
7131-ZQZNK,Two year,Credit card (automatic),60,DSL,Yes,Yes,59.85,No,0.01,No,Low
3442-ZHHCC,One year,Credit card (automatic),68,DSL,Yes,No,76.9,No,0.19,No,Low
5726-CVNYA,Two year,Mailed check,8,No,No internet service,No internet service,19.85,No,0.1,No,Low
9871-ELEYA,Two year,Credit card (automatic),34,DSL,Yes,Yes,67.65,No,0.03,No,Low
4257-GAESD,Month-to-month,Credit card (automatic),6,DSL,No,No,45.0,No,0.1,No,Low
5173-WXOQV,Month-to-month,Mailed check,2,DSL,No,Yes,64.2,No,0.15,No,Low
2040-OBMLJ,One year,Credit card (automatic),31,Fiber optic,No,Yes,81.7,No,0.08,No,Low
6286-ZHAOK,Month-to-month,Bank transfer (automatic),20,No,No internet service,No internet service,25.55,No,0.01,No,Low
3807-XHCJH,Month-to-month,Electronic check,1,No,No internet service,No internet service,20.0,No,0.19,No,Low
3009-JWMPU,One year,Electronic check,62,Fiber optic,No,No,96.75,Yes,0.74,Yes,High
5671-RQRLP,Two year,Credit card (automatic),70,Fiber optic,No,No,75.65,No,0.09,No,Low
1450-GALXR,Month-to-month,Electronic check,10,Fiber optic,No,Yes,98.5,Yes,0.89,Yes,Critical
8859-AXJZP,Two year,Mailed check,39,No,No internet service,No internet service,23.8,No,0.0,No,Low
3174-AKMAS,Two year,Credit card (automatic),46,DSL,No,Yes,64.2,No,0.02,No,Low
3138-BKYAV,Month-to-month,Electronic check,6,Fiber optic,No,No,85.35,Yes,0.89,Yes,Critical
9926-PJHDQ,Two year,Bank transfer (automatic),72,DSL,No,No,76.8,No,0.16,No,Low
7382-DFJTU,Month-to-month,Credit card (automatic),18,DSL,No,Yes,55.2,No,0.09,No,Low
2798-NYLMZ,Two year,Credit card (automatic),71,Fiber optic,Yes,Yes,108.55,No,0.23,No,Low
4289-DTDKW,Month-to-month,Electronic check,40,Fiber optic,No,No,101.3,Yes,0.95,Yes,Critical
1820-TQVEV,Month-to-month,Electronic check,1,Fiber optic,No,No,69.55,Yes,0.99,Yes,Critical
2239-JALAW,One year,Bank transfer (automatic),58,Fiber optic,No,No,103.25,Yes,0.82,Yes,Critical
4853-RULSV,Two year,Credit card (automatic),70,Fiber optic,Yes,Yes,104.0,Yes,0.73,Yes,High
8098-TDCBU,Two year,Electronic check,42,No,No internet service,No internet service,25.25,No,0.0,No,Low
3551-GAEGL,One year,Bank transfer (automatic),34,DSL,Yes,No,30.4,No,0.06,No,Low
4785-NKHCX,Month-to-month,Bank transfer (automatic),5,No,No internet service,No internet service,20.05,No,0.05,No,Low
3196-NVXLZ,Month-to-month,Mailed check,25,Fiber optic,No,No,84.6,No,0.16,No,Low
6275-YDUVO,Month-to-month,Mailed check,2,Fiber optic,No,No,86.2,Yes,0.89,Yes,Critical
0036-IHMOT,One year,Bank transfer (automatic),55,Fiber optic,No,Yes,103.7,No,0.06,No,Low
0115-TFERT,Month-to-month,Electronic check,21,Fiber optic,No,Yes,111.2,Yes,0.81,Yes,Critical
4178-EGMON,Two year,Credit card (automatic),70,Fiber optic,Yes,Yes,88.0,No,0.01,No,Low
4220-TINQT,Month-to-month,Electronic check,61,Fiber optic,No,Yes,106.35,No,0.17,No,Low
5318-YKDPV,Two year,Credit card (automatic),43,DSL,Yes,Yes,79.15,No,0.03,No,Low
7975-TZMLR,One year,Electronic check,47,Fiber optic,No,No,103.1,No,0.25,No,Low
0295-QVKPB,Month-to-month,Credit card (automatic),5,DSL,No,Yes,63.95,No,0.2,No,Low
4335-BSMJS,Two year,Credit card (automatic),62,No,No internet service,No internet service,25.8,No,0.0,No,Low
2311-QYMUQ,Month-to-month,Credit card (automatic),16,Fiber optic,No,No,89.45,Yes,0.86,Yes,Critical
3643-AHCFP,Month-to-month,Bank transfer (automatic),7,Fiber optic,No,No,95.6,Yes,0.94,Yes,Critical
9146-JRIOX,Month-to-month,Mailed check,14,No,No internet service,No internet service,25.55,No,0.07,No,Low
3104-OWCGK,One year,Electronic check,60,Fiber optic,No,No,90.95,Yes,0.65,Yes,High
5337-IIWKZ,Month-to-month,Electronic check,34,DSL,No,Yes,44.85,No,0.02,No,Low
9101-BWFSS,One year,Electronic check,50,Fiber optic,Yes,Yes,108.55,Yes,0.67,Yes,High
9650-VBUOG,Two year,Credit card (automatic),38,No,No internet service,No internet service,25.05,No,0.0,No,Low
3487-EARAT,One year,Credit card (automatic),70,DSL,Yes,Yes,74.1,No,0.13,No,Low
2672-TGEFF,Month-to-month,Electronic check,37,Fiber optic,No,No,88.8,No,0.06,No,Low
9231-ZJYAM,Month-to-month,Electronic check,4,Fiber optic,No,No,78.85,Yes,0.94,Yes,Critical
4250-WAROZ,Month-to-month,Electronic check,60,Fiber optic,Yes,No,93.25,No,0.01,No,Low
8184-WMOFI,One year,Credit card (automatic),62,DSL,Yes,Yes,71.4,No,0.04,No,Low
6982-SSHFK,Month-to-month,Mailed check,1,DSL,No,No,44.4,Yes,0.7,Yes,High
6092-QZVPP,Month-to-month,Credit card (automatic),36,DSL,Yes,Yes,79.2,No,0.02,No,Low
4625-LAMOB,Two year,Credit card (automatic),44,No,No internet service,No internet service,20.4,No,0.0,No,Low
0727-BMPLR,One year,Electronic check,55,Fiber optic,No,No,100.0,Yes,0.7,Yes,High
0392-BZIUW,Two year,Credit card (automatic),72,Fiber optic,Yes,No,105.0,No,0.06,No,Low
1038-ZAGBI,One year,Bank transfer (automatic),12,No,No internet service,No internet service,19.8,Yes,0.64,Yes,High
6549-NNDYT,Month-to-month,Bank transfer (automatic),13,DSL,Yes,No,30.85,No,0.06,No,Low
3027-ZTDHO,Month-to-month,Electronic check,1,Fiber optic,No,No,89.9,Yes,0.79,Yes,Critical
0422-OHQHQ,One year,Mailed check,15,No,No internet service,No internet service,20.55,No,0.0,No,Low
6916-HIJSE,Two year,Bank transfer (automatic),65,DSL,Yes,Yes,84.85,No,0.01,No,Low
2316-ESMLS,One year,Credit card (automatic),12,DSL,Yes,Yes,33.15,No,0.02,No,Low
9778-OGKQZ,Two year,Credit card (automatic),72,DSL,Yes,Yes,92.0,No,0.0,No,Low
7408-OFWXJ,Two year,Credit card (automatic),72,DSL,Yes,Yes,89.8,No,0.0,No,Low
6007-TCTST,Two year,Bank transfer (automatic),72,Fiber optic,Yes,Yes,115.8,No,0.01,No,Low
2252-NKNSI,Two year,Mailed check,52,DSL,Yes,Yes,85.15,No,0.0,No,Low
8713-IGZSO,Month-to-month,Mailed check,2,No,No internet service,No internet service,24.85,No,0.07,No,Low
7905-TVXTA,Month-to-month,Electronic check,5,DSL,Yes,Yes,64.35,No,0.11,No,Low
7695-PKLCZ,Two year,Credit card (automatic),68,No,No internet service,No internet service,20.5,No,0.0,No,Low
2382-BCKQJ,One year,Electronic check,62,Fiber optic,No,No,100.15,Yes,0.76,Yes,Critical
8374-UULRV,Two year,Credit card (automatic),72,DSL,Yes,Yes,86.05,No,0.01,No,Low
2207-NHRJK,Month-to-month,Electronic check,1,DSL,No,No,50.8,Yes,0.84,Yes,Critical
3224-DFQNQ,One year,Electronic check,66,Fiber optic,Yes,Yes,89.0,No,0.06,No,Low
5275-PMFUT,Two year,Credit card (automatic),72,DSL,Yes,Yes,64.8,No,0.0,No,Low
4795-UXVCJ,One year,Credit card (automatic),26,No,No internet service,No internet service,19.8,No,0.0,No,Low
9777-IQHWP,Two year,Bank transfer (automatic),64,Fiber optic,Yes,No,93.4,No,0.04,No,Low
0947-MUGVO,Month-to-month,Electronic check,20,Fiber optic,No,No,73.65,Yes,0.89,Yes,Critical
9944-HKVVB,Month-to-month,Electronic check,3,Fiber optic,No,No,95.1,Yes,0.9,Yes,Critical
4124-MMETB,Month-to-month,Credit card (automatic),22,Fiber optic,No,No,94.65,Yes,0.93,Yes,Critical
3671-SHRSP,Month-to-month,Mailed check,4,Fiber optic,No,Yes,80.6,Yes,0.83,Yes,Critical
0979-MOZQI,Two year,Bank transfer (automatic),62,DSL,No,Yes,39.0,No,0.03,No,Low
2732-ISEZX,Month-to-month,Mailed check,5,No,No internet service,No internet service,20.5,No,0.03333333333333333,No,Low
3313-QKNKB,One year,Electronic check,59,Fiber optic,No,No,85.55,Yes,0.18,No,Low
0323-XWWTN,Two year,Mailed check,3,No,No internet service,No internet service,26.4,No,0.0,No,Low
1937-OTUKY,Two year,Bank transfer (automatic),72,Fiber optic,Yes,Yes,98.2,No,0.03,No,Low
1573-LGXBA,One year,Credit card (automatic),57,Fiber optic,No,No,97.55,No,0.05,No,Low
1764-VUUMT,Two year,Credit card (automatic),66,No,No internet service,No internet service,19.95,No,0.0,No,Low
5073-WXOYN,Month-to-month,Electronic check,60,DSL,No,No,50.8,Yes,0.66,Yes,High
4713-ZBURT,Two year,Bank transfer (automatic),45,Fiber optic,No,No,99.7,No,0.05,No,Low
3050-GBUSH,Month-to-month,Credit card (automatic),3,DSL,No,No,34.8,No,0.23,No,Low
0207-MDKNV,Month-to-month,Electronic check,15,Fiber optic,Yes,Yes,105.1,Yes,0.84,Yes,Critical
7876-AEHIG,One year,Bank transfer (automatic),51,DSL,Yes,Yes,60.15,No,0.01,No,Low
7945-HLKEA,One year,Electronic check,60,DSL,Yes,Yes,64.75,No,0.02,No,Low
9342-VNIMQ,Month-to-month,Bank transfer (automatic),33,DSL,No,No,54.65,No,0.04,No,Low
9851-KIELU,Month-to-month,Electronic check,10,Fiber optic,Yes,Yes,110.1,Yes,0.53,Yes,Medium
3523-BRGUW,One year,Credit card (automatic),26,No,No internet service,No internet service,19.3,No,0.01,No,Low
3908-BLSYF,Month-to-month,Electronic check,6,Fiber optic,No,No,83.9,Yes,0.54,Yes,Medium
3199-NPKCN,One year,Electronic check,67,Fiber optic,Yes,Yes,111.25,No,0.1,No,Low
5170-PTRKA,One year,Credit card (automatic),49,DSL,Yes,Yes,35.8,No,0.03,No,Low
4661-NJEUX,Month-to-month,Mailed check,1,No,No internet service,No internet service,20.05,No,0.28,No,Low
2123-AGEEN,Month-to-month,Electronic check,7,Fiber optic,No,No,84.35,No,0.36,No,Medium
1258-YMZNM,One year,Bank transfer (automatic),27,Fiber optic,Yes,No,110.5,No,0.08,No,Low
0048-LUMLS,One year,Credit card (automatic),37,Fiber optic,No,No,91.2,No,0.19,No,Low
7549-MYGPK,Month-to-month,Electronic check,63,Fiber optic,Yes,No,100.55,Yes,0.8,Yes,Critical
5898-IGSLP,Month-to-month,Electronic check,31,Fiber optic,Yes,Yes,89.3,No,0.05,No,Low
3804-RVTGV,Month-to-month,Bank transfer (automatic),50,Fiber optic,No,No,103.85,Yes,0.81,Yes,Critical
6259-WJQLC,Month-to-month,Credit card (automatic),32,Fiber optic,No,No,81.1,No,0.13,No,Low
9227-LUNBG,Month-to-month,Electronic check,1,DSL,No,No,24.6,Yes,0.26,No,Low
7997-EASSD,One year,Credit card (automatic),63,Fiber optic,No,Yes,81.2,No,0.08,No,Low
0730-KOAVE,Month-to-month,Credit card (automatic),30,Fiber optic,Yes,No,94.3,No,0.61,Yes,High
8975-SKGRX,Two year,Bank transfer (automatic),71,Fiber optic,Yes,Yes,116.1,No,0.0,No,Low
0678-RLHVP,Two year,Electronic check,53,Fiber optic,No,No,105.55,No,0.08,No,Low
4315-MURBD,Month-to-month,Bank transfer (automatic),12,Fiber optic,Yes,Yes,98.9,Yes,0.9,Yes,Critical
2267-FPIMA,Month-to-month,Credit card (automatic),50,Fiber optic,Yes,No,94.4,No,0.08,No,Low
1051-GEJLJ,Month-to-month,Mailed check,2,No,No internet service,No internet service,19.5,No,0.6375,Yes,High
9734-YWGEX,Month-to-month,Credit card (automatic),9,Fiber optic,No,No,98.3,Yes,0.88,Yes,Critical
2719-BDAQO,Month-to-month,Electronic check,17,Fiber optic,Yes,No,93.85,Yes,0.8,Yes,Critical
5285-MVEHD,One year,Credit card (automatic),56,Fiber optic,Yes,No,105.6,No,0.15,No,Low
0379-DJQHR,Two year,Credit card (automatic),67,DSL,Yes,No,81.35,No,0.02,No,Low
0781-LKXBR,Month-to-month,Electronic check,9,Fiber optic,No,No,100.5,Yes,0.99,Yes,Critical
5543-QDCRY,Month-to-month,Electronic check,4,DSL,No,No,56.4,No,0.07,No,Low
0297-RBCSG,One year,Bank transfer (automatic),19,DSL,No,Yes,65.35,No,0.31,No,Medium
4694-PHWFW,Month-to-month,Mailed check,8,No,No internet service,No internet service,19.95,No,0.02,No,Low
0835-JKADZ,Two year,Electronic check,71,Fiber optic,No,Yes,111.25,No,0.05,No,Low
1907-UBQFC,Month-to-month,Electronic check,10,Fiber optic,No,No,72.85,Yes,0.9,Yes,Critical
7508-SMHXL,Month-to-month,Credit card (automatic),15,Fiber optic,No,No,89.0,No,0.25,No,Low
3865-YIOTT,One year,Bank transfer (automatic),72,Fiber optic,Yes,No,106.1,No,0.08,No,Low
5993-BQHEA,One year,Credit card (automatic),12,No,No internet service,No internet service,20.05,No,0.0,No,Low
6024-RUGGH,Two year,Bank transfer (automatic),72,No,No internet service,No internet service,25.2,No,0.0,No,Low
6513-EECDB,Month-to-month,Electronic check,1,Fiber optic,No,No,73.55,Yes,0.99,Yes,Critical
3956-CJUST,Month-to-month,Bank transfer (automatic),23,Fiber optic,Yes,No,75.4,No,0.06,No,Low
4079-WWQQQ,Two year,Bank transfer (automatic),72,DSL,Yes,Yes,65.55,No,0.0,No,Low
6103-BOCOU,Month-to-month,Electronic check,26,Fiber optic,No,No,80.7,No,0.29,No,Low
5149-TGWDZ,One year,Mailed check,21,Fiber optic,No,Yes,104.55,No,0.06,No,Low
7471-WNSUF,One year,Bank transfer (automatic),60,No,No internet service,No internet service,24.15,No,0.03,No,Low
8942-DBMHZ,Month-to-month,Mailed check,12,No,No internet service,No internet service,20.45,No,0.0,No,Low
4301-VVZKA,Month-to-month,Electronic check,16,Fiber optic,No,No,75.4,No,0.54,Yes,Medium
9199-PWQVC,One year,Credit card (automatic),63,DSL,Yes,No,79.7,No,0.02,No,Low
4824-GUCBY,Month-to-month,Electronic check,22,Fiber optic,Yes,No,81.7,No,0.06,No,Low
5393-HJZSM,Month-to-month,Bank transfer (automatic),32,DSL,Yes,Yes,76.3,No,0.09,No,Low
7074-IEVOJ,Month-to-month,Electronic check,3,Fiber optic,No,No,79.4,Yes,0.93,Yes,Critical
9625-QSTYE,Month-to-month,Electronic check,13,Fiber optic,No,No,81.15,Yes,0.93,Yes,Critical
0862-PRCBS,Two year,Credit card (automatic),68,Fiber optic,No,Yes,103.75,No,0.02,No,Low
8812-ZRHFP,One year,Electronic check,30,Fiber optic,No,No,86.45,No,0.05,No,Low
5146-CBVOE,Month-to-month,Bank transfer (automatic),16,Fiber optic,No,No,75.1,No,0.08,No,Low
0454-OKRCT,Two year,Bank transfer (automatic),33,Fiber optic,No,Yes,80.6,No,0.02,No,Low
5787-KXGIY,Two year,Credit card (automatic),72,No,No internet service,No internet service,19.3,No,0.0,No,Low
4750-ZRXIU,Month-to-month,Electronic check,4,Fiber optic,No,No,84.6,Yes,0.92,Yes,Critical
4198-VFOEA,One year,Mailed check,12,DSL,Yes,Yes,33.6,No,0.02,No,Low
6630-UJZMY,Month-to-month,Electronic check,4,Fiber optic,No,No,83.25,No,0.76,Yes,Critical
5709-LVOEQ,Two year,Mailed check,0,DSL,Yes,No,80.85,No,0.2,No,Low
6400-BWQKW,Month-to-month,Electronic check,6,Fiber optic,Yes,No,79.05,Yes,0.8,Yes,Critical
2692-AQCPF,One year,Credit card (automatic),65,Fiber optic,No,Yes,108.05,No,0.05,No,Low
0347-UBKUZ,Month-to-month,Mailed check,15,No,No internet service,No internet service,19.9,No,0.02,No,Low
0835-DUUIQ,One year,Bank transfer (automatic),24,No,No internet service,No internet service,21.05,No,0.11,No,Low
0811-GSDTP,Month-to-month,Electronic check,13,DSL,No,No,30.15,No,0.1,No,Low
7567-ECMCM,Month-to-month,Credit card (automatic),24,Fiber optic,No,No,79.85,No,0.12,No,Low
6115-ZTBFQ,Two year,Bank transfer (automatic),72,DSL,Yes,Yes,65.5,No,0.0,No,Low
6353-BRMMA,Month-to-month,Bank transfer (automatic),54,Fiber optic,Yes,No,104.1,No,0.14,No,Low
6680-WKXRZ,Month-to-month,Bank transfer (automatic),3,Fiber optic,No,No,74.4,Yes,0.82,Yes,Critical
6231-WFGFH,Month-to-month,Mailed check,4,No,No internet service,No internet service,20.5,No,0.02,No,Low
9904-EHEVJ,Month-to-month,Mailed check,32,Fiber optic,No,No,91.35,No,0.12,No,Low
7028-DVOIQ,Month-to-month,Electronic check,35,Fiber optic,No,No,99.05,Yes,0.96,Yes,Critical
6169-PPETC,Two year,Bank transfer (automatic),35,No,No internet service,No internet service,20.5,No,0.0,No,Low
4208-UFFGW,Month-to-month,Mailed check,2,DSL,No,No,44.95,Yes,0.7,Yes,High
8584-KMVXD,Month-to-month,Electronic check,8,Fiber optic,No,No,75.6,No,0.18,No,Low
8467-WYNSR,Month-to-month,Mailed check,22,DSL,Yes,Yes,55.1,No,0.07,No,Low
0851-DFJKB,Month-to-month,Electronic check,15,DSL,Yes,Yes,58.95,No,0.07,No,Low
5382-SOYZL,Month-to-month,Electronic check,22,Fiber optic,No,No,95.1,No,0.59,Yes,High
9448-REEVD,Month-to-month,Credit card (automatic),1,DSL,No,No,44.7,Yes,0.74,Yes,High
3261-CQXOL,Two year,Bank transfer (automatic),71,No,No internet service,No internet service,25.45,No,0.0,No,Low
8388-FYNPZ,Month-to-month,Electronic check,4,DSL,Yes,No,56.75,No,0.05,No,Low
4002-BQWPQ,Month-to-month,Bank transfer (automatic),25,DSL,Yes,Yes,81.75,No,0.15,No,Low
5651-YLPRD,Month-to-month,Electronic check,32,Fiber optic,No,No,86.1,No,0.41,No,Medium
2826-DXLQO,Month-to-month,Bank transfer (automatic),7,DSL,Yes,No,29.8,No,0.11,No,Low
4378-BZYFP,One year,Mailed check,17,No,No internet service,No internet service,20.5,No,0.0,No,Low
9489-UTFKA,Month-to-month,Bank transfer (automatic),8,DSL,Yes,No,60.9,No,0.08,No,Low
4849-PYRLQ,Two year,Bank transfer (automatic),56,DSL,Yes,Yes,73.25,No,0.0,No,Low
9117-SHLZX,Month-to-month,Mailed check,1,DSL,No,No,45.7,Yes,0.88,Yes,Critical
9889-TMAHG,Month-to-month,Credit card (automatic),8,Fiber optic,Yes,Yes,100.3,Yes,0.87,Yes,Critical
4541-RMRLG,Month-to-month,Electronic check,7,No,No internet service,No internet service,19.25,Yes,0.12,No,Low
7764-BDPEE,Month-to-month,Mailed check,3,No,No internet service,No internet service,20.85,No,0.01,No,Low
3429-IFLEM,Two year,Credit card (automatic),71,DSL,Yes,Yes,77.35,No,0.03,No,Low
3158-MOERK,Month-to-month,Electronic check,2,Fiber optic,No,No,96.0,Yes,0.98,Yes,Critical
7294-TMAOP,Month-to-month,Electronic check,1,Fiber optic,No,No,90.55,Yes,0.99,Yes,Critical
5002-GCQFH,Month-to-month,Bank transfer (automatic),49,Fiber optic,Yes,No,93.85,No,0.16,No,Low
0556-FJEGU,Two year,Bank transfer (automatic),58,DSL,No,Yes,70.1,No,0.0,No,Low
8919-FYFQZ,Month-to-month,Electronic check,44,DSL,No,No,30.35,Yes,0.75,Yes,Critical
0604-THJFP,Two year,Credit card (automatic),59,DSL,No,Yes,75.95,No,0.0,No,Low
2834-JRTUA,Two year,Electronic check,71,Fiber optic,Yes,Yes,108.05,Yes,0.72,Yes,High
5875-YPQFJ,Month-to-month,Electronic check,1,Fiber optic,No,No,69.9,Yes,1.0,Yes,Critical
5879-SESNB,Month-to-month,Electronic check,11,Fiber optic,No,No,75.25,No,0.3,No,Medium
6646-QVXLR,One year,Electronic check,62,Fiber optic,No,No,103.75,Yes,0.11,No,Low
6461-PPAXN,One year,Bank transfer (automatic),35,DSL,Yes,Yes,54.95,No,0.05,No,Low
3318-ISQFQ,Month-to-month,Bank transfer (automatic),20,No,No internet service,No internet service,19.5,No,0.05,No,Low
1106-HRLKZ,Two year,Mailed check,40,No,No internet service,No internet service,19.6,No,0.0,No,Low
2483-XSSMZ,One year,Electronic check,39,DSL,Yes,No,47.85,No,0.01,No,Low
8603-IJWDN,Month-to-month,Electronic check,1,Fiber optic,No,No,86.6,Yes,1.0,Yes,Critical
8165-ZJRNM,Two year,Bank transfer (automatic),72,No,No internet service,No internet service,23.75,No,0.0,No,Low
9369-XFEHK,Month-to-month,Bank transfer (automatic),33,Fiber optic,No,No,80.6,Yes,0.36,No,Medium
2604-XVDAM,Month-to-month,Bank transfer (automatic),12,DSL,No,No,43.8,No,0.1,No,Low
3717-OFRTN,Month-to-month,Bank transfer (automatic),1,No,No internet service,No internet service,19.75,No,0.17,No,Low
9046-JBFWA,Month-to-month,Mailed check,27,No,No internet service,No internet service,19.15,No,0.02,No,Low
3280-NMUVX,One year,Credit card (automatic),34,No,No internet service,No internet service,19.6,No,0.0,No,Low
1206-EHBDD,Two year,Bank transfer (automatic),56,Fiber optic,Yes,No,80.3,No,0.02,No,Low
8361-LBRDI,Two year,Credit card (automatic),58,No,No internet service,No internet service,24.35,No,0.01,No,Low
4883-KCPZJ,Two year,Credit card (automatic),22,No,No internet service,No internet service,25.25,No,0.0,No,Low
9108-EQPNQ,Two year,Credit card (automatic),10,No,No internet service,No internet service,26.1,No,0.03,No,Low
7277-KAMWT,Two year,Credit card (automatic),13,No,No internet service,No internet service,20.0,No,0.0,No,Low
3842-IYKUE,Month-to-month,Credit card (automatic),35,Fiber optic,No,Yes,85.3,Yes,0.75,Yes,Critical
6641-XRPSU,Month-to-month,Credit card (automatic),34,Fiber optic,No,No,70.0,Yes,0.72,Yes,High
1374-DMZUI,Month-to-month,Electronic check,4,Fiber optic,No,No,94.3,Yes,0.97,Yes,Critical
2545-LXYVJ,Two year,Bank transfer (automatic),72,No,No internet service,No internet service,20.7,No,0.0,No,Low
3234-VKACU,Month-to-month,Electronic check,2,DSL,No,Yes,70.3,No,0.16,No,Low
8357-EQXFO,Month-to-month,Electronic check,7,Fiber optic,No,No,95.35,Yes,0.91,Yes,Critical
1989-PRJHP,Month-to-month,Electronic check,27,Fiber optic,No,No,75.5,Yes,0.41,No,Medium
8120-JDCAM,Month-to-month,Mailed check,4,Fiber optic,No,No,69.55,No,0.29,No,Low
8917-FAEMR,Two year,Mailed check,37,No,No internet service,No internet service,19.85,No,0.0,No,Low
7047-YXDMZ,Month-to-month,Mailed check,21,No,No internet service,No internet service,20.0,No,0.0,No,Low
2858-EIMXH,One year,Credit card (automatic),53,Fiber optic,No,No,95.85,No,0.12,No,Low
9524-EGPJC,Month-to-month,Electronic check,18,Fiber optic,No,Yes,90.1,Yes,0.74,Yes,High
6993-OHLXR,Month-to-month,Electronic check,2,Fiber optic,No,No,68.95,Yes,0.87,Yes,Critical
8818-XYFCQ,Month-to-month,Credit card (automatic),32,Fiber optic,Yes,No,99.55,Yes,0.77,Yes,Critical
6419-ZTTLE,One year,Electronic check,23,No,No internet service,No internet service,20.75,No,0.01,No,Low
0929-HYQEW,Month-to-month,Mailed check,3,DSL,Yes,No,50.15,No,0.11,No,Low
6614-YOLAC,Two year,Mailed check,71,DSL,Yes,Yes,58.65,No,0.01,No,Low
7426-RHZGU,Month-to-month,Bank transfer (automatic),9,Fiber optic,No,Yes,95.9,No,0.19,No,Low
4065-JJAVA,Month-to-month,Electronic check,1,DSL,No,No,49.5,No,0.22,No,Low
4695-VADHF,Month-to-month,Electronic check,18,DSL,No,No,57.45,Yes,0.28,No,Low
3863-IUBJR,One year,Credit card (automatic),12,DSL,No,No,53.65,Yes,0.68,Yes,High
7649-SIJJF,Two year,Mailed check,71,DSL,Yes,Yes,80.1,No,0.0,No,Low
9361-YNQWJ,One year,Bank transfer (automatic),64,No,No internet service,No internet service,24.4,No,0.0,No,Low
3748-FVMZZ,Month-to-month,Electronic check,4,DSL,No,Yes,40.05,No,0.14,No,Low
9391-TTOYH,Month-to-month,Mailed check,23,No,No internet service,No internet service,19.5,No,0.0,No,Low
1452-XRSJV,Month-to-month,Credit card (automatic),39,DSL,Yes,No,51.05,No,0.03,No,Low
3422-WJOYD,One year,Mailed check,28,DSL,Yes,Yes,54.35,No,0.0,No,Low
8242-SOQUO,Month-to-month,Electronic check,5,Fiber optic,No,No,84.7,No,0.29,No,Low
7460-ITWWP,Month-to-month,Electronic check,45,Fiber optic,No,No,86.1,No,0.5,No,Medium
7147-AYBAA,Month-to-month,Mailed check,37,Fiber optic,No,No,70.35,No,0.14,No,Low
7868-TMWMZ,Two year,Bank transfer (automatic),60,Fiber optic,Yes,Yes,110.0,No,0.02,No,Low
4822-RVYBB,Month-to-month,Electronic check,8,Fiber optic,No,No,100.6,Yes,0.99,Yes,Critical
6732-FZUGP,One year,Credit card (automatic),47,Fiber optic,Yes,No,94.9,No,0.03,No,Low
8436-BJUMM,Month-to-month,Electronic check,26,Fiber optic,No,No,83.75,Yes,0.75,Yes,Critical
4184-TJFAN,Month-to-month,Mailed check,3,Fiber optic,Yes,Yes,88.3,Yes,0.9,Yes,Critical
8329-GWVPJ,Month-to-month,Bank transfer (automatic),50,Fiber optic,No,No,69.75,No,0.15,No,Low
1352-VHKAJ,Month-to-month,Bank transfer (automatic),27,DSL,No,Yes,71.6,No,0.03,No,Low
4145-UQXUQ,Month-to-month,Electronic check,8,Fiber optic,No,No,92.1,Yes,0.92,Yes,Critical
2632-TACXW,Two year,Bank transfer (automatic),62,No,No internet service,No internet service,23.65,No,0.0,No,Low
8146-QQKZH,Two year,Bank transfer (automatic),71,DSL,Yes,Yes,81.85,No,0.0,No,Low
1767-CJKBA,Two year,Mailed check,66,No,No internet service,No internet service,25.1,No,0.0,No,Low
6445-TNRXS,Two year,Bank transfer (automatic),68,Fiber optic,Yes,Yes,114.7,No,0.07,No,Low
4581-LNWUM,Month-to-month,Electronic check,13,DSL,No,No,49.15,No,0.57,Yes,High
4869-EPIUS,One year,Electronic check,56,Fiber optic,No,No,80.9,No,0.1,No,Low
9948-YPTDG,Month-to-month,Electronic check,38,Fiber optic,Yes,No,79.45,Yes,0.77,Yes,Critical
1236-WFCDV,Month-to-month,Credit card (automatic),14,Fiber optic,No,No,90.45,Yes,0.52,Yes,Medium
1915-OAKWD,One year,Bank transfer (automatic),16,No,No internet service,No internet service,19.3,No,0.1,No,Low
7296-PIXQY,Month-to-month,Electronic check,14,Fiber optic,No,No,70.2,No,0.15,No,Low
4883-QICIH,Month-to-month,Bank transfer (automatic),32,Fiber optic,No,No,69.75,Yes,0.77,Yes,Critical
3354-OADJP,One year,Bank transfer (automatic),8,DSL,Yes,Yes,54.25,No,0.06,No,Low
3524-WQDSG,Month-to-month,Bank transfer (automatic),43,Fiber optic,No,No,99.3,No,0.43,No,Medium
0810-DHDBD,One year,Credit card (automatic),52,DSL,Yes,Yes,74.0,No,0.01,No,Low
4026-SKKHW,Month-to-month,Mailed check,3,DSL,No,Yes,50.25,No,0.03,No,Low
2829-HYVZP,One year,Mailed check,29,No,No internet service,No internet service,19.8,No,0.0,No,Low
8329-IBCTI,Month-to-month,Mailed check,1,No,No internet service,No internet service,19.65,Yes,0.3132380952380952,No,Medium
1271-SJBGZ,Month-to-month,Electronic check,12,DSL,No,Yes,43.65,Yes,0.69,Yes,High
3845-JHAMY,Month-to-month,Credit card (automatic),16,DSL,No,No,35.5,No,0.09,No,Low
7013-PSXHK,One year,Mailed check,40,DSL,No,Yes,80.75,No,0.04,No,Low
5669-SRAIP,Month-to-month,Electronic check,5,DSL,No,No,39.5,Yes,0.85,Yes,Critical
5981-ITEMU,Month-to-month,Bank transfer (automatic),40,Fiber optic,No,No,97.1,Yes,0.78,Yes,Critical
3486-NPGST,One year,Mailed check,36,No,No internet service,No internet service,19.55,No,0.0,No,Low
6941-PMGEP,Month-to-month,Electronic check,5,Fiber optic,No,No,80.0,Yes,0.99,Yes,Critical
1624-WOIWJ,Month-to-month,Mailed check,10,Fiber optic,Yes,No,84.7,Yes,0.81,Yes,Critical
2074-GKOWZ,Month-to-month,Bank transfer (automatic),2,Fiber optic,No,No,89.55,Yes,0.86,Yes,Critical
0376-YMCJC,Month-to-month,Electronic check,23,Fiber optic,No,Yes,90.6,Yes,0.75,Yes,Critical
6100-FJZDG,One year,Bank transfer (automatic),26,No,No internet service,No internet service,20.05,No,0.0,No,Low
4829-ZLJTK,Two year,Electronic check,72,Fiber optic,Yes,No,112.4,No,0.03,No,Low
1730-VFMWO,Month-to-month,Bank transfer (automatic),34,DSL,No,Yes,50.2,No,0.06,No,Low
7143-BQIBA,Month-to-month,Bank transfer (automatic),10,DSL,Yes,Yes,62.25,No,0.13,No,Low
3800-LYTRK,One year,Mailed check,14,DSL,Yes,Yes,55.7,No,0.0,No,Low
0634-SZPQA,Month-to-month,Bank transfer (automatic),23,Fiber optic,Yes,No,90.05,Yes,0.8,Yes,Critical
9646-NMHXE,Two year,Mailed check,47,No,No internet service,No internet service,19.65,No,0.0,No,Low
7030-NJVDP,Month-to-month,Electronic check,24,Fiber optic,Yes,Yes,89.25,No,0.15,No,Low
5536-RTPWK,Month-to-month,Bank transfer (automatic),49,Fiber optic,No,No,99.05,Yes,0.85,Yes,Critical
8883-GRDWQ,One year,Mailed check,20,DSL,Yes,Yes,54.0,No,0.01,No,Low
6166-ILMNY,Month-to-month,Bank transfer (automatic),2,Fiber optic,No,No,69.75,Yes,0.7040000000000001,Yes,High
3097-NNSPB,Month-to-month,Credit card (automatic),2,DSL,No,No,49.05,Yes,0.88,Yes,Critical
7771-ZONAT,Two year,Bank transfer (automatic),22,DSL,No,Yes,56.75,No,0.06,No,Low
0655-RBDUG,Month-to-month,Bank transfer (automatic),7,Fiber optic,No,No,98.05,Yes,0.95,Yes,Critical
2111-DWYHN,Month-to-month,Mailed check,1,No,No internet service,No internet service,21.1,No,0.22666666666666668,No,Low
4194-WHFCB,Month-to-month,Bank transfer (automatic),59,Fiber optic,No,Yes,96.65,No,0.02,No,Low
4121-AGSIN,One year,Credit card (automatic),58,No,No internet service,No internet service,24.5,No,0.0,No,Low
4361-BKAXE,Month-to-month,Bank transfer (automatic),41,Fiber optic,Yes,Yes,114.5,Yes,0.82,Yes,Critical
9845-PEEKO,Two year,Credit card (automatic),59,Fiber optic,No,No,79.2,No,0.02,No,Low
0455-XFASS,Month-to-month,Electronic check,3,Fiber optic,No,No,69.55,No,0.12,No,Low
0301-KOBTQ,Two year,Bank transfer (automatic),32,No,No internet service,No internet service,20.05,No,0.02,No,Low
1751-NCDLI,Month-to-month,Electronic check,46,Fiber optic,No,No,98.85,No,0.97,Yes,Critical
4367-NUYAO,Two year,Mailed check,0,No,No internet service,No internet service,25.75,No,0.02,No,Low
9878-TNQGW,Month-to-month,Electronic check,2,Fiber optic,No,No,80.95,Yes,0.81,Yes,Critical
9170-ARBTB,One year,Credit card (automatic),52,No,No internet service,No internet service,19.6,No,0.0,No,Low
4441-NIHPT,Month-to-month,Electronic check,13,Fiber optic,No,No,74.3,Yes,0.81,Yes,Critical
8999-BOHSE,Month-to-month,Bank transfer (automatic),11,Fiber optic,No,No,89.7,Yes,0.91,Yes,Critical
7241-AJHFS,Month-to-month,Bank transfer (automatic),32,Fiber optic,Yes,Yes,87.65,No,0.03,No,Low
7029-RPUAV,Month-to-month,Credit card (automatic),17,Fiber optic,No,No,100.45,Yes,0.55,Yes,High
4546-FOKWR,Month-to-month,Credit card (automatic),16,Fiber optic,No,No,74.75,No,0.2,No,Low
9036-CSKBW,One year,Bank transfer (automatic),51,Fiber optic,Yes,No,107.45,No,0.07,No,Low
5832-TRLPB,One year,Bank transfer (automatic),29,DSL,No,Yes,75.35,No,0.08,No,Low
8590-YFFQO,Two year,Credit card (automatic),70,DSL,Yes,Yes,64.95,No,0.08,No,Low
8659-IOOPU,Two year,Electronic check,71,Fiber optic,Yes,Yes,100.45,No,0.06,No,Low
1338-CECEE,One year,Bank transfer (automatic),41,DSL,No,No,68.5,No,0.02,No,Low
7439-DKZTW,Month-to-month,Electronic check,1,Fiber optic,No,No,80.55,No,0.35,No,Medium
4646-QZXTF,Month-to-month,Bank transfer (automatic),7,DSL,Yes,Yes,81.25,No,0.1,No,Low
4607-CHPCA,One year,Electronic check,25,Fiber optic,No,No,90.4,Yes,0.71,Yes,High
9742-XOKTS,One year,Electronic check,67,Fiber optic,Yes,Yes,89.55,No,0.04,No,Low
6921-OZMFH,Month-to-month,Mailed check,5,DSL,No,Yes,55.7,No,0.16,No,Low
9578-FOMUK,Month-to-month,Electronic check,15,No,No internet service,No internet service,24.8,No,0.08,No,Low
4712-UYOOI,Month-to-month,Electronic check,20,No,No internet service,No internet service,20.0,No,0.03,No,Low
8824-RWFXJ,Month-to-month,Mailed check,3,DSL,No,No,56.15,Yes,0.91,Yes,Critical
7722-CVFXN,One year,Electronic check,54,Fiber optic,No,Yes,105.2,No,0.15,No,Low
8717-VCTXJ,One year,Mailed check,42,No,No internet service,No internet service,19.55,No,0.0,No,Low
7363-QTBIW,Month-to-month,Electronic check,9,Fiber optic,No,No,79.75,No,0.74,Yes,High
4159-NAAIX,Two year,Bank transfer (automatic),63,Fiber optic,No,No,97.45,No,0.05,No,Low
0971-QIFJK,Two year,Bank transfer (automatic),69,No,No internet service,No internet service,24.25,No,0.0,No,Low
9397-TZSHA,Two year,Credit card (automatic),69,No,No internet service,No internet service,24.6,No,0.01,No,Low
3391-JSQEW,Month-to-month,Mailed check,40,DSL,No,No,50.15,No,0.1,No,Low
0343-QLUZP,Two year,Bank transfer (automatic),60,DSL,Yes,No,39.6,No,0.0,No,Low
9763-PDTKK,Month-to-month,Bank transfer (automatic),4,Fiber optic,Yes,Yes,94.4,Yes,0.86,Yes,Critical
2176-LVPNX,Two year,Mailed check,71,DSL,Yes,Yes,89.85,No,0.03,No,Low
7627-JKIAZ,Month-to-month,Credit card (automatic),37,Fiber optic,No,No,78.95,Yes,0.72,Yes,High
3312-UUMZW,Month-to-month,Credit card (automatic),32,Fiber optic,No,No,98.85,No,0.61,Yes,High
1271-UODNO,Two year,Credit card (automatic),39,DSL,No,Yes,53.85,No,0.02,No,Low
8461-EFQYM,One year,Electronic check,38,No,No internet service,No internet service,24.25,No,0.0,No,Low
6900-RBKER,Two year,Credit card (automatic),52,Fiber optic,No,No,89.45,No,0.08,No,Low
6891-JPYFF,Month-to-month,Credit card (automatic),48,Fiber optic,Yes,No,105.25,No,0.09,No,Low
1459-QNFQT,Two year,Bank transfer (automatic),70,DSL,Yes,Yes,59.5,No,0.0,No,Low
1047-NNCBF,Month-to-month,Credit card (automatic),20,Fiber optic,No,No,70.55,No,0.11,No,Low
3696-XRIEN,One year,Credit card (automatic),50,DSL,Yes,Yes,82.5,No,0.03,No,Low
4081-DYXAV,One year,Credit card (automatic),19,DSL,No,No,44.85,Yes,0.73,Yes,High
0074-HDKDG,One year,Bank transfer (automatic),25,DSL,Yes,No,61.6,No,0.07,No,Low
8791-GFXLZ,Month-to-month,Bank transfer (automatic),12,DSL,No,No,49.05,No,0.09,No,Low
8111-SLLHI,Month-to-month,Electronic check,39,Fiber optic,No,No,105.65,Yes,0.91,Yes,Critical
0927-LCSMG,Month-to-month,Mailed check,7,Fiber optic,No,No,74.65,Yes,0.71,Yes,High
9330-DHBFL,One year,Mailed check,23,DSL,Yes,Yes,66.25,No,0.07,No,Low
0098-BOWSO,Month-to-month,Electronic check,27,No,No internet service,No internet service,19.4,No,0.02,No,Low
3452-ABWRL,Month-to-month,Credit card (automatic),47,Fiber optic,No,No,86.05,No,0.17,No,Low
5859-HZYLF,Two year,Credit card (automatic),26,No,No internet service,No internet service,19.15,No,0.0,No,Low
8257-RZAHR,Month-to-month,Bank transfer (automatic),14,DSL,Yes,No,64.7,Yes,0.73,Yes,High
5293-WXJAK,Month-to-month,Bank transfer (automatic),11,Fiber optic,No,Yes,104.05,Yes,0.95,Yes,Critical
3156-QLHBO,Month-to-month,Mailed check,2,No,No internet service,No internet service,19.25,No,0.02,No,Low
2208-NQBCT,Month-to-month,Electronic check,26,Fiber optic,Yes,No,81.95,No,0.07,No,Low
1779-PWPMG,Two year,Bank transfer (automatic),72,Fiber optic,Yes,Yes,114.65,No,0.0,No,Low
6621-NRZAK,Two year,Credit card (automatic),63,No,No internet service,No internet service,20.0,No,0.0,No,Low
0831-JNISG,Two year,Mailed check,71,No,No internet service,No internet service,19.8,No,0.0,No,Low
0774-IFUVM,Month-to-month,Bank transfer (automatic),11,DSL,Yes,No,65.15,No,0.11,No,Low
3082-WQRVY,One year,Mailed check,14,No,No internet service,No internet service,19.65,No,0.02,No,Low
9553-DLCLU,Two year,Credit card (automatic),13,DSL,Yes,Yes,88.95,No,0.01,No,Low
1641-BYBTK,Month-to-month,Mailed check,6,No,No internet service,No internet service,20.2,No,0.0,No,Low
2460-NGXBJ,Month-to-month,Credit card (automatic),11,Fiber optic,No,No,75.2,No,0.2,No,Low
2446-ZKVAF,Month-to-month,Credit card (automatic),18,DSL,No,No,56.8,No,0.09,No,Low
0841-NULXI,Month-to-month,Electronic check,1,DSL,No,No,35.55,Yes,0.98,Yes,Critical
3522-CDKHF,Month-to-month,Bank transfer (automatic),32,Fiber optic,Yes,No,75.5,No,0.16,No,Low
1430-SFQSA,One year,Mailed check,29,DSL,Yes,Yes,35.6,No,0.0,No,Low
0411-EZJZE,Month-to-month,Electronic check,3,DSL,No,No,60.25,No,0.23,No,Low
7851-WZEKY,Month-to-month,Electronic check,2,Fiber optic,No,No,95.15,Yes,0.99,Yes,Critical
8844-TONUD,Month-to-month,Mailed check,13,Fiber optic,No,No,96.65,Yes,0.81,Yes,Critical
8807-ARQET,Month-to-month,Electronic check,41,DSL,No,No,40.35,No,0.12,No,Low
8992-CEUEN,Month-to-month,Electronic check,1,No,No internet service,No internet service,18.85,No,0.45,No,Medium
4320-QMLLA,Month-to-month,Mailed check,7,DSL,No,No,54.85,No,0.14,No,Low
8777-PVYGU,One year,Mailed check,52,DSL,Yes,No,64.3,No,0.01,No,Low
8292-ITGYJ,Two year,Bank transfer (automatic),45,No,No internet service,No internet service,24.65,No,0.01,No,Low
6870-ZWMNX,Two year,Credit card (automatic),70,DSL,No,Yes,76.1,No,0.0,No,Low
0621-CXBKL,Two year,Mailed check,53,No,No internet service,No internet service,18.7,No,0.0,No,Low
5268-DSMNQ,One year,Credit card (automatic),62,Fiber optic,No,No,97.95,No,0.03,No,Low
5334-JLAXU,Month-to-month,Credit card (automatic),60,Fiber optic,Yes,No,94.1,No,0.09,No,Low
4086-YQSNZ,Month-to-month,Electronic check,3,Fiber optic,No,No,80.4,Yes,0.83,Yes,Critical
6242-MBHPK,Month-to-month,Electronic check,23,Fiber optic,Yes,No,95.1,No,0.14,No,Low
5868-CZJDR,Month-to-month,Mailed check,1,DSL,No,No,31.35,Yes,0.76,Yes,Critical
9359-UGBTK,One year,Bank transfer (automatic),67,DSL,Yes,Yes,72.35,No,0.07,No,Low
0135-NMXAP,Month-to-month,Bank transfer (automatic),12,Fiber optic,No,No,89.75,Yes,0.81,Yes,Critical
4782-OSFXZ,Two year,Bank transfer (automatic),71,DSL,Yes,Yes,82.7,No,0.01,No,Low
6479-OAUSD,One year,Credit card (automatic),25,No,No internet service,No internet service,19.9,No,0.0,No,Low
7129-ACFOG,Month-to-month,Electronic check,5,DSL,Yes,No,53.8,No,0.15,No,Low
4189-NAKJS,One year,Credit card (automatic),26,DSL,No,No,51.55,No,0.09,No,Low
5562-BETPV,One year,Mailed check,1,No,No internet service,No internet service,19.65,No,0.03,No,Low
1282-IHQAC,One year,Credit card (automatic),70,DSL,No,No,44.05,No,0.05,No,Low
9127-FHJBZ,Two year,Electronic check,72,Fiber optic,Yes,Yes,114.0,No,0.02,No,Low
6270-OMFIW,One year,Electronic check,60,Fiber optic,No,No,94.4,Yes,0.24,No,Low
1641-RQDAY,Month-to-month,Electronic check,32,Fiber optic,No,No,100.4,No,0.15,No,Low
0107-WESLM,Month-to-month,Electronic check,1,No,No internet service,No internet service,19.85,Yes,0.84,Yes,Critical
6994-ORCWG,One year,Mailed check,14,DSL,No,No,54.25,No,0.1,No,Low
1346-UFHAX,Month-to-month,Credit card (automatic),13,Fiber optic,Yes,No,80.0,No,0.28,No,Low
3992-YWPKO,Month-to-month,Credit card (automatic),6,Fiber optic,No,Yes,109.9,Yes,0.87,Yes,Critical
2933-XEUJM,Two year,Mailed check,46,DSL,Yes,No,79.2,No,0.0,No,Low
0125-LZQXK,Month-to-month,Electronic check,15,Fiber optic,No,Yes,101.35,Yes,0.69,Yes,High
5461-QKNTN,Month-to-month,Electronic check,43,Fiber optic,No,Yes,94.3,No,0.46,No,Medium
4835-YSJMR,Two year,Bank transfer (automatic),39,DSL,No,Yes,49.8,No,0.02,No,Low
8399-YNDCH,Month-to-month,Bank transfer (automatic),21,DSL,No,No,60.05,Yes,0.64,Yes,High
3164-YAXFY,Month-to-month,Electronic check,57,DSL,Yes,No,53.75,No,0.07,No,Low
0887-WBJVH,One year,Electronic check,53,Fiber optic,No,Yes,93.45,No,0.02,No,Low
4660-IRIBM,Month-to-month,Mailed check,18,Fiber optic,Yes,No,87.9,No,0.47,No,Medium
5673-FSSMF,Month-to-month,Electronic check,1,DSL,No,No,60.15,Yes,0.86,Yes,Critical
7670-ZBPOQ,One year,Bank transfer (automatic),58,DSL,Yes,Yes,61.05,No,0.01,No,Low
8089-UZWLX,Two year,Bank transfer (automatic),71,Fiber optic,No,No,104.05,No,0.19,No,Low
0080-OROZO,One year,Electronic check,35,Fiber optic,No,Yes,99.25,No,0.18,No,Low
3916-NRPAP,Month-to-month,Credit card (automatic),3,Fiber optic,No,No,85.7,No,0.14,No,Low
6807-SIWJI,One year,Electronic check,38,Fiber optic,Yes,No,104.85,No,0.09,No,Low
8221-HVAYI,Two year,Credit card (automatic),35,DSL,Yes,Yes,69.15,No,0.0,No,Low
1579-KLYDT,Month-to-month,Electronic check,7,Fiber optic,No,No,90.45,Yes,0.94,Yes,Critical
5232-NXPAY,Two year,Mailed check,47,DSL,No,Yes,74.45,No,0.03,No,Low
8967-SZQAS,Month-to-month,Electronic check,14,DSL,No,No,50.45,No,0.03,No,Low
4468-KAZHE,Month-to-month,Electronic check,20,DSL,No,No,60.0,No,0.08,No,Low
0455-ENTCR,Two year,Electronic check,66,DSL,Yes,Yes,85.25,No,0.03,No,Low
8944-AILEF,Month-to-month,Credit card (automatic),15,No,No internet service,No internet service,19.45,No,0.08,No,Low
5542-NKVRU,Two year,Bank transfer (automatic),42,No,No internet service,No internet service,20.75,No,0.0,No,Low
7126-RBHSD,Month-to-month,Electronic check,17,Fiber optic,Yes,No,78.9,No,0.22,No,Low
5370-IIVVL,One year,Credit card (automatic),37,Fiber optic,No,Yes,104.5,No,0.1,No,Low
6789-HJBWG,Month-to-month,Electronic check,12,DSL,No,No,49.4,No,0.06,No,Low
3927-NLNRY,One year,Bank transfer (automatic),53,Fiber optic,No,No,94.25,Yes,0.73,Yes,High
9087-EYCPR,Two year,Mailed check,60,No,No internet service,No internet service,25.0,No,0.01,No,Low
6791-YBNAK,Month-to-month,Credit card (automatic),18,DSL,No,No,25.55,No,0.06,No,Low
6358-LYNGM,Month-to-month,Electronic check,1,Fiber optic,No,No,74.9,Yes,0.85,Yes,Critical
6077-BDPXA,Month-to-month,Electronic check,3,Fiber optic,No,No,70.15,No,0.24,No,Low
0013-MHZWF,Month-to-month,Credit card (automatic),9,DSL,No,Yes,69.4,No,0.47,No,Medium
5494-HECPR,Month-to-month,Electronic check,1,Fiber optic,No,No,80.25,Yes,0.96,Yes,Critical
8268-YDIXR,One year,Electronic check,56,Fiber optic,Yes,No,93.15,No,0.05,No,Low
9824-BEMCV,Month-to-month,Electronic check,17,Fiber optic,No,No,69.0,Yes,0.86,Yes,Critical
1373-ORVIZ,Month-to-month,Electronic check,11,DSL,No,Yes,66.35,Yes,0.73,Yes,High
4291-SHSBH,Month-to-month,Electronic check,7,Fiber optic,No,No,69.55,No,0.21,No,Low
6980-IMXXE,Two year,Bank transfer (automatic),69,No,No internet service,No internet service,20.2,No,0.0,No,Low
9866-QEVEE,Month-to-month,Bank transfer (automatic),19,Fiber optic,No,No,86.0,Yes,0.47,No,Medium
9897-KXHCM,Month-to-month,Electronic check,3,Fiber optic,No,No,80.3,Yes,0.84,Yes,Critical
0040-HALCW,Two year,Credit card (automatic),54,No,No internet service,No internet service,20.4,No,0.01,No,Low
0784-GTUUK,One year,Credit card (automatic),62,No,No internet service,No internet service,23.75,No,0.0,No,Low
7979-CORPM,Month-to-month,Credit card (automatic),24,Fiber optic,No,No,90.55,Yes,0.82,Yes,Critical
2294-DMMUS,Month-to-month,Credit card (automatic),62,DSL,No,No,70.45,No,0.18,No,Low
0872-JCPIB,Month-to-month,Bank transfer (automatic),17,DSL,Yes,No,65.75,No,0.09,No,Low
3055-MJDSB,Month-to-month,Mailed check,9,DSL,No,No,24.6,No,0.15,No,Low
9091-WTUUY,Two year,Mailed check,64,DSL,Yes,Yes,69.25,No,0.0,No,Low
1618-CFHME,Month-to-month,Electronic check,2,Fiber optic,No,No,75.9,Yes,0.93,Yes,Critical
3165-HDOEW,Month-to-month,Mailed check,1,DSL,No,No,45.85,Yes,0.92,Yes,Critical
6581-NQCBA,Month-to-month,Electronic check,16,DSL,No,Yes,49.95,Yes,0.74,Yes,High
7115-IRDHS,Two year,Bank transfer (automatic),72,No,No internet service,No internet service,24.65,No,0.0,No,Low
8496-DMZUK,One year,Bank transfer (automatic),30,Fiber optic,Yes,No,90.4,No,0.02,No,Low
2040-VZIKE,Month-to-month,Mailed check,49,Fiber optic,Yes,No,100.85,No,0.06,No,Low
9068-VPWQQ,Two year,Credit card (automatic),61,DSL,Yes,Yes,75.35,No,0.01,No,Low
0178-SZBHO,Month-to-month,Electronic check,47,Fiber optic,No,No,87.2,No,0.12,No,Low
0384-RVBPI,Month-to-month,Credit card (automatic),20,DSL,Yes,No,64.4,No,0.05,No,Low
1689-MRZQR,Month-to-month,Electronic check,34,Fiber optic,No,No,78.3,Yes,0.7,Yes,High
1299-AURJA,Two year,Bank transfer (automatic),70,No,No internet service,No internet service,24.7,No,0.0,No,Low
4525-VZCZG,One year,Electronic check,54,Fiber optic,Yes,Yes,105.85,No,0.09,No,Low
1543-LLLFT,One year,Mailed check,61,Fiber optic,No,Yes,98.3,No,0.04,No,Low
5835-BEQEU,Month-to-month,Electronic check,3,Fiber optic,No,No,76.95,Yes,0.99,Yes,Critical
2788-CJQAQ,One year,Mailed check,13,No,No internet service,No internet service,19.45,No,0.0,No,Low
5565-FILXA,Month-to-month,Electronic check,16,Fiber optic,No,No,96.15,Yes,0.89,Yes,Critical
0319-QZTCO,Month-to-month,Credit card (automatic),3,DSL,No,No,58.7,No,0.15,No,Low
2120-SMPEX,Month-to-month,Mailed check,25,No,No internet service,No internet service,20.15,No,0.07,No,Low
0096-FCPUF,Month-to-month,Mailed check,30,DSL,Yes,No,64.5,No,0.04,No,Low
0668-OGMHD,Month-to-month,Electronic check,21,DSL,Yes,No,28.5,No,0.28,No,Low
5552-ZNFSJ,Month-to-month,Electronic check,1,DSL,No,No,45.3,Yes,0.99,Yes,Critical
2223-KAGMX,Month-to-month,Bank transfer (automatic),15,No,No internet service,No internet service,19.4,Yes,0.75,Yes,Critical
6507-ZJSUR,Month-to-month,Electronic check,23,Fiber optic,No,No,90.45,No,0.59,Yes,High
9408-HRXRK,Month-to-month,Electronic check,45,Fiber optic,Yes,No,105.15,No,0.02,No,Low
5593-SUAOO,One year,Bank transfer (automatic),24,Fiber optic,No,No,83.15,No,0.03,No,Low
7321-PKUYW,Month-to-month,Electronic check,11,Fiber optic,No,Yes,90.15,Yes,0.77,Yes,Critical
2833-SLKDQ,Month-to-month,Mailed check,1,DSL,No,No,45.05,Yes,0.66,Yes,High
6766-HFKLA,Two year,Bank transfer (automatic),56,Fiber optic,No,Yes,103.2,No,0.06,No,Low
7595-EUIVN,Month-to-month,Electronic check,1,Fiber optic,No,No,75.8,Yes,0.77,Yes,Critical
7617-EYGLW,Month-to-month,Electronic check,1,No,No internet service,No internet service,19.45,No,0.15,No,Low
2026-TGDHM,Month-to-month,Electronic check,7,Fiber optic,No,No,79.3,Yes,1.0,Yes,Critical
9220-ZNKJI,Two year,Credit card (automatic),55,Fiber optic,No,Yes,88.8,No,0.09,No,Low
4030-VPZBD,Month-to-month,Electronic check,2,DSL,No,Yes,30.9,Yes,0.88,Yes,Critical
2226-ICFDO,Two year,Credit card (automatic),72,DSL,Yes,Yes,85.9,No,0.0,No,Low
0723-VSOBE,One year,Electronic check,45,DSL,No,No,34.2,No,0.14,No,Low
5529-GIBVH,Two year,Mailed check,47,No,No internet service,No internet service,20.15,No,0.0,No,Low
4187-CINZD,One year,Credit card (automatic),46,Fiber optic,No,No,95.25,Yes,0.71,Yes,High
9992-UJOEL,Month-to-month,Mailed check,2,DSL,No,No,50.3,No,0.49,No,Medium
4741-WWJQZ,Month-to-month,Electronic check,2,Fiber optic,Yes,Yes,80.15,No,0.29,No,Low
6625-UTXEW,Month-to-month,Electronic check,12,DSL,No,No,51.25,No,0.03,No,Low
6818-WOBHJ,Month-to-month,Bank transfer (automatic),68,Fiber optic,No,No,89.6,Yes,0.8,Yes,Critical
6244-BESBM,Two year,Credit card (automatic),69,Fiber optic,No,Yes,95.2,No,0.07,No,Low
1004-NOZNR,One year,Credit card (automatic),56,Fiber optic,Yes,No,94.8,No,0.1,No,Low
1251-STYSZ,Month-to-month,Electronic check,4,Fiber optic,Yes,No,80.25,No,0.12,No,Low
2612-PHGOX,Two year,Bank transfer (automatic),64,DSL,No,Yes,76.1,No,0.02,No,Low
2408-TZMJL,One year,Electronic check,59,Fiber optic,Yes,No,110.15,Yes,0.65,Yes,High
8480-PPONV,Two year,Bank transfer (automatic),62,Fiber optic,Yes,Yes,115.55,No,0.06,No,Low
8780-IHCRN,Two year,Credit card (automatic),63,No,No internet service,No internet service,24.65,No,0.0,No,Low
4598-ZADCK,One year,Electronic check,53,DSL,Yes,Yes,53.6,No,0.04,No,Low
1257-SXUXQ,Month-to-month,Mailed check,5,No,No internet service,No internet service,19.45,No,0.03,No,Low
9681-KYGYB,Month-to-month,Electronic check,49,Fiber optic,Yes,No,88.2,No,0.13,No,Low
7182-OVLBJ,Two year,Bank transfer (automatic),62,Fiber optic,Yes,No,101.15,No,0.03,No,Low
5095-ETBRJ,Two year,Mailed check,55,DSL,Yes,Yes,56.8,No,0.02,No,Low
7005-CYUIL,Two year,Electronic check,71,Fiber optic,Yes,Yes,99.4,No,0.02,No,Low
4821-WQOYN,Two year,Credit card (automatic),72,No,No internet service,No internet service,20.1,No,0.0,No,Low
4730-AWNAU,One year,Credit card (automatic),36,DSL,Yes,Yes,60.7,No,0.02,No,Low
3452-FLHYD,One year,Bank transfer (automatic),25,No,No internet service,No internet service,20.95,No,0.0,No,Low
2388-LAESQ,Two year,Bank transfer (automatic),72,Fiber optic,Yes,Yes,114.85,No,0.0,No,Low
9531-NSBMR,One year,Bank transfer (automatic),36,No,No internet service,No internet service,19.25,No,0.02,No,Low
6260-ONULR,Month-to-month,Mailed check,1,DSL,No,No,62.8,No,0.26,No,Low
4389-UEFCZ,Two year,Electronic check,72,Fiber optic,Yes,No,105.5,No,0.02,No,Low
8711-LOBKY,Two year,Mailed check,59,No,No internet service,No internet service,19.85,No,0.01,No,Low
9134-CEQMF,Month-to-month,Electronic check,7,Fiber optic,No,No,89.5,Yes,0.78,Yes,Critical
8985-OOPOS,One year,Credit card (automatic),1,DSL,No,Yes,74.1,No,0.3,No,Medium
8800-ZKRFW,Month-to-month,Electronic check,30,Fiber optic,No,Yes,107.5,No,0.13,No,Low
2616-FLVQC,Two year,Mailed check,64,No,No internet service,No internet service,19.55,No,0.11,No,Low
9968-FFVVH,One year,Bank transfer (automatic),63,DSL,Yes,Yes,68.8,No,0.02,No,Low
3108-PCCGG,Two year,Credit card (automatic),72,DSL,Yes,No,84.45,No,0.01,No,Low
7993-PYKOF,Month-to-month,Electronic check,8,Fiber optic,Yes,No,75.0,Yes,0.79,Yes,Critical
8390-FESFV,Two year,Bank transfer (automatic),62,DSL,No,Yes,84.5,No,0.0,No,Low
3022-BEXHZ,Two year,Bank transfer (automatic),67,Fiber optic,No,Yes,111.2,No,0.05,No,Low
5027-XWQHA,Month-to-month,Electronic check,6,DSL,No,No,44.75,Yes,0.84,Yes,Critical
6248-TKCQV,Two year,Bank transfer (automatic),70,DSL,Yes,Yes,80.6,No,0.0,No,Low
6729-GDNGC,Month-to-month,Bank transfer (automatic),20,Fiber optic,No,No,80.7,No,0.32,No,Medium
6198-ZFIOJ,Month-to-month,Electronic check,5,Fiber optic,No,No,75.6,No,0.33,No,Medium
5989-OMNJE,One year,Electronic check,24,DSL,Yes,No,57.6,No,0.16,No,Low
4566-QVRRW,Month-to-month,Electronic check,11,DSL,No,No,44.05,Yes,0.71,Yes,High
1291-CUOCY,Two year,Credit card (automatic),72,Fiber optic,No,Yes,110.6,No,0.01,No,Low
9795-SHUHB,Two year,Credit card (automatic),66,DSL,Yes,Yes,58.2,No,0.0,No,Low
3230-IUALN,Two year,Mailed check,45,DSL,Yes,Yes,81.0,No,0.0,No,Low
0042-RLHYP,Two year,Bank transfer (automatic),69,No,No internet service,No internet service,19.7,No,0.0,No,Low
8519-IMDHU,Month-to-month,Bank transfer (automatic),15,Fiber optic,No,No,85.6,Yes,0.86,Yes,Critical
4945-RVMTE,Month-to-month,Bank transfer (automatic),28,DSL,No,No,59.55,No,0.22,No,Low
0201-OAMXR,One year,Credit card (automatic),70,Fiber optic,Yes,Yes,115.55,Yes,0.66,Yes,High
1866-NXPSP,One year,Mailed check,36,DSL,Yes,Yes,75.55,No,0.07,No,Low
3372-KWFBM,Month-to-month,Electronic check,16,Fiber optic,No,No,86.6,Yes,0.8,Yes,Critical
7831-QGOXH,Month-to-month,Electronic check,18,Fiber optic,No,No,85.2,Yes,0.88,Yes,Critical
6393-WRYZE,Month-to-month,Electronic check,34,Fiber optic,No,No,97.65,Yes,0.83,Yes,Critical
3941-XTSKM,One year,Credit card (automatic),42,DSL,No,No,45.1,No,0.07,No,Low
1661-CZBAU,One year,Bank transfer (automatic),48,DSL,Yes,Yes,70.95,No,0.03,No,Low
6599-RCLCJ,Month-to-month,Electronic check,47,Fiber optic,No,Yes,109.55,Yes,0.76,Yes,Critical
9831-BPFRI,One year,Electronic check,39,Fiber optic,No,Yes,89.55,Yes,0.66,Yes,High
5158-RIVOP,Two year,Credit card (automatic),11,No,No internet service,No internet service,20.9,No,0.03,No,Low
9788-YTFGE,Month-to-month,Mailed check,7,No,No internet service,No internet service,19.95,No,0.04,No,Low
9277-JOOMO,Month-to-month,Mailed check,3,No,No internet service,No internet service,24.6,No,0.03,No,Low
1907-YLNYW,Month-to-month,Electronic check,8,DSL,Yes,No,66.7,No,0.11,No,Low
1725-MIMXW,Month-to-month,Mailed check,1,No,No internet service,No internet service,19.45,Yes,0.63,Yes,High
8947-YRTDV,One year,Mailed check,32,Fiber optic,Yes,No,94.8,No,0.03,No,Low
3161-ONRWK,One year,Bank transfer (automatic),60,DSL,Yes,Yes,65.85,No,0.0,No,Low
0114-RSRRW,Month-to-month,Bank transfer (automatic),10,No,No internet service,No internet service,19.95,No,0.03,No,Low
4565-NLZBV,Two year,Bank transfer (automatic),71,No,No internet service,No internet service,24.65,No,0.0,No,Low
0031-PVLZI,Month-to-month,Mailed check,4,No,No internet service,No internet service,20.35,Yes,0.62,Yes,High
7206-GZCDC,Month-to-month,Electronic check,1,Fiber optic,No,No,69.25,Yes,1.0,Yes,Critical
6682-VCIXC,One year,Bank transfer (automatic),43,DSL,Yes,Yes,51.25,No,0.02,No,Low
4791-QRGMF,One year,Bank transfer (automatic),59,Fiber optic,No,No,99.5,Yes,0.73,Yes,High
6475-VHUIZ,Month-to-month,Electronic check,23,DSL,No,Yes,54.25,No,0.06,No,Low
3910-MRQOY,Two year,Bank transfer (automatic),72,No,No internet service,No internet service,19.4,No,0.0,No,Low
0661-WCQNQ,One year,Credit card (automatic),22,DSL,Yes,Yes,56.25,No,0.04,No,Low
7537-RBWEA,Month-to-month,Mailed check,1,DSL,No,No,25.15,No,0.32,No,Medium
4656-CAURT,Two year,Bank transfer (automatic),69,No,No internet service,No internet service,23.95,No,0.0,No,Low
0121-SNYRK,One year,Mailed check,50,DSL,Yes,Yes,35.4,No,0.01,No,Low
1768-ZAIFU,Month-to-month,Electronic check,1,DSL,No,No,25.2,Yes,0.84,Yes,Critical
4671-LXRDQ,Month-to-month,Mailed check,2,DSL,No,No,45.0,Yes,0.81,Yes,Critical
3733-LSYCE,Month-to-month,Bank transfer (automatic),15,Fiber optic,No,No,75.35,No,0.03,No,Low
6265-FRMTQ,Two year,Bank transfer (automatic),31,No,No internet service,No internet service,20.4,No,0.01,No,Low
1934-SJVJK,Month-to-month,Mailed check,1,No,No internet service,No internet service,20.15,Yes,0.9845238095238095,Yes,Critical
3838-OZURD,Month-to-month,Credit card (automatic),66,Fiber optic,No,No,105.0,Yes,0.86,Yes,Critical
1371-DWPAZ,Two year,Credit card (automatic),0,DSL,Yes,Yes,56.05,No,0.05,No,Low
9269-CQOOL,Month-to-month,Credit card (automatic),3,DSL,No,No,54.7,Yes,0.88,Yes,Critical
2017-CCBLH,Two year,Mailed check,8,No,No internet service,No internet service,20.0,No,0.01,No,Low
7690-KPNCU,One year,Credit card (automatic),64,DSL,Yes,No,73.05,No,0.13,No,Low
0536-BGFMZ,Month-to-month,Mailed check,28,No,No internet service,No internet service,20.5,No,0.01,No,Low
2293-IJWPS,One year,Credit card (automatic),57,Fiber optic,No,No,100.75,No,0.2,No,Low
2845-HSJCY,Month-to-month,Electronic check,14,Fiber optic,No,No,87.25,Yes,0.76,Yes,Critical
5469-NUJUR,Two year,Mailed check,19,No,No internet service,No internet service,19.95,No,0.0,No,Low
1184-PJVDB,Month-to-month,Electronic check,10,Fiber optic,No,No,79.95,Yes,0.88,Yes,Critical
2625-TRCZQ,Month-to-month,Electronic check,51,DSL,No,No,49.65,No,0.09,No,Low
4102-HLENU,Two year,Mailed check,67,DSL,Yes,No,65.65,No,0.0,No,Low
7266-GSSJX,Month-to-month,Electronic check,11,No,No internet service,No internet service,20.45,No,0.14,No,Low
7722-VJRQD,Two year,Bank transfer (automatic),72,DSL,Yes,Yes,60.95,No,0.01,No,Low
7073-QETQY,One year,Electronic check,66,No,No internet service,No internet service,20.35,No,0.01,No,Low
9415-DPEWS,Month-to-month,Electronic check,18,Fiber optic,No,Yes,88.35,Yes,0.9,Yes,Critical
5624-RYAMH,Month-to-month,Electronic check,9,No,No internet service,No internet service,19.5,No,0.07,No,Low
0196-JTUQI,Month-to-month,Credit card (automatic),9,Fiber optic,No,No,75.2,No,0.12,No,Low
7130-YXBRO,Month-to-month,Bank transfer (automatic),48,Fiber optic,Yes,No,111.45,No,0.05,No,Low
9272-LSVYH,Month-to-month,Mailed check,10,Fiber optic,No,No,70.15,No,0.08,No,Low
7943-RQCHR,Month-to-month,Electronic check,9,Fiber optic,No,No,94.75,Yes,0.99,Yes,Critical
3793-MMFUH,Month-to-month,Electronic check,13,Fiber optic,No,No,95.05,Yes,0.9,Yes,Critical
3249-ZPQRG,Month-to-month,Electronic check,4,Fiber optic,No,No,78.45,Yes,0.71,Yes,High
2568-BRGYX,Month-to-month,Electronic check,4,Fiber optic,No,No,70.2,Yes,0.77,Yes,Critical
3084-DOWLE,Two year,Bank transfer (automatic),72,DSL,Yes,Yes,92.0,No,0.0,No,Low
1084-MNSMJ,Two year,Credit card (automatic),51,DSL,Yes,Yes,85.5,No,0.01,No,Low
7721-JXEAW,Month-to-month,Bank transfer (automatic),59,DSL,No,No,41.05,Yes,0.7,Yes,High
7249-WBIYX,Month-to-month,Electronic check,10,Fiber optic,No,No,85.6,Yes,0.79,Yes,Critical
4238-HFHSN,Month-to-month,Electronic check,61,Fiber optic,No,No,82.15,No,0.17,No,Low
6250-CGGUN,One year,Electronic check,54,Fiber optic,Yes,Yes,84.4,No,0.07,No,Low
5478-JJVZK,Month-to-month,Mailed check,33,DSL,Yes,No,60.9,No,0.07,No,Low
7596-IIWYC,Two year,Bank transfer (automatic),27,No,No internet service,No internet service,20.25,No,0.0,No,Low
6567-HOOPW,Month-to-month,Electronic check,1,Fiber optic,No,No,79.2,Yes,0.98,Yes,Critical
9793-WECQC,Month-to-month,Mailed check,23,Fiber optic,No,No,95.3,No,0.12,No,Low
4291-HPAXL,Month-to-month,Mailed check,1,No,No internet service,No internet service,19.85,No,0.29,No,Low
8999-YPYBV,Two year,Mailed check,45,DSL,Yes,Yes,84.35,No,0.0,No,Low
1839-FBNFR,Two year,Bank transfer (automatic),39,No,No internet service,No internet service,19.85,No,0.0,No,Low
3164-AALRN,One year,Mailed check,5,DSL,No,No,70.0,Yes,0.81,Yes,Critical
3071-MVJCD,Two year,Bank transfer (automatic),72,DSL,Yes,Yes,82.3,No,0.02,No,Low
1697-BCSHV,Month-to-month,Bank transfer (automatic),58,DSL,No,No,66.8,No,0.08,No,Low
0562-KBDVM,Two year,Bank transfer (automatic),70,DSL,Yes,Yes,44.6,No,0.0,No,Low
1131-SUEKT,One year,Bank transfer (automatic),61,Fiber optic,No,Yes,98.45,No,0.17,No,Low
3717-OEAUQ,Month-to-month,Mailed check,2,Fiber optic,No,No,70.7,No,0.645,Yes,High
4538-WNTMJ,One year,Mailed check,46,No,No internet service,No internet service,24.95,No,0.0,No,Low
3334-CTHOL,Month-to-month,Bank transfer (automatic),1,DSL,No,No,49.95,Yes,0.55,Yes,High
4704-ERYFC,Month-to-month,Electronic check,22,Fiber optic,No,No,69.25,Yes,0.83,Yes,Critical
9432-RUVSL,Two year,Credit card (automatic),48,Fiber optic,Yes,Yes,102.5,No,0.03,No,Low
8060-HIWJJ,Two year,Credit card (automatic),64,DSL,No,Yes,86.55,No,0.0,No,Low
7684-XSZIY,Two year,Bank transfer (automatic),72,No,No internet service,No internet service,24.3,No,0.0,No,Low
9089-UOWJG,Month-to-month,Credit card (automatic),12,DSL,No,No,58.35,No,0.09,No,Low
8621-MNIHH,Month-to-month,Electronic check,34,Fiber optic,No,No,94.25,Yes,0.5,No,Medium
8039-ACLPL,Two year,Credit card (automatic),72,DSL,Yes,No,68.75,No,0.02,No,Low
9885-AIBVB,Month-to-month,Electronic check,29,Fiber optic,No,No,85.8,No,0.22,No,Low
1934-MKPXS,One year,Credit card (automatic),33,No,No internet service,No internet service,20.1,No,0.0,No,Low
2592-YKDIF,Month-to-month,Mailed check,1,No,No internet service,No internet service,20.35,No,0.03666666666666667,No,Low
2272-JKMSI,One year,Electronic check,62,Fiber optic,No,Yes,110.8,No,0.04,No,Low
0471-LVHGK,One year,Electronic check,41,DSL,No,No,73.0,Yes,0.72,Yes,High
9518-RWHZL,One year,Credit card (automatic),64,Fiber optic,No,No,100.05,Yes,0.66,Yes,High
8714-CTZJW,Month-to-month,Credit card (automatic),4,Fiber optic,No,No,82.85,No,0.29,No,Low
3569-EDBPQ,Month-to-month,Electronic check,24,Fiber optic,Yes,Yes,84.35,No,0.36,No,Medium
3131-NWVFJ,One year,Mailed check,14,No,No internet service,No internet service,19.55,No,0.02,No,Low
7521-YXVZY,Month-to-month,Mailed check,3,No,No internet service,No internet service,19.95,No,0.02,No,Low
5419-CONWX,Month-to-month,Credit card (automatic),4,Fiber optic,No,No,99.8,Yes,0.81,Yes,Critical
6240-EURKS,Month-to-month,Electronic check,18,DSL,No,No,35.0,Yes,0.72,Yes,High
2373-NTKOD,Month-to-month,Electronic check,8,DSL,No,No,66.25,No,0.12,No,Low
1970-KKFWL,Two year,Bank transfer (automatic),35,No,No internet service,No internet service,23.3,No,0.03,No,Low
6960-HVYXR,Month-to-month,Electronic check,1,Fiber optic,No,No,76.0,Yes,0.93,Yes,Critical
9337-SRRNI,Two year,Credit card (automatic),66,No,No internet service,No internet service,25.3,No,0.0,No,Low
0895-UADGO,Two year,Mailed check,8,DSL,Yes,Yes,44.55,No,0.01,No,Low
5678-VFNEQ,One year,Credit card (automatic),71,Fiber optic,Yes,No,104.1,No,0.07,No,Low
5977-CKHON,Month-to-month,Bank transfer (automatic),43,Fiber optic,No,No,92.55,No,0.19,No,Low
7024-OHCCK,Month-to-month,Electronic check,2,Fiber optic,No,No,93.85,Yes,1.0,Yes,Critical
2692-BUCFV,Month-to-month,Bank transfer (automatic),29,Fiber optic,No,No,101.45,No,0.12,No,Low
7861-UVUFT,Month-to-month,Electronic check,15,Fiber optic,No,No,84.3,Yes,0.58,Yes,High
1830-GGFNM,Two year,Credit card (automatic),65,Fiber optic,Yes,Yes,94.55,No,0.01,No,Low
5302-BDJNT,Month-to-month,Electronic check,35,Fiber optic,No,Yes,95.5,No,0.08,No,Low
5223-UZAVK,One year,Credit card (automatic),64,Fiber optic,Yes,No,100.3,No,0.08,No,Low
4859-ZSRDZ,Two year,Credit card (automatic),58,DSL,No,Yes,55.5,No,0.0,No,Low
5651-WYIPH,Month-to-month,Credit card (automatic),18,DSL,No,No,49.85,No,0.1,No,Low
9350-VLHMB,Month-to-month,Bank transfer (automatic),67,Fiber optic,No,No,89.55,No,0.1,No,Low
3498-LZGQZ,Two year,Mailed check,63,No,No internet service,No internet service,19.15,No,0.0,No,Low
8785-CJSHH,Month-to-month,Electronic check,60,Fiber optic,No,No,99.8,No,0.53,Yes,Medium
5357-TZHPP,Month-to-month,Credit card (automatic),9,Fiber optic,No,No,84.4,Yes,0.64,Yes,High
3870-SPZSI,Two year,Credit card (automatic),70,Fiber optic,Yes,Yes,113.05,No,0.03,No,Low
0680-DFNNY,Month-to-month,Electronic check,15,Fiber optic,No,No,101.1,Yes,0.92,Yes,Critical
7560-QRBXH,One year,Mailed check,48,No,No internet service,No internet service,19.95,No,0.0,No,Low
7077-XJMET,Month-to-month,Electronic check,12,DSL,No,Yes,74.15,No,0.12,No,Low
8752-GHJFU,One year,Electronic check,71,Fiber optic,Yes,Yes,92.0,No,0.03,No,Low
6896-SRVYQ,Month-to-month,Electronic check,44,Fiber optic,No,No,73.85,No,0.16,No,Low
7767-UXAGJ,Month-to-month,Electronic check,1,DSL,No,No,50.45,Yes,0.81,Yes,Critical
4652-ODEVH,Two year,Mailed check,45,No,No internet service,No internet service,24.45,No,0.0,No,Low
6510-UPNKS,One year,Credit card (automatic),23,No,No internet service,No internet service,24.8,No,0.05,No,Low
6718-BDGHG,One year,Bank transfer (automatic),43,DSL,No,Yes,64.85,No,0.01,No,Low
9046-DQMTP,Month-to-month,Bank transfer (automatic),35,No,No internet service,No internet service,20.75,No,0.05,No,Low
6439-LAJXL,Month-to-month,Mailed check,9,DSL,Yes,Yes,68.95,No,0.08,No,Low
1571-SAVHK,Month-to-month,Mailed check,12,Fiber optic,No,Yes,99.95,Yes,0.83,Yes,Critical
9052-VKDUW,Month-to-month,Credit card (automatic),65,Fiber optic,Yes,No,109.4,No,0.09,No,Low
9546-CQJSU,Month-to-month,Electronic check,2,Fiber optic,No,No,91.4,Yes,0.94,Yes,Critical
1666-JZPZT,Month-to-month,Mailed check,27,DSL,No,No,49.0,No,0.03,No,Low
5777-KJIRB,One year,Mailed check,40,DSL,No,No,50.25,No,0.05,No,Low
0506-LVNGN,Month-to-month,Credit card (automatic),5,Fiber optic,No,No,75.55,Yes,0.49,No,Medium
7677-SJJJK,One year,Credit card (automatic),8,No,No internet service,No internet service,19.9,No,0.02,No,Low
2480-EJWYP,One year,Bank transfer (automatic),58,Fiber optic,No,No,97.8,No,0.42,No,Medium
3253-HKOKL,One year,Electronic check,52,Fiber optic,Yes,No,100.3,No,0.07,No,Low
7055-HNEOJ,Month-to-month,Mailed check,3,DSL,No,Yes,55.8,No,0.28,No,Low
5514-YQENT,Two year,Electronic check,41,Fiber optic,Yes,Yes,111.15,No,0.08,No,Low
3211-AAPKX,Month-to-month,Mailed check,20,Fiber optic,No,Yes,98.55,No,0.26,No,Low
8445-DNBAE,Month-to-month,Electronic check,1,DSL,No,No,50.05,No,0.44,No,Medium
2951-QOQTK,Month-to-month,Credit card (automatic),4,Fiber optic,No,Yes,80.8,Yes,0.87,Yes,Critical
2958-NHPPS,Month-to-month,Electronic check,23,No,No internet service,No internet service,20.85,No,0.05,No,Low
6806-YDEUL,Month-to-month,Bank transfer (automatic),6,No,No internet service,No internet service,19.5,No,0.1,No,Low
1735-XMJVH,Month-to-month,Mailed check,8,No,No internet service,No internet service,19.35,No,0.03,No,Low
6890-PFRQX,Month-to-month,Mailed check,18,DSL,Yes,No,69.5,No,0.11,No,Low
0222-CNVPT,Month-to-month,Credit card (automatic),52,DSL,Yes,No,48.8,No,0.11,No,Low
5899-OUVKV,Month-to-month,Electronic check,31,Fiber optic,No,No,94.5,No,0.1,No,Low
8681-ICONS,Month-to-month,Mailed check,29,No,No internet service,No internet service,20.65,No,0.0,No,Low
1621-YNCJH,Two year,Credit card (automatic),36,Fiber optic,Yes,Yes,106.05,No,0.0,No,Low
3473-XIIIT,Month-to-month,Electronic check,16,Fiber optic,No,No,100.0,Yes,0.86,Yes,Critical
6362-QHAFM,One year,Electronic check,42,Fiber optic,No,Yes,108.3,No,0.28,No,Low
7893-IXHRQ,Month-to-month,Electronic check,1,No,No internet service,No internet service,20.55,Yes,0.22,No,Low
3070-BDOQC,Two year,Electronic check,60,Fiber optic,No,No,99.65,No,0.11,No,Low
2952-QAYZF,Month-to-month,Electronic check,5,Fiber optic,No,No,85.3,Yes,0.88,Yes,Critical
6234-PFPXL,Month-to-month,Credit card (automatic),22,Fiber optic,Yes,Yes,95.9,No,0.37,No,Medium
9824-QCJPK,One year,Mailed check,36,No,No internet service,No internet service,20.0,No,0.0,No,Low
4763-PGDPO,Month-to-month,Electronic check,4,Fiber optic,No,No,70.4,Yes,0.84,Yes,Critical
4283-IVYCI,Month-to-month,Mailed check,9,DSL,Yes,Yes,64.95,No,0.12,No,Low
1866-OBPNR,Month-to-month,Credit card (automatic),1,Fiber optic,No,No,74.6,No,0.21,No,Low
8205-MQUGY,Month-to-month,Electronic check,12,DSL,Yes,No,49.2,No,0.14,No,Low
8970-ANWXO,One year,Mailed check,23,DSL,No,Yes,73.75,No,0.07,No,Low
9480-BQJEI,One year,Bank transfer (automatic),62,Fiber optic,Yes,No,92.3,No,0.12,No,Low
5394-SVGJV,Month-to-month,Bank transfer (automatic),37,Fiber optic,No,Yes,98.8,Yes,0.76,Yes,Critical
6979-TNDEU,Month-to-month,Mailed check,8,No,No internet service,No internet service,19.2,No,0.03,No,Low
9777-WJJPR,Month-to-month,Credit card (automatic),31,Fiber optic,No,No,88.65,No,0.11,No,Low
9283-LZQOH,Month-to-month,Credit card (automatic),13,Fiber optic,No,No,74.4,Yes,0.44,No,Medium
7079-QRCBC,Month-to-month,Electronic check,24,Fiber optic,No,No,98.75,Yes,0.91,Yes,Critical
9495-SKLKD,Month-to-month,Bank transfer (automatic),45,Fiber optic,No,No,95.95,No,0.12,No,Low
6048-UWKAL,Two year,Credit card (automatic),69,Fiber optic,No,Yes,105.4,No,0.04,No,Low
5067-DGXLL,Month-to-month,Mailed check,2,No,No internet service,No internet service,20.25,No,0.11,No,Low
5469-CTCWN,One year,Electronic check,61,Fiber optic,Yes,No,106.0,Yes,0.11,No,Low
9851-QXEEQ,Month-to-month,Electronic check,41,Fiber optic,No,No,104.7,Yes,0.84,Yes,Critical
6281-FKEWS,One year,Electronic check,44,DSL,No,No,49.05,No,0.09,No,Low
8898-KASCD,One year,Mailed check,39,DSL,No,Yes,35.55,No,0.02,No,Low
9242-TKFSV,Two year,Credit card (automatic),72,DSL,Yes,Yes,65.1,No,0.01,No,Low
9290-SHCMB,Month-to-month,Electronic check,13,Fiber optic,No,No,96.85,No,0.27,No,Low
0743-HNPFG,One year,Credit card (automatic),51,DSL,Yes,Yes,69.75,No,0.0,No,Low
2277-BKJKN,Two year,Electronic check,71,Fiber optic,No,No,99.2,No,0.06,No,Low
9809-IMGCQ,Month-to-month,Electronic check,22,Fiber optic,No,No,96.7,Yes,0.92,Yes,Critical
5208-HFSBT,Month-to-month,Credit card (automatic),2,DSL,No,Yes,55.05,Yes,0.83,Yes,Critical
5035-PGZXH,One year,Electronic check,56,Fiber optic,No,No,106.8,No,0.07,No,Low
8695-WDYEA,Month-to-month,Mailed check,1,DSL,Yes,No,51.25,No,0.14,No,Low
6543-JXSOO,One year,Mailed check,23,DSL,Yes,Yes,57.75,No,0.04,No,Low
8016-ZMGMO,One year,Bank transfer (automatic),66,DSL,No,No,70.85,No,0.03,No,Low
8605-ITULD,Month-to-month,Mailed check,1,No,No internet service,No internet service,19.55,No,0.05083333333333333,No,Low
3254-YRILK,Month-to-month,Electronic check,19,Fiber optic,No,No,88.2,Yes,0.9,Yes,Critical
6416-YJTTB,Month-to-month,Bank transfer (automatic),11,Fiber optic,Yes,No,79.5,No,0.14,No,Low
2667-WYLWJ,One year,Mailed check,8,No,No internet service,No internet service,19.75,Yes,0.74,Yes,High
4472-VESGY,Month-to-month,Bank transfer (automatic),52,Fiber optic,Yes,No,98.15,No,0.09,No,Low
3195-TQDZX,Month-to-month,Electronic check,3,No,No internet service,No internet service,20.25,No,0.02,No,Low
3128-YOVTD,Month-to-month,Bank transfer (automatic),51,Fiber optic,Yes,No,79.15,No,0.09,No,Low
0529-ONKER,Month-to-month,Electronic check,15,Fiber optic,No,No,75.65,Yes,0.82,Yes,Critical
1728-CXQBE,Month-to-month,Electronic check,64,Fiber optic,No,No,94.25,No,0.06,No,Low
7041-TXQJH,Month-to-month,Credit card (automatic),37,DSL,No,No,40.2,No,0.09,No,Low
5014-GSOUQ,Two year,Mailed check,13,No,No internet service,No internet service,19.95,No,0.0,No,Low
5724-BIDBU,One year,Electronic check,49,DSL,Yes,No,55.35,No,0.05,No,Low
0481-SUMCB,One year,Bank transfer (automatic),45,Fiber optic,No,No,102.15,No,0.12,No,Low
1769-GRUIK,Month-to-month,Electronic check,18,Fiber optic,No,No,71.1,No,0.15,No,Low
5240-IJOQT,Month-to-month,Electronic check,1,Fiber optic,No,No,74.7,Yes,0.99,Yes,Critical
8819-WFGGJ,Two year,Bank transfer (automatic),68,DSL,Yes,No,54.1,No,0.02,No,Low
7427-AUFPY,Two year,Credit card (automatic),54,No,No internet service,No internet service,19.65,No,0.0,No,Low
2811-POVEX,Month-to-month,Bank transfer (automatic),23,Fiber optic,No,No,88.45,No,0.22,No,Low
1092-GANHU,Month-to-month,Electronic check,17,Fiber optic,No,No,76.65,Yes,0.3,No,Medium
7898-PDWQE,Two year,Credit card (automatic),71,DSL,Yes,Yes,80.4,No,0.0,No,Low
9972-EWRJS,Two year,Bank transfer (automatic),67,No,No internet service,No internet service,19.25,No,0.0,No,Low
9314-IJWSQ,Month-to-month,Electronic check,14,Fiber optic,No,No,84.8,No,0.1,No,Low
0661-XEYAN,Month-to-month,Mailed check,1,DSL,No,No,25.8,Yes,0.96,Yes,Critical
5799-JRCZO,Two year,Credit card (automatic),63,No,No internet service,No internet service,19.5,No,0.01,No,Low
1921-KYSAY,One year,Electronic check,41,DSL,No,Yes,68.6,No,0.04,No,Low
6198-RTPMF,Month-to-month,Electronic check,17,Fiber optic,No,No,92.6,No,0.21,No,Low
2924-KHUVI,One year,Electronic check,56,Fiber optic,Yes,No,100.55,No,0.24,No,Low
1925-GMVBW,Month-to-month,Credit card (automatic),5,No,No internet service,No internet service,20.55,No,0.13,No,Low
7881-EVUAD,Month-to-month,Electronic check,2,DSL,Yes,No,42.6,Yes,0.58,Yes,High
6184-DYUOB,Month-to-month,Mailed check,3,No,No internet service,No internet service,19.6,No,0.12,No,Low
9207-ZPANB,One year,Electronic check,37,DSL,Yes,Yes,67.45,No,0.01,No,Low
5766-XQXMQ,Month-to-month,Bank transfer (automatic),29,DSL,Yes,No,68.85,Yes,0.73,Yes,High
9327-QSDED,Month-to-month,Mailed check,8,DSL,No,No,43.55,No,0.19,No,Low
1656-DRSMG,Month-to-month,Credit card (automatic),63,Fiber optic,No,Yes,109.85,No,0.11,No,Low
3012-VFFMN,Month-to-month,Mailed check,7,No,No internet service,No internet service,20.65,No,0.02,No,Low
2984-AFWNC,Month-to-month,Electronic check,3,Fiber optic,No,No,95.4,No,0.24,No,Low
0640-YJTPY,Two year,Bank transfer (automatic),72,No,No internet service,No internet service,21.0,No,0.0,No,Low
8096-LOIST,Month-to-month,Electronic check,19,DSL,No,No,56.2,No,0.09,No,Low
9764-REAFF,Two year,Bank transfer (automatic),59,No,No internet service,No internet service,18.4,No,0.02,No,Low
3703-VAVCL,Month-to-month,Credit card (automatic),2,Fiber optic,No,Yes,90.0,Yes,0.73,Yes,High
7107-UBYKY,Month-to-month,Electronic check,35,No,No internet service,No internet service,25.75,No,0.04,No,Low
4881-GQJTW,Month-to-month,Credit card (automatic),14,No,No internet service,No internet service,19.6,No,0.04,No,Low
8519-QJGJD,Month-to-month,Electronic check,14,Fiber optic,No,No,75.35,Yes,0.71,Yes,High
7876-DNYAP,Two year,Credit card (automatic),69,No,No internet service,No internet service,19.8,No,0.0,No,Low
7905-NJMXS,Month-to-month,Electronic check,7,DSL,Yes,Yes,64.2,No,0.13,No,Low
2882-WDTBA,Two year,Bank transfer (automatic),69,DSL,Yes,Yes,75.75,No,0.0,No,Low
2091-GPPIQ,Two year,Electronic check,72,DSL,No,Yes,78.95,No,0.0,No,Low
6326-MTTXK,Month-to-month,Electronic check,8,Fiber optic,No,No,100.85,Yes,0.78,Yes,Critical
5071-FBJFS,Month-to-month,Electronic check,4,DSL,Yes,No,50.3,No,0.13,No,Low
2796-UUZZO,Month-to-month,Credit card (automatic),63,Fiber optic,No,No,80.3,No,0.01,No,Low
2429-AYKKO,Two year,Bank transfer (automatic),72,No,No internet service,No internet service,19.85,No,0.0,No,Low
9798-OPFEM,Two year,Electronic check,46,No,No internet service,No internet service,21.1,No,0.0,No,Low
0330-IVZHA,Month-to-month,Electronic check,5,Fiber optic,No,No,69.95,Yes,0.59,Yes,High
3794-NFNCH,Month-to-month,Mailed check,30,DSL,No,No,50.0,No,0.12,No,Low
5193-QLVZB,Two year,Bank transfer (automatic),63,Fiber optic,No,No,104.75,No,0.03,No,Low
7114-AEOZE,Two year,Bank transfer (automatic),60,No,No internet service,No internet service,19.85,No,0.01,No,Low
2886-KEFUM,One year,Electronic check,63,Fiber optic,No,No,107.5,Yes,0.69,Yes,High
5522-NYKPB,Month-to-month,Electronic check,25,Fiber optic,No,Yes,85.9,No,0.1,No,Low
4237-RLAQD,Month-to-month,Mailed check,1,DSL,No,No,45.85,Yes,0.75,Yes,Critical
9957-YODKZ,Month-to-month,Electronic check,6,Fiber optic,No,No,80.8,No,0.25,No,Low
6518-KZXCB,Two year,Mailed check,22,No,No internet service,No internet service,25.25,No,0.02,No,Low
2245-ADZFJ,Two year,Bank transfer (automatic),31,DSL,No,Yes,80.55,No,0.06,No,Low
7776-QGYJC,Month-to-month,Bank transfer (automatic),39,Fiber optic,No,Yes,81.5,No,0.06,No,Low
9313-QOLTZ,Month-to-month,Mailed check,26,No,No internet service,No internet service,20.9,No,0.02,No,Low
9651-GTSAQ,One year,Bank transfer (automatic),53,Fiber optic,Yes,No,106.1,Yes,0.63,Yes,High
3186-BAXNB,Month-to-month,Electronic check,1,Fiber optic,No,Yes,91.7,Yes,0.91,Yes,Critical
4672-FOTSD,Month-to-month,Electronic check,12,DSL,Yes,Yes,67.25,No,0.19,No,Low
0637-YLETY,Month-to-month,Credit card (automatic),16,Fiber optic,No,No,95.6,Yes,0.83,Yes,Critical
9818-XQCUV,Month-to-month,Mailed check,2,No,No internet service,No internet service,20.35,No,0.05,No,Low
7338-ERIVA,One year,Bank transfer (automatic),39,DSL,Yes,Yes,45.05,No,0.01,No,Low
1157-BQCUW,Month-to-month,Electronic check,1,Fiber optic,No,No,74.95,Yes,0.85,Yes,Critical
8259-NFJTV,Month-to-month,Mailed check,7,DSL,Yes,Yes,34.65,No,0.13,No,Low
3223-DWFIO,Month-to-month,Electronic check,4,Fiber optic,No,No,69.35,No,0.21,No,Low
2660-EMUBI,Month-to-month,Electronic check,10,Fiber optic,No,No,95.35,Yes,0.95,Yes,Critical
6968-GMKPR,Month-to-month,Electronic check,55,Fiber optic,No,No,81.55,No,0.18,No,Low
4751-ERMAN,Two year,Bank transfer (automatic),72,DSL,No,No,75.4,No,0.06,No,Low
1436-ZMJAN,Month-to-month,Credit card (automatic),10,DSL,No,No,67.8,No,0.24,No,Low
3292-PBZEJ,Month-to-month,Electronic check,11,Fiber optic,No,Yes,111.4,No,0.53,Yes,Medium
0799-DDIHE,Month-to-month,Electronic check,15,DSL,No,No,46.3,No,0.09,No,Low
3070-FNFZQ,Two year,Bank transfer (automatic),23,No,No internet service,No internet service,20.4,No,0.0,No,Low
2812-SFXMJ,Month-to-month,Mailed check,1,No,No internet service,No internet service,20.05,No,0.05,No,Low
7675-OZCZG,Month-to-month,Electronic check,3,DSL,No,No,45.0,Yes,0.73,Yes,High
5014-WUQMG,One year,Electronic check,47,Fiber optic,Yes,No,96.1,No,0.1,No,Low
5312-TSZVC,One year,Mailed check,15,No,No internet service,No internet service,19.65,No,0.01,No,Low
2003-CKLOR,Month-to-month,Electronic check,66,Fiber optic,No,No,99.5,Yes,0.73,Yes,High
0993-OSGPT,One year,Bank transfer (automatic),68,DSL,No,Yes,60.65,No,0.01,No,Low
9254-RBFON,One year,Bank transfer (automatic),17,Fiber optic,No,Yes,98.6,Yes,0.3,No,Medium
1205-WNWPJ,Month-to-month,Mailed check,7,DSL,No,Yes,59.5,Yes,0.18,No,Low
9391-EOYLI,Month-to-month,Electronic check,12,Fiber optic,No,No,80.45,Yes,0.77,Yes,Critical
7108-DGVUU,One year,Bank transfer (automatic),21,DSL,No,No,71.7,No,0.03,No,Low
2782-JEEBU,Month-to-month,Mailed check,21,DSL,No,Yes,36.0,No,0.09,No,Low
5127-BZENZ,One year,Bank transfer (automatic),56,DSL,Yes,No,65.2,No,0.0,No,Low
2720-FVBQP,Month-to-month,Credit card (automatic),6,DSL,No,No,48.95,No,0.38,No,Medium
9906-NHHVC,Two year,Bank transfer (automatic),65,DSL,No,No,53.5,No,0.17,No,Low
4522-XRWWI,One year,Credit card (automatic),42,DSL,Yes,Yes,80.45,No,0.01,No,Low
3766-EJLFL,Two year,Bank transfer (automatic),68,Fiber optic,Yes,Yes,109.05,No,0.14,No,Low
5939-SXWHM,Two year,Bank transfer (automatic),48,No,No internet service,No internet service,26.3,No,0.0,No,Low
8152-UOBNY,One year,Electronic check,50,Fiber optic,No,Yes,106.8,No,0.06,No,Low
7351-KYHQH,Month-to-month,Electronic check,7,DSL,No,No,64.95,No,0.03,No,Low
7643-RCHXS,Two year,Electronic check,63,No,No internet service,No internet service,19.35,No,0.0,No,Low
8246-SHFGA,Month-to-month,Credit card (automatic),17,No,No internet service,No internet service,21.1,No,0.05,No,Low
8387-MOJJT,Month-to-month,Credit card (automatic),42,Fiber optic,No,No,77.95,Yes,0.74,Yes,High
0620-XEFWH,Month-to-month,Mailed check,4,No,No internet service,No internet service,18.85,No,0.03,No,Low
6485-QXWWE,Two year,Bank transfer (automatic),62,No,No internet service,No internet service,26.0,No,0.0,No,Low
2761-OCIAX,Month-to-month,Electronic check,2,Fiber optic,No,No,74.7,Yes,0.33,No,Medium
7321-VGNKU,Month-to-month,Electronic check,2,Fiber optic,No,No,70.35,No,0.2,No,Low
5327-CNLUQ,Two year,Bank transfer (automatic),48,Fiber optic,Yes,No,96.9,No,0.03,No,Low
7552-KEYGT,Two year,Bank transfer (automatic),27,No,No internet service,No internet service,19.55,No,0.01,No,Low
5816-JMLGY,Two year,Bank transfer (automatic),70,DSL,No,Yes,80.4,No,0.01,No,Low
3068-OMWZA,Month-to-month,Electronic check,1,Fiber optic,No,No,88.8,Yes,0.95,Yes,Critical
2927-QRRQV,One year,Electronic check,46,Fiber optic,No,No,94.65,No,0.07,No,Low
6032-KRXXO,Month-to-month,Electronic check,30,Fiber optic,No,No,90.25,Yes,0.73,Yes,High
7459-RRWQZ,Month-to-month,Bank transfer (automatic),15,DSL,Yes,No,64.65,Yes,0.72,Yes,High
6265-SXWBU,One year,Credit card (automatic),69,Fiber optic,No,No,95.75,No,0.06,No,Low
7941-RCJOW,Two year,Credit card (automatic),65,No,No internet service,No internet service,19.55,No,0.0,No,Low
6374-NTQLP,Two year,Credit card (automatic),72,Fiber optic,Yes,Yes,104.1,No,0.05,No,Low
4154-AQUGT,Month-to-month,Bank transfer (automatic),13,Fiber optic,No,Yes,89.05,Yes,0.51,Yes,Medium
2387-KDZQY,One year,Mailed check,17,No,No internet service,No internet service,20.1,No,0.0,No,Low
3584-WKTTW,One year,Electronic check,51,Fiber optic,Yes,Yes,111.55,No,0.13,No,Low
3399-BMLVW,Two year,Credit card (automatic),51,DSL,Yes,Yes,60.5,No,0.0,No,Low
1971-DTCZB,Two year,Bank transfer (automatic),72,DSL,Yes,Yes,90.95,No,0.0,No,Low
3092-IGHWF,One year,Electronic check,67,Fiber optic,No,No,87.4,Yes,0.63,Yes,High
3374-PZLXD,Month-to-month,Mailed check,34,No,No internet service,No internet service,19.7,No,0.0,No,Low
3813-DHBBB,Two year,Bank transfer (automatic),67,DSL,Yes,Yes,50.95,No,0.0,No,Low
2812-REYAT,One year,Bank transfer (automatic),49,No,No internet service,No internet service,20.05,No,0.01,No,Low
6518-PPLMZ,Two year,Mailed check,53,No,No internet service,No internet service,19.4,No,0.02,No,Low
4939-KYYPY,Month-to-month,Electronic check,27,DSL,No,Yes,59.45,No,0.02,No,Low
8017-LXHFA,Month-to-month,Electronic check,23,Fiber optic,No,No,94.75,Yes,0.86,Yes,Critical
5930-GBIWP,Two year,Credit card (automatic),69,DSL,Yes,Yes,81.5,No,0.02,No,Low
6022-KOUQO,Month-to-month,Bank transfer (automatic),2,DSL,No,Yes,29.05,No,0.19,No,Low
6352-TWCAU,Month-to-month,Electronic check,35,Fiber optic,No,No,86.45,Yes,0.8,Yes,Critical
2361-UPSND,One year,Mailed check,46,DSL,Yes,Yes,70.6,No,0.05,No,Low
6035-RIIOM,Two year,Bank transfer (automatic),54,Fiber optic,No,No,97.2,No,0.09,No,Low
2929-QNSRW,One year,Electronic check,56,Fiber optic,No,No,98.25,Yes,0.69,Yes,High
1262-OPMFY,Month-to-month,Bank transfer (automatic),9,Fiber optic,No,No,75.75,Yes,0.83,Yes,Critical
9504-DSHWM,Month-to-month,Bank transfer (automatic),20,DSL,Yes,Yes,59.2,No,0.04,No,Low
5035-BVCXS,Month-to-month,Mailed check,11,Fiber optic,No,No,75.9,No,0.24,No,Low
6267-DCFFZ,Month-to-month,Electronic check,30,Fiber optic,No,No,90.05,No,0.18,No,Low
3533-UVMOM,Two year,Bank transfer (automatic),68,DSL,Yes,No,70.95,No,0.0,No,Low
2439-LYPMQ,Month-to-month,Electronic check,38,Fiber optic,No,No,102.6,No,0.77,Yes,Critical
4248-QPAVC,Month-to-month,Bank transfer (automatic),17,Fiber optic,Yes,No,85.35,Yes,0.47,No,Medium
1899-VXWXM,One year,Credit card (automatic),48,Fiber optic,No,No,106.1,Yes,0.79,Yes,Critical
1478-VPOAD,Month-to-month,Electronic check,1,DSL,No,No,43.8,No,0.23,No,Low
9995-HOTOH,Two year,Electronic check,63,DSL,Yes,No,59.0,No,0.04,No,Low
2988-PLAHS,One year,Electronic check,3,DSL,No,No,69.95,No,0.54,Yes,Medium
1371-OJCEK,One year,Bank transfer (automatic),48,No,No internet service,No internet service,24.35,No,0.01,No,Low
4999-IEZLT,One year,Credit card (automatic),66,DSL,No,Yes,29.45,No,0.02,No,Low
8883-ANODQ,Two year,Credit card (automatic),68,Fiber optic,No,No,84.4,No,0.04,No,Low
4690-LLKUA,Month-to-month,Electronic check,17,DSL,No,No,45.05,Yes,0.46,No,Medium
2351-RRBUE,One year,Mailed check,7,No,No internet service,No internet service,20.65,No,0.01,No,Low
5980-BDHPY,Two year,Bank transfer (automatic),72,DSL,Yes,Yes,87.1,No,0.0,No,Low
1498-DQNRX,Month-to-month,Mailed check,29,No,No internet service,No internet service,19.85,No,0.02,No,Low
9469-WEJBT,Month-to-month,Electronic check,37,Fiber optic,No,Yes,90.35,No,0.11,No,Low
3331-HQDTW,Month-to-month,Mailed check,34,Fiber optic,Yes,No,109.8,Yes,0.3,No,Medium
9490-DFPMD,Month-to-month,Electronic check,42,Fiber optic,No,No,84.65,Yes,0.74,Yes,High
2581-VKIRT,One year,Mailed check,59,DSL,Yes,Yes,65.5,No,0.01,No,Low
5442-XSDCW,Month-to-month,Bank transfer (automatic),11,Fiber optic,No,No,79.5,Yes,0.85,Yes,Critical
7426-WEIJX,Month-to-month,Electronic check,60,Fiber optic,Yes,No,80.95,No,0.23,No,Low
2851-MMUTZ,Month-to-month,Mailed check,27,DSL,No,Yes,56.15,No,0.08,No,Low
3049-NDXFL,Month-to-month,Mailed check,1,Fiber optic,No,No,85.8,Yes,0.9666666666666667,Yes,Critical
8580-AECUZ,Month-to-month,Electronic check,1,Fiber optic,No,No,79.1,Yes,0.98,Yes,Critical
3307-TLCUD,Month-to-month,Mailed check,17,DSL,Yes,No,34.4,No,0.03,No,Low
6625-FLENO,Two year,Mailed check,58,No,No internet service,No internet service,20.75,No,0.0,No,Low
2967-MXRAV,One year,Mailed check,1,No,No internet service,No internet service,18.8,No,0.06,No,Low
7963-GQRMY,Month-to-month,Mailed check,3,DSL,No,No,44.3,Yes,0.65,Yes,High
8189-HBVRW,Month-to-month,Electronic check,53,Fiber optic,Yes,No,90.8,No,0.08,No,Low
4163-KIUHY,Month-to-month,Electronic check,35,No,No internet service,No internet service,25.6,No,0.03,No,Low
1228-FZFRV,Month-to-month,Credit card (automatic),50,Fiber optic,Yes,No,105.95,Yes,0.78,Yes,Critical
3500-NSDOA,Two year,Credit card (automatic),68,DSL,No,Yes,70.8,No,0.02,No,Low
1171-TYKUR,Month-to-month,Electronic check,47,No,No internet service,No internet service,25.4,No,0.03,No,Low
3761-FLYZI,Month-to-month,Bank transfer (automatic),65,Fiber optic,No,No,108.8,No,0.11,No,Low
2058-DCJBE,Month-to-month,Electronic check,5,Fiber optic,No,No,69.75,Yes,0.76,Yes,Critical
5364-XYIRR,Month-to-month,Electronic check,51,Fiber optic,No,No,94.65,Yes,0.82,Yes,Critical
4829-AUOAX,Month-to-month,Bank transfer (automatic),46,Fiber optic,No,No,96.05,Yes,0.28,No,Low
1219-NNDDO,Month-to-month,Electronic check,9,Fiber optic,No,No,76.85,No,0.22,No,Low
8388-DMKAE,Two year,Mailed check,8,No,No internet service,No internet service,20.25,No,0.01,No,Low
4403-BWPAY,One year,Credit card (automatic),14,No,No internet service,No internet service,24.8,No,0.02,No,Low
9659-QEQSY,Month-to-month,Electronic check,45,Fiber optic,Yes,Yes,115.65,No,0.17,No,Low
5405-ZMYXQ,Month-to-month,Credit card (automatic),8,Fiber optic,No,No,74.6,No,0.22,No,Low
5047-LHVLY,Month-to-month,Mailed check,1,DSL,No,No,50.15,Yes,0.87,Yes,Critical
1442-OKRJE,One year,Bank transfer (automatic),66,Fiber optic,Yes,No,103.15,No,0.09,No,Low
4737-AQCPU,Two year,Credit card (automatic),72,DSL,Yes,Yes,72.1,No,0.01,No,Low
9158-VCTQB,Month-to-month,Bank transfer (automatic),41,Fiber optic,Yes,Yes,113.6,Yes,0.81,Yes,Critical
2808-CHTDM,Two year,Mailed check,23,No,No internet service,No internet service,25.1,No,0.0,No,Low
6311-UEUME,Month-to-month,Electronic check,29,Fiber optic,No,No,78.9,Yes,0.82,Yes,Critical
0793-TWELN,Month-to-month,Electronic check,4,Fiber optic,Yes,No,80.15,No,0.11,No,Low
3283-WCWXT,Two year,Mailed check,6,No,No internet service,No internet service,25.4,No,0.0,No,Low
1060-ENTOF,One year,Credit card (automatic),67,Fiber optic,Yes,Yes,105.4,No,0.02,No,Low
0999-QXNSA,Month-to-month,Mailed check,7,DSL,No,No,45.75,No,0.15,No,Low
5451-MHQOF,One year,Mailed check,56,No,No internet service,No internet service,24.45,No,0.0,No,Low
4836-WNFNO,Two year,Credit card (automatic),72,No,No internet service,No internet service,25.0,No,0.0,No,Low
9225-BZLNZ,Two year,Electronic check,72,DSL,Yes,No,85.25,No,0.04,No,Low
0354-VXMJC,Two year,Credit card (automatic),23,No,No internet service,No internet service,19.6,No,0.0,No,Low
4422-QVIJA,Month-to-month,Mailed check,35,DSL,No,No,50.15,No,0.02,No,Low
9365-SRSZE,Month-to-month,Electronic check,27,Fiber optic,No,No,70.55,No,0.18,No,Low
6839-ITVZJ,Month-to-month,Electronic check,26,DSL,No,Yes,60.05,Yes,0.66,Yes,High
8332-OSJDW,One year,Mailed check,12,No,No internet service,No internet service,26.4,No,0.01,No,Low
4735-BJKOU,Two year,Mailed check,40,No,No internet service,No internet service,20.15,No,0.0,No,Low
0274-JKUJR,Month-to-month,Mailed check,7,DSL,Yes,No,58.85,No,0.12,No,Low
5740-YHGTW,Month-to-month,Credit card (automatic),70,Fiber optic,Yes,No,97.55,No,0.17,No,Low
8917-SZTTJ,Two year,Credit card (automatic),60,No,No internet service,No internet service,19.65,No,0.0,No,Low
1696-MZVAU,One year,Credit card (automatic),39,DSL,No,No,25.25,No,0.05,No,Low
7359-WWYJV,Two year,Credit card (automatic),72,Fiber optic,Yes,Yes,114.45,No,0.0,No,Low
0375-HVGXO,Month-to-month,Electronic check,1,DSL,No,No,34.7,Yes,0.91,Yes,Critical
4906-ZHGPK,One year,Electronic check,54,DSL,No,Yes,70.7,No,0.04,No,Low
8593-WHYHV,Month-to-month,Electronic check,3,Fiber optic,No,No,85.3,Yes,0.87,Yes,Critical
3795-GWTRD,Two year,Credit card (automatic),63,DSL,Yes,Yes,75.55,No,0.0,No,Low
1298-PHBTI,Two year,Electronic check,71,Fiber optic,No,Yes,84.8,No,0.02,No,Low
6223-DHJGV,One year,Mailed check,42,No,No internet service,No internet service,20.65,No,0.0,No,Low
6961-MJKBO,Two year,Bank transfer (automatic),47,No,No internet service,No internet service,20.45,No,0.0,No,Low
6097-EQISJ,One year,Credit card (automatic),66,Fiber optic,No,No,102.45,Yes,0.57,Yes,High
4423-YLHDV,Month-to-month,Bank transfer (automatic),21,Fiber optic,Yes,No,104.4,Yes,0.92,Yes,Critical
8158-WPEZG,Month-to-month,Electronic check,11,DSL,No,Yes,35.65,No,0.25,No,Low
0107-YHINA,Month-to-month,Electronic check,1,Fiber optic,No,No,99.75,Yes,0.94,Yes,Critical
4918-FYJNT,Month-to-month,Electronic check,55,Fiber optic,No,Yes,90.45,No,0.08,No,Low
0727-BNRLG,Two year,Credit card (automatic),69,Fiber optic,No,Yes,97.65,No,0.15,No,Low
4854-CIDCF,Month-to-month,Electronic check,3,Fiber optic,No,No,73.85,No,0.28,No,Low
8640-SDGKB,Month-to-month,Electronic check,4,DSL,No,Yes,74.4,Yes,0.73,Yes,High
3280-MRDOF,Two year,Credit card (automatic),30,DSL,No,Yes,69.1,No,0.07,No,Low
6435-SRWBJ,Month-to-month,Electronic check,5,Fiber optic,No,Yes,82.75,No,0.26,No,Low
9964-WBQDJ,Two year,Credit card (automatic),71,No,No internet service,No internet service,24.4,No,0.0,No,Low
6303-KFWSL,One year,Electronic check,29,DSL,No,No,55.25,No,0.01,No,Low
1702-CCFNJ,Month-to-month,Bank transfer (automatic),52,DSL,No,Yes,61.35,No,0.03,No,Low
8932-CZHRQ,One year,Credit card (automatic),68,DSL,Yes,No,76.75,No,0.09,No,Low
0386-CWRGM,Two year,Mailed check,46,No,No internet service,No internet service,19.4,No,0.0,No,Low
5515-RUGKN,Month-to-month,Credit card (automatic),8,DSL,No,No,54.75,No,0.12,No,Low
0404-AHASP,Two year,Credit card (automatic),72,No,No internet service,No internet service,19.7,No,0.0,No,Low
7279-NMVJC,One year,Bank transfer (automatic),17,No,No internet service,No internet service,19.9,No,0.09,No,Low
2081-VEYEH,Month-to-month,Electronic check,3,Fiber optic,No,Yes,107.95,No,0.32,No,Medium
6407-UTSLV,Month-to-month,Bank transfer (automatic),2,Fiber optic,No,No,83.8,No,0.25,No,Low
4116-TZAQJ,Month-to-month,Credit card (automatic),9,Fiber optic,Yes,No,74.25,Yes,0.84,Yes,Critical
9060-HJJRW,One year,Credit card (automatic),51,DSL,No,No,56.4,No,0.07,No,Low
2587-YNLES,Two year,Mailed check,6,No,No internet service,No internet service,20.1,No,0.01,No,Low
7398-SKNQZ,Month-to-month,Electronic check,3,Fiber optic,No,No,94.9,No,0.2,No,Low
5935-FCCNB,Month-to-month,Electronic check,17,Fiber optic,No,No,94.2,No,0.26,No,Low
1958-RNRKS,Month-to-month,Electronic check,30,DSL,No,No,49.9,No,0.04,No,Low
5136-RGMZO,Month-to-month,Electronic check,31,DSL,No,Yes,71.05,No,0.13,No,Low
8345-MVDYC,Two year,Bank transfer (automatic),45,DSL,Yes,Yes,81.65,No,0.02,No,Low
8226-BXGES,One year,Bank transfer (automatic),64,Fiber optic,Yes,No,89.45,No,0.06,No,Low
3877-JRJIP,Month-to-month,Electronic check,1,DSL,No,No,59.85,Yes,0.51,Yes,Medium
8375-DKEBR,Month-to-month,Electronic check,1,Fiber optic,No,No,69.6,Yes,1.0,Yes,Critical
9705-IOVQQ,One year,Electronic check,61,Fiber optic,No,No,99.0,No,0.08,No,Low
1015-OWJKI,Month-to-month,Mailed check,1,No,No internet service,No internet service,19.05,No,0.0,No,Low
7511-YMXVQ,Month-to-month,Electronic check,9,DSL,No,No,45.4,Yes,0.9,Yes,Critical
2040-XBAVJ,Two year,Bank transfer (automatic),72,Fiber optic,Yes,Yes,114.45,No,0.0,No,Low
7551-JOHTI,Month-to-month,Mailed check,1,No,No internet service,No internet service,19.5,Yes,0.46716666666666673,No,Medium
8887-IPQNC,Month-to-month,Mailed check,7,DSL,No,No,44.25,No,0.08,No,Low
8646-JCOMS,One year,Bank transfer (automatic),66,Fiber optic,No,Yes,90.55,No,0.03,No,Low
9804-ICWBG,Month-to-month,Electronic check,1,Fiber optic,No,No,69.9,Yes,1.0,Yes,Critical
1222-KJNZD,Month-to-month,Bank transfer (automatic),40,No,No internet service,No internet service,20.4,No,0.01,No,Low
0106-GHRQR,Month-to-month,Bank transfer (automatic),16,DSL,No,No,71.4,No,0.09,No,Low
5318-IXUZF,Month-to-month,Bank transfer (automatic),2,Fiber optic,No,No,87.15,Yes,0.79,Yes,Critical
3768-VHXQO,Two year,Credit card (automatic),67,No,No internet service,No internet service,24.85,No,0.0,No,Low
8952-WCVCD,One year,Bank transfer (automatic),41,Fiber optic,Yes,No,104.45,No,0.15,No,Low
2418-TPEUN,Two year,Credit card (automatic),56,No,No internet service,No internet service,19.8,No,0.0,No,Low
3963-RYFNS,Two year,Bank transfer (automatic),72,Fiber optic,Yes,Yes,116.45,No,0.01,No,Low
3198-VELRD,Month-to-month,Bank transfer (automatic),3,Fiber optic,No,No,84.75,Yes,0.96,Yes,Critical
8540-ZQGEA,Two year,Credit card (automatic),54,No,No internet service,No internet service,20.05,No,0.01,No,Low
1320-REHCS,Month-to-month,Electronic check,52,Fiber optic,No,Yes,110.75,No,0.12,No,Low
4137-JOPHL,Two year,Bank transfer (automatic),50,Fiber optic,No,Yes,89.7,No,0.04,No,Low
9436-ZBZCT,Month-to-month,Electronic check,14,Fiber optic,No,Yes,89.95,Yes,0.83,Yes,Critical
7801-CEDNV,One year,Credit card (automatic),27,DSL,Yes,No,48.7,No,0.05,No,Low
2057-BOYKM,Two year,Bank transfer (automatic),72,Fiber optic,Yes,Yes,96.6,No,0.0,No,Low
3658-QQJYD,One year,Credit card (automatic),62,DSL,Yes,No,74.3,No,0.06,No,Low
1803-BGNBD,Month-to-month,Electronic check,12,DSL,No,Yes,54.3,No,0.04,No,Low
0134-XWXCE,One year,Bank transfer (automatic),44,DSL,No,Yes,74.85,No,0.08,No,Low
6950-TWMYB,Two year,Bank transfer (automatic),54,Fiber optic,No,Yes,79.95,No,0.02,No,Low
5848-FHRFC,Two year,Bank transfer (automatic),68,No,No internet service,No internet service,20.05,No,0.0,No,Low
2243-FNMMI,Month-to-month,Mailed check,20,No,No internet service,No internet service,19.4,No,0.0,No,Low
2511-MORQY,One year,Bank transfer (automatic),50,DSL,No,No,54.9,No,0.03,No,Low
5356-KZCKT,Two year,Credit card (automatic),58,No,No internet service,No internet service,24.45,No,0.01,No,Low
9470-XCCEM,Month-to-month,Bank transfer (automatic),35,Fiber optic,No,No,89.65,No,0.13,No,Low
6519-CFDBX,Month-to-month,Electronic check,2,DSL,No,No,45.4,No,0.21,No,Low
3902-MIVLE,Two year,Mailed check,63,DSL,Yes,Yes,75.7,No,0.0,No,Low
0409-WTMPL,One year,Credit card (automatic),58,Fiber optic,Yes,No,110.65,No,0.07,No,Low
8763-KIAFH,One year,Mailed check,27,No,No internet service,No internet service,20.55,No,0.02,No,Low
3669-WHAFY,Two year,Credit card (automatic),71,Fiber optic,Yes,Yes,115.15,No,0.01,No,Low
3055-VTCGS,One year,Credit card (automatic),63,DSL,No,No,58.55,No,0.06,No,Low
3144-KMTWZ,Month-to-month,Bank transfer (automatic),71,Fiber optic,No,No,93.25,No,0.06,No,Low
7279-BUYWN,Month-to-month,Electronic check,41,Fiber optic,Yes,No,113.2,Yes,0.45,No,Medium
7156-MHUGY,Month-to-month,Electronic check,13,Fiber optic,No,No,90.5,Yes,0.92,Yes,Critical
7198-GLXTC,Month-to-month,Electronic check,2,Fiber optic,No,No,79.0,Yes,0.85,Yes,Critical
2007-QVGAW,Two year,Bank transfer (automatic),68,No,No internet service,No internet service,19.35,No,0.0,No,Low
5207-PLSTK,Month-to-month,Mailed check,1,DSL,Yes,No,48.75,No,0.61,Yes,High
2307-FYNNL,Two year,Electronic check,65,Fiber optic,Yes,Yes,109.05,No,0.38,No,Medium
5605-XNWEN,Two year,Bank transfer (automatic),72,No,No internet service,No internet service,25.0,No,0.02,No,Low
2155-AMQRX,Month-to-month,Credit card (automatic),28,DSL,No,Yes,54.9,No,0.12,No,Low
6181-AXXYF,Two year,Credit card (automatic),72,No,No internet service,No internet service,24.75,No,0.0,No,Low
5091-HFAZW,Month-to-month,Electronic check,2,Fiber optic,Yes,No,91.15,No,0.3,No,Medium
0516-VRYBW,One year,Bank transfer (automatic),18,No,No internet service,No internet service,20.15,Yes,0.62,Yes,High
2519-LBNQL,One year,Electronic check,60,Fiber optic,No,No,104.35,No,0.06,No,Low
8623-ULFNQ,Month-to-month,Electronic check,26,DSL,No,Yes,66.05,No,0.22,No,Low
8380-PEFPE,Month-to-month,Electronic check,1,Fiber optic,No,No,71.65,Yes,0.84,Yes,Critical
5687-DKDTV,Month-to-month,Mailed check,4,No,No internet service,No internet service,20.35,Yes,0.58,Yes,High
1568-LJSZU,Two year,Credit card (automatic),68,DSL,Yes,Yes,92.2,No,0.0,No,Low
7530-HDYDS,Month-to-month,Credit card (automatic),38,Fiber optic,No,Yes,84.25,Yes,0.67,Yes,High
7789-HKSBS,One year,Bank transfer (automatic),42,Fiber optic,Yes,No,105.2,No,0.17,No,Low
7416-CKTEP,Two year,Bank transfer (automatic),57,No,No internet service,No internet service,19.6,No,0.0,No,Low
2586-CWXVV,Month-to-month,Electronic check,54,DSL,No,No,30.4,No,0.16,No,Low
3096-IZETN,Month-to-month,Bank transfer (automatic),12,Fiber optic,No,No,78.1,Yes,0.81,Yes,Critical
2348-KCJLT,One year,Mailed check,44,DSL,Yes,No,61.5,No,0.02,No,Low
8401-EMUWF,Month-to-month,Bank transfer (automatic),42,DSL,Yes,No,69.4,No,0.06,No,Low
4193-IBKSW,Two year,Bank transfer (automatic),72,No,No internet service,No internet service,24.75,No,0.0,No,Low
5377-NDTOU,Two year,Mailed check,71,DSL,Yes,Yes,91.05,No,0.0,No,Low
5922-ABDVO,Month-to-month,Mailed check,19,Fiber optic,No,No,89.65,Yes,0.76,Yes,Critical
2474-LCNUE,Month-to-month,Credit card (automatic),23,DSL,No,Yes,73.65,No,0.05,No,Low
0839-QNXME,Two year,Credit card (automatic),30,No,No internet service,No internet service,19.4,No,0.0,No,Low
3506-OVLKD,One year,Bank transfer (automatic),35,No,No internet service,No internet service,26.2,No,0.14,No,Low
9172-ANCRX,Month-to-month,Electronic check,10,Fiber optic,Yes,No,98.7,Yes,0.98,Yes,Critical
6650-VJONK,Month-to-month,Bank transfer (automatic),1,DSL,No,No,43.85,No,0.11,No,Low
2178-PMGCJ,Month-to-month,Mailed check,22,Fiber optic,No,No,69.7,No,0.26,No,Low
7492-TAFJD,Two year,Mailed check,7,DSL,Yes,No,38.55,No,0.13,No,Low
2773-MADBQ,Two year,Mailed check,36,DSL,Yes,Yes,53.1,No,0.01,No,Low
6016-LVTJQ,Month-to-month,Mailed check,34,No,No internet service,No internet service,20.65,No,0.01,No,Low
7860-KSUGX,Two year,Credit card (automatic),72,DSL,Yes,No,64.45,No,0.02,No,Low
8966-KZXXA,Two year,Credit card (automatic),36,No,No internet service,No internet service,25.1,No,0.0,No,Low
6910-HADCM,Month-to-month,Electronic check,1,Fiber optic,No,No,76.35,Yes,0.57,Yes,High
4816-LXZYW,Month-to-month,Electronic check,23,Fiber optic,No,No,79.15,Yes,0.94,Yes,Critical
9606-PBKBQ,Month-to-month,Electronic check,32,Fiber optic,No,No,85.0,Yes,0.78,Yes,Critical
5149-QYTTU,One year,Credit card (automatic),71,Fiber optic,Yes,Yes,95.15,No,0.02,No,Low
2070-XYMFH,Month-to-month,Mailed check,23,Fiber optic,No,No,79.35,No,0.1,No,Low
2085-BOJKI,One year,Bank transfer (automatic),17,Fiber optic,No,No,96.65,No,0.13,No,Low
0817-HSUSE,Month-to-month,Electronic check,1,DSL,No,Yes,75.5,No,0.23,No,Low
5442-PPTJY,Two year,Mailed check,12,No,No internet service,No internet service,19.7,No,0.0,No,Low
1927-QEWMY,Two year,Credit card (automatic),72,No,No internet service,No internet service,20.5,No,0.0,No,Low
1663-MHLHE,Month-to-month,Mailed check,1,No,No internet service,No internet service,19.2,No,0.04,No,Low
5663-QBGIS,Two year,Bank transfer (automatic),72,Fiber optic,No,No,98.35,No,0.01,No,Low
4450-MDZFX,Month-to-month,Bank transfer (automatic),60,Fiber optic,No,No,74.35,No,0.1,No,Low
6701-DHKWQ,Two year,Credit card (automatic),61,DSL,No,Yes,51.35,No,0.0,No,Low
7554-AKDQF,Month-to-month,Mailed check,6,DSL,No,No,45.65,No,0.06,No,Low
3536-IQCTX,Month-to-month,Electronic check,32,Fiber optic,No,No,85.3,Yes,0.77,Yes,Critical
4911-BANWH,Month-to-month,Credit card (automatic),31,Fiber optic,No,No,86.55,Yes,0.76,Yes,Critical
8496-EJAUI,Month-to-month,Credit card (automatic),19,Fiber optic,No,No,73.85,Yes,0.76,Yes,Critical
0794-YVSGE,Two year,Bank transfer (automatic),72,No,No internet service,No internet service,20.3,No,0.0,No,Low
5423-BHIXO,Month-to-month,Electronic check,32,DSL,No,No,54.2,No,0.02,No,Low
6908-VVYHM,Month-to-month,Electronic check,65,Fiber optic,No,No,90.65,No,0.11,No,Low
2959-EEXWB,Month-to-month,Bank transfer (automatic),45,DSL,Yes,No,50.9,No,0.07,No,Low
1839-UMACK,One year,Electronic check,42,No,No internet service,No internet service,25.05,No,0.1,No,Low
3030-YDNRM,Month-to-month,Electronic check,8,Fiber optic,No,No,74.85,No,0.5,No,Medium
7321-KKSDU,Two year,Mailed check,32,No,No internet service,No internet service,20.5,No,0.0,No,Low
3402-XRIUO,Month-to-month,Mailed check,22,DSL,Yes,Yes,63.55,No,0.0,No,Low
3132-TVFDZ,Month-to-month,Electronic check,57,DSL,No,No,44.85,Yes,0.67,Yes,High
8286-AFUYI,Month-to-month,Electronic check,1,DSL,Yes,No,47.95,No,0.13,No,Low
8080-DDEMJ,Month-to-month,Electronic check,1,DSL,No,No,45.1,Yes,0.47,No,Medium
8356-WUAOJ,Month-to-month,Electronic check,1,DSL,No,No,45.0,No,0.25,No,Low
6365-MTGZX,Month-to-month,Electronic check,24,Fiber optic,No,Yes,96.0,Yes,0.78,Yes,Critical
1349-WXNGG,Month-to-month,Bank transfer (automatic),1,No,No internet service,No internet service,20.05,Yes,0.66,Yes,High
8058-DMYRU,Month-to-month,Electronic check,54,Fiber optic,No,No,90.05,No,0.54,Yes,Medium
9350-ZXYJC,Two year,Credit card (automatic),4,No,No internet service,No internet service,25.3,No,0.02,No,Low
6990-YNRIO,Two year,Bank transfer (automatic),65,Fiber optic,Yes,Yes,108.65,Yes,0.72,Yes,High
8958-JPTRR,One year,Electronic check,56,No,No internet service,No internet service,24.3,No,0.02,No,Low
6959-GQEGV,Month-to-month,Electronic check,45,DSL,Yes,No,75.95,No,0.05,No,Low
3173-WSSUE,Two year,Credit card (automatic),71,No,No internet service,No internet service,19.7,No,0.0,No,Low
1265-HVPZB,One year,Credit card (automatic),59,DSL,Yes,No,66.4,No,0.27,No,Low
4115-UMJFQ,One year,Bank transfer (automatic),69,DSL,No,No,35.75,No,0.17,No,Low
7369-TRPFD,One year,Mailed check,19,No,No internet service,No internet service,18.8,No,0.01,No,Low
1098-KFQEC,Two year,Credit card (automatic),55,No,No internet service,No internet service,19.4,No,0.0,No,Low
7190-XHTWJ,One year,Mailed check,38,No,No internet service,No internet service,19.3,No,0.0,No,Low
0621-TWIEM,Month-to-month,Electronic check,10,DSL,No,No,45.55,Yes,0.8,Yes,Critical
3537-RYBHH,Month-to-month,Credit card (automatic),47,DSL,Yes,No,67.45,No,0.08,No,Low
2485-ITVKB,Month-to-month,Electronic check,2,DSL,No,No,35.1,Yes,0.71,Yes,High
3669-OYSJI,Month-to-month,Credit card (automatic),1,DSL,No,No,46.2,Yes,0.88,Yes,Critical
1612-EOHDH,Month-to-month,Electronic check,1,DSL,No,No,45.15,Yes,0.86,Yes,Critical
6702-OHFWR,Month-to-month,Electronic check,1,DSL,No,No,43.3,Yes,0.87,Yes,Critical
5296-BFCYD,Two year,Mailed check,46,No,No internet service,No internet service,20.1,No,0.01,No,Low
4510-PYUSH,Month-to-month,Credit card (automatic),38,DSL,Yes,No,57.15,Yes,0.68,Yes,High
9359-JANWS,Two year,Credit card (automatic),65,DSL,Yes,Yes,58.9,No,0.04,No,Low
7517-SAWMO,Month-to-month,Electronic check,19,Fiber optic,Yes,No,73.2,Yes,0.82,Yes,Critical
4143-HHPMK,Month-to-month,Electronic check,52,Fiber optic,No,No,85.35,Yes,0.79,Yes,Critical
3279-DYZQM,Two year,Mailed check,71,No,No internet service,No internet service,19.45,No,0.0,No,Low
7054-LGEQW,Month-to-month,Mailed check,1,DSL,No,No,45.95,Yes,0.35,No,Medium
0523-VNGTF,Month-to-month,Electronic check,52,DSL,No,Yes,50.5,No,0.03,No,Low
9575-IWCAZ,One year,Mailed check,6,No,No internet service,No internet service,25.1,No,0.02,No,Low
7105-MXJLL,One year,Mailed check,26,DSL,No,No,60.7,No,0.07,No,Low
7064-FRRSW,One year,Electronic check,48,Fiber optic,No,No,99.0,No,0.1,No,Low
7940-UQQUG,One year,Bank transfer (automatic),64,Fiber optic,Yes,Yes,104.4,No,0.04,No,Low
0923-PNFUB,Month-to-month,Electronic check,3,Fiber optic,No,No,83.75,Yes,0.33,No,Medium
3961-SXAXY,Month-to-month,Bank transfer (automatic),1,DSL,No,No,44.05,No,0.1,No,Low
7010-BRBUU,Two year,Credit card (automatic),72,No,No internet service,No internet service,24.1,No,0.0,No,Low
3566-HJGPK,Month-to-month,Mailed check,1,DSL,No,No,45.55,No,0.25,No,Low
3062-ICYZQ,Month-to-month,Electronic check,51,Fiber optic,Yes,No,93.8,No,0.06,No,Low
9938-PRCVK,Two year,Bank transfer (automatic),41,No,No internet service,No internet service,19.7,No,0.0,No,Low
0973-KYVNF,Two year,Credit card (automatic),72,DSL,Yes,No,70.65,No,0.0,No,Low
5129-HHMZC,Two year,Credit card (automatic),43,DSL,Yes,Yes,86.45,No,0.02,No,Low
9637-CDTKZ,Two year,Credit card (automatic),72,Fiber optic,Yes,Yes,114.1,No,0.0,No,Low
3946-JEWRQ,One year,Credit card (automatic),47,Fiber optic,No,No,95.2,No,0.06,No,Low
7873-CVMAW,Two year,Credit card (automatic),72,DSL,Yes,Yes,88.55,No,0.0,No,Low
0463-WZZKO,Month-to-month,Credit card (automatic),3,No,No internet service,No internet service,20.75,No,0.14,No,Low
3494-JCHRQ,Month-to-month,Electronic check,1,Fiber optic,No,No,70.05,Yes,0.92,Yes,Critical
6474-FVJLC,Month-to-month,Electronic check,2,Fiber optic,No,No,86.0,Yes,0.97,Yes,Critical
4524-QCSSM,Month-to-month,Bank transfer (automatic),26,DSL,Yes,No,44.65,No,0.21,No,Low
5832-EXGTT,Month-to-month,Mailed check,29,DSL,Yes,No,60.2,No,0.03,No,Low
8840-DQLGN,Month-to-month,Bank transfer (automatic),35,Fiber optic,Yes,Yes,100.5,Yes,0.23,No,Low
2039-JONDJ,One year,Bank transfer (automatic),27,DSL,Yes,No,55.45,No,0.0,No,Low
7217-JYHOQ,Month-to-month,Credit card (automatic),24,DSL,Yes,Yes,70.3,No,0.02,No,Low
6695-FRVEC,Two year,Bank transfer (automatic),67,DSL,Yes,Yes,60.4,No,0.0,No,Low
4547-LYTDD,Month-to-month,Electronic check,16,Fiber optic,No,No,72.65,Yes,0.32,No,Medium
9894-QMIMJ,One year,Bank transfer (automatic),23,DSL,No,No,55.8,No,0.03,No,Low
8069-YQQAJ,Month-to-month,Mailed check,14,DSL,No,No,31.1,No,0.11,No,Low
6770-XUAGN,Month-to-month,Electronic check,1,No,No internet service,No internet service,21.0,Yes,0.51,Yes,Medium
4193-ORFCL,Month-to-month,Mailed check,1,DSL,No,No,45.1,Yes,0.69,Yes,High
1636-NTNCO,Month-to-month,Credit card (automatic),4,DSL,No,No,50.95,No,0.17,No,Low
3466-WAESX,Month-to-month,Electronic check,16,DSL,Yes,No,69.1,No,0.34,No,Medium
9281-PKKZE,Month-to-month,Electronic check,46,DSL,No,No,43.95,No,0.21,No,Low
3638-VBZTA,Two year,Bank transfer (automatic),68,DSL,Yes,Yes,86.5,No,0.01,No,Low
7459-IMVYU,Month-to-month,Electronic check,38,DSL,Yes,Yes,69.95,No,0.05,No,Low
7776-QWNFX,Month-to-month,Bank transfer (automatic),30,DSL,No,No,50.4,Yes,0.73,Yes,High
6689-TCZHQ,Month-to-month,Electronic check,5,Fiber optic,No,No,78.95,Yes,0.81,Yes,Critical
8563-OYMQY,Month-to-month,Credit card (automatic),17,Fiber optic,No,No,90.95,No,0.13,No,Low
0754-EEBDC,Two year,Mailed check,4,No,No internet service,No internet service,19.9,No,0.03,No,Low
5777-ZPQNC,One year,Electronic check,12,No,No internet service,No internet service,20.15,No,0.01,No,Low
1951-IEYXM,Two year,Credit card (automatic),72,DSL,Yes,Yes,90.6,No,0.0,No,Low
3318-NMQXL,Month-to-month,Electronic check,3,Fiber optic,No,No,92.0,No,0.41,No,Medium
3143-ILDAL,Month-to-month,Electronic check,56,Fiber optic,No,Yes,94.45,Yes,0.76,Yes,Critical
1022-RKXDR,One year,Mailed check,41,No,No internet service,No internet service,24.85,No,0.0,No,Low
2361-FJWNO,One year,Credit card (automatic),40,DSL,No,Yes,36.0,No,0.03,No,Low
2272-UOINI,Month-to-month,Electronic check,7,DSL,Yes,Yes,78.5,No,0.18,No,Low
8232-UTFOZ,Two year,Credit card (automatic),69,No,No internet service,No internet service,19.95,No,0.0,No,Low
3750-YHRYO,One year,Mailed check,7,No,No internet service,No internet service,20.65,No,0.01,No,Low
6637-KYRCV,Month-to-month,Electronic check,5,DSL,No,No,30.5,No,0.08,No,Low
5668-MEISB,Two year,Credit card (automatic),72,Fiber optic,Yes,Yes,106.1,No,0.0,No,Low
0129-QMPDR,One year,Bank transfer (automatic),44,No,No internet service,No internet service,20.5,No,0.0,No,Low
7188-CBBBA,One year,Electronic check,65,Fiber optic,No,No,95.5,No,0.11,No,Low
5356-CSVSQ,Month-to-month,Electronic check,3,DSL,No,Yes,64.6,No,0.18,No,Low
3221-CJMSG,Month-to-month,Credit card (automatic),24,DSL,No,Yes,51.1,No,0.04,No,Low
4720-VSTSI,Month-to-month,Bank transfer (automatic),44,Fiber optic,No,No,84.8,Yes,0.81,Yes,Critical
3219-JQRSL,Two year,Credit card (automatic),72,DSL,Yes,Yes,89.1,No,0.0,No,Low
2801-NISEI,Month-to-month,Electronic check,24,DSL,Yes,Yes,54.95,No,0.06,No,Low
3946-MHCZW,Month-to-month,Mailed check,1,DSL,No,No,50.9,Yes,0.83,Yes,Critical
4623-ZKHLY,Month-to-month,Bank transfer (automatic),22,No,No internet service,No internet service,20.45,No,0.02,No,Low
6732-VAILE,Two year,Credit card (automatic),70,DSL,No,Yes,85.95,No,0.0,No,Low
8201-AAXCB,Month-to-month,Electronic check,25,DSL,No,No,60.35,No,0.11,No,Low
7696-CFTAT,Two year,Bank transfer (automatic),37,No,No internet service,No internet service,19.8,No,0.02,No,Low
1845-CSBRZ,Month-to-month,Bank transfer (automatic),22,Fiber optic,No,No,85.35,No,0.12,No,Low
2123-VSCOT,Two year,Bank transfer (automatic),59,DSL,No,Yes,72.1,No,0.01,No,Low
6651-AZVTJ,Month-to-month,Electronic check,49,Fiber optic,No,No,99.8,Yes,0.62,Yes,High
4566-GOLUK,Month-to-month,Bank transfer (automatic),47,Fiber optic,No,Yes,107.35,Yes,0.8,Yes,Critical
2484-DGXPZ,Month-to-month,Mailed check,31,No,No internet service,No internet service,19.55,Yes,0.64,Yes,High
2018-QKYGT,Month-to-month,Electronic check,1,Fiber optic,No,No,81.05,No,0.32,No,Medium
2792-VPPET,Month-to-month,Electronic check,3,No,No internet service,No internet service,20.5,No,0.0,No,Low
7409-JURKQ,One year,Bank transfer (automatic),53,Fiber optic,No,Yes,111.8,No,0.01,No,Low
3247-MHJKM,Month-to-month,Mailed check,1,No,No internet service,No internet service,20.2,No,0.2640912698412698,No,Low
1964-SVLEA,One year,Mailed check,20,No,No internet service,No internet service,19.7,No,0.0,No,Low
4587-NUKOX,Month-to-month,Electronic check,3,Fiber optic,Yes,No,79.1,Yes,0.72,Yes,High
7297-DVYGA,One year,Bank transfer (automatic),51,No,No internet service,No internet service,19.85,No,0.0,No,Low
2239-CGBUZ,One year,Bank transfer (automatic),51,DSL,Yes,Yes,60.5,No,0.0,No,Low
0854-UYHZD,Two year,Mailed check,13,No,No internet service,No internet service,19.55,No,0.0,No,Low
7243-LCGGZ,Month-to-month,Mailed check,1,No,No internet service,No internet service,20.9,No,0.7059285714285712,Yes,High
8267-KFGYD,Month-to-month,Mailed check,1,No,No internet service,No internet service,21.05,No,0.03,No,Low
4890-VMUAV,One year,Electronic check,63,DSL,Yes,Yes,71.5,No,0.0,No,Low
9261-WDCAF,Month-to-month,Mailed check,3,DSL,No,No,54.65,No,0.18,No,Low
3764-MNMOI,Two year,Credit card (automatic),46,No,No internet service,No internet service,19.2,No,0.01,No,Low
7442-YGZFK,Month-to-month,Credit card (automatic),1,DSL,No,No,49.8,No,0.21,No,Low
0420-BWTPW,Month-to-month,Mailed check,8,DSL,No,No,25.5,Yes,0.73,Yes,High
8229-BUJHX,Two year,Bank transfer (automatic),71,No,No internet service,No internet service,20.5,No,0.0,No,Low
7449-HVPIV,Month-to-month,Credit card (automatic),55,Fiber optic,No,No,90.4,No,0.11,No,Low
5504-WSIUR,One year,Bank transfer (automatic),70,Fiber optic,No,Yes,90.25,No,0.03,No,Low
8183-ONMXC,Month-to-month,Electronic check,2,Fiber optic,No,No,80.75,Yes,0.98,Yes,Critical
8466-PZBLH,Two year,Bank transfer (automatic),67,Fiber optic,Yes,Yes,104.6,No,0.11,No,Low
9614-RMGHA,Month-to-month,Bank transfer (automatic),65,Fiber optic,No,No,91.85,Yes,0.75,Yes,Critical
8735-IJJEG,Month-to-month,Credit card (automatic),14,DSL,No,No,50.2,No,0.1,No,Low
0564-MUUQK,Month-to-month,Bank transfer (automatic),20,Fiber optic,No,Yes,95.5,No,0.11,No,Low
5054-IEXZT,Month-to-month,Electronic check,1,Fiber optic,No,No,75.35,Yes,0.95,Yes,Critical
5834-ASPWA,Month-to-month,Electronic check,1,Fiber optic,No,No,75.45,Yes,0.97,Yes,Critical
0701-RFGFI,Month-to-month,Bank transfer (automatic),49,Fiber optic,No,No,95.4,No,0.17,No,Low
0019-EFAEP,Two year,Bank transfer (automatic),72,Fiber optic,Yes,No,101.3,No,0.04,No,Low
5619-PTMIK,Month-to-month,Electronic check,46,DSL,Yes,No,53.1,No,0.05,No,Low
3737-XBQDD,Month-to-month,Bank transfer (automatic),24,Fiber optic,No,No,84.85,No,0.17,No,Low
5882-CMAZQ,Month-to-month,Electronic check,5,DSL,No,Yes,34.25,No,0.1,No,Low
5846-QFDFI,Month-to-month,Credit card (automatic),33,Fiber optic,No,Yes,88.6,No,0.12,No,Low
4445-KWOKW,One year,Bank transfer (automatic),42,DSL,Yes,No,60.15,No,0.01,No,Low
3511-APPBJ,One year,Credit card (automatic),23,Fiber optic,Yes,No,99.95,No,0.05,No,Low
7967-HYCDE,Month-to-month,Bank transfer (automatic),8,Fiber optic,No,No,70.7,No,0.14,No,Low
2430-RRYUW,One year,Mailed check,66,DSL,Yes,No,54.8,No,0.02,No,Low
3948-XHGNA,Month-to-month,Bank transfer (automatic),24,DSL,Yes,No,49.55,Yes,0.65,Yes,High
3723-BFBGR,Month-to-month,Credit card (automatic),24,DSL,No,No,54.8,No,0.09,No,Low
0565-IYCGT,One year,Credit card (automatic),69,DSL,Yes,Yes,78.6,Yes,0.68,Yes,High
5447-WZAFP,One year,Mailed check,53,Fiber optic,No,No,100.3,No,0.1,No,Low
5110-CHOPY,Two year,Electronic check,60,DSL,Yes,No,53.6,No,0.06,No,Low
5445-UTODQ,Month-to-month,Electronic check,7,Fiber optic,No,No,81.1,Yes,0.91,Yes,Critical
4425-OWHWB,One year,Credit card (automatic),20,No,No internet service,No internet service,19.35,No,0.0,No,Low
7892-QVYKW,Month-to-month,Electronic check,23,Fiber optic,No,No,85.6,No,0.13,No,Low
9675-ICXCT,Two year,Electronic check,72,DSL,Yes,Yes,80.8,No,0.05,No,Low
1024-VRZHF,Month-to-month,Electronic check,11,Fiber optic,No,No,74.95,Yes,0.89,Yes,Critical
4703-MQYKT,Two year,Mailed check,21,No,No internet service,No internet service,19.6,No,0.01,No,Low
9497-QCMMS,Month-to-month,Electronic check,1,Fiber optic,No,No,93.55,Yes,0.99,Yes,Critical
5692-ICXLW,Month-to-month,Electronic check,31,Fiber optic,No,No,90.7,No,0.24,No,Low
0602-DDUML,Two year,Mailed check,57,DSL,No,Yes,69.75,No,0.0,No,Low
2208-MPXIO,Two year,Bank transfer (automatic),45,No,No internet service,No internet service,20.0,No,0.0,No,Low
1960-UYCNN,Month-to-month,Electronic check,10,Fiber optic,No,No,95.25,No,0.26,No,Low
0348-SDKOL,Month-to-month,Credit card (automatic),58,Fiber optic,No,Yes,102.1,Yes,0.71,Yes,High
3190-FZATL,Month-to-month,Mailed check,14,No,No internet service,No internet service,19.95,No,0.01,No,Low
7336-RLLRH,One year,Mailed check,27,DSL,Yes,Yes,80.85,No,0.02,No,Low
4373-MAVJG,Month-to-month,Bank transfer (automatic),14,Fiber optic,No,No,90.9,Yes,0.83,Yes,Critical
8901-HJXTF,Month-to-month,Mailed check,12,DSL,No,No,29.2,Yes,0.62,Yes,High
7710-JSYOA,Two year,Bank transfer (automatic),69,Fiber optic,No,Yes,93.3,No,0.04,No,Low
5419-KLXBN,Month-to-month,Bank transfer (automatic),25,Fiber optic,No,No,89.15,Yes,0.57,Yes,High
3424-NMNBO,One year,Electronic check,58,Fiber optic,Yes,No,108.85,Yes,0.67,Yes,High
9885-MFVSU,Two year,Credit card (automatic),35,DSL,Yes,Yes,46.35,No,0.0,No,Low
4514-GFCFI,Month-to-month,Electronic check,16,Fiber optic,No,No,84.75,Yes,0.96,Yes,Critical
0607-MVMGC,One year,Credit card (automatic),45,DSL,No,No,78.75,No,0.0,No,Low
3365-SAIGS,Month-to-month,Electronic check,17,Fiber optic,No,No,83.55,No,0.48,No,Medium
9828-AOQLM,Month-to-month,Electronic check,1,DSL,No,No,45.7,Yes,0.75,Yes,Critical
8022-BECSI,One year,Mailed check,22,No,No internet service,No internet service,19.6,No,0.0,No,Low
8000-REIQB,Month-to-month,Electronic check,1,Fiber optic,No,No,69.95,Yes,0.97,Yes,Critical
9993-LHIEB,Two year,Mailed check,67,DSL,Yes,Yes,67.85,No,0.0,No,Low
0266-CLZKZ,Two year,Bank transfer (automatic),67,Fiber optic,No,Yes,105.65,No,0.05,No,Low
7615-ESMYF,Month-to-month,Electronic check,2,DSL,No,No,44.6,Yes,0.83,Yes,Critical
3858-VOBET,Month-to-month,Electronic check,23,Fiber optic,No,No,74.95,Yes,0.38,No,Medium
7020-OZKXZ,Month-to-month,Credit card (automatic),9,Fiber optic,No,No,75.5,No,0.1,No,Low
3977-QCRSL,Month-to-month,Mailed check,5,No,No internet service,No internet service,20.15,No,0.02,No,Low
0017-DINOC,Two year,Credit card (automatic),54,DSL,Yes,Yes,45.2,No,0.0,No,Low
1447-PJGGA,Two year,Electronic check,57,Fiber optic,No,No,95.25,Yes,0.67,Yes,High
8565-CLBZW,Month-to-month,Mailed check,24,Fiber optic,No,No,89.85,Yes,0.72,Yes,High
9139-WQQDY,One year,Mailed check,49,Fiber optic,No,No,100.45,Yes,0.25,No,Low
0224-HJAPT,Month-to-month,Electronic check,5,DSL,No,No,47.15,Yes,0.89,Yes,Critical
8086-OVPWV,Month-to-month,Electronic check,2,Fiber optic,No,No,80.2,Yes,0.85,Yes,Critical
9430-FRQOC,Month-to-month,Mailed check,4,Fiber optic,No,Yes,87.1,Yes,0.87,Yes,Critical
7639-OPLNG,Two year,Bank transfer (automatic),70,DSL,Yes,Yes,79.25,No,0.0,No,Low
3074-GQWYX,Month-to-month,Bank transfer (automatic),5,Fiber optic,No,No,75.9,Yes,0.97,Yes,Critical
1492-QGCLU,Month-to-month,Electronic check,53,DSL,Yes,Yes,85.7,No,0.11,No,Low
6845-RGTYS,Month-to-month,Electronic check,47,Fiber optic,Yes,No,98.75,Yes,0.41,No,Medium
7328-OWMOM,One year,Credit card (automatic),31,No,No internet service,No internet service,20.1,No,0.0,No,Low
4418-LZMSV,Month-to-month,Bank transfer (automatic),13,DSL,No,Yes,61.8,No,0.03,No,Low
5155-AZQPB,Month-to-month,Mailed check,28,DSL,No,No,49.9,No,0.03,No,Low
8861-HGGKB,Month-to-month,Electronic check,10,Fiber optic,No,No,86.45,Yes,0.7,Yes,High
1087-GRUYI,Two year,Bank transfer (automatic),38,No,No internet service,No internet service,20.4,No,0.0,No,Low
7065-YUNRY,Month-to-month,Mailed check,1,DSL,No,No,45.3,Yes,0.71,Yes,High
7694-VLBWQ,One year,Electronic check,67,Fiber optic,No,No,104.1,Yes,0.78,Yes,Critical
2546-KZAAT,One year,Mailed check,52,DSL,Yes,No,75.4,No,0.03,No,Low
0181-RITDD,Two year,Mailed check,62,Fiber optic,Yes,Yes,108.15,No,0.1,No,Low
5989-PGKJB,Month-to-month,Electronic check,16,Fiber optic,No,No,86.25,No,0.16,No,Low
4795-KTRTH,Month-to-month,Electronic check,5,Fiber optic,No,No,81.0,Yes,0.96,Yes,Critical
8272-ONJLV,One year,Electronic check,12,Fiber optic,No,No,95.7,No,0.17,No,Low
1488-PBLJN,Two year,Bank transfer (automatic),72,Fiber optic,Yes,Yes,116.85,No,0.0,No,Low
0308-GIQJT,One year,Bank transfer (automatic),71,Fiber optic,No,Yes,105.75,No,0.16,No,Low
3778-FOAQW,One year,Mailed check,24,No,No internet service,No internet service,20.15,No,0.0,No,Low
4452-ROHMO,Two year,Mailed check,15,No,No internet service,No internet service,19.6,No,0.0,No,Low
6481-OGDOO,One year,Credit card (automatic),67,Fiber optic,Yes,No,90.6,Yes,0.65,Yes,High
3090-LETTY,Month-to-month,Bank transfer (automatic),2,DSL,Yes,No,60.95,No,0.08,No,Low
5349-AZPEW,Month-to-month,Mailed check,5,DSL,No,No,25.05,No,0.17,No,Low
3753-TSEMP,Month-to-month,Electronic check,15,Fiber optic,No,No,88.15,Yes,0.81,Yes,Critical
8305-VHZBZ,Month-to-month,Mailed check,1,No,No internet service,No internet service,20.2,Yes,0.925,Yes,Critical
9720-JJJOR,One year,Bank transfer (automatic),41,DSL,Yes,No,60.3,No,0.04,No,Low
8100-HZZLJ,Month-to-month,Electronic check,43,DSL,Yes,No,63.95,No,0.08,No,Low
8775-ERLNB,Month-to-month,Electronic check,1,Fiber optic,No,No,74.3,No,0.8,Yes,Critical
8309-IEYJD,Month-to-month,Mailed check,1,Fiber optic,No,No,70.6,No,0.16,No,Low
9172-JITSM,Month-to-month,Electronic check,26,Fiber optic,No,No,90.8,Yes,0.76,Yes,Critical
6298-QDFNH,Month-to-month,Electronic check,22,Fiber optic,No,No,79.35,Yes,0.9,Yes,Critical
7398-HPYZQ,Two year,Bank transfer (automatic),71,DSL,Yes,Yes,90.55,No,0.0,No,Low
3546-GHEAE,Two year,Mailed check,7,No,No internet service,No internet service,19.45,No,0.01,No,Low
7361-YPXFS,Month-to-month,Bank transfer (automatic),28,DSL,No,Yes,64.45,No,0.03,No,Low
6557-BZXLQ,Month-to-month,Electronic check,16,Fiber optic,No,No,69.65,No,0.4,No,Medium
2550-QHZGP,One year,Mailed check,7,No,No internet service,No internet service,19.5,No,0.01,No,Low
7519-JTWQH,Two year,Bank transfer (automatic),69,Fiber optic,No,Yes,110.5,No,0.04,No,Low
2538-OIMXF,Month-to-month,Mailed check,1,DSL,No,No,24.7,No,0.16,No,Low
8543-MSDMF,Month-to-month,Electronic check,3,DSL,Yes,No,77.4,No,0.18,No,Low
9961-JBNMK,Month-to-month,Bank transfer (automatic),21,Fiber optic,No,No,96.8,Yes,0.79,Yes,Critical
1170-SASML,Month-to-month,Bank transfer (automatic),69,Fiber optic,No,No,85.4,No,0.19,No,Low
4872-JCVCA,Two year,Bank transfer (automatic),71,DSL,Yes,Yes,47.6,No,0.0,No,Low
5346-BZCHP,Two year,Mailed check,69,No,No internet service,No internet service,19.4,No,0.0,No,Low
2038-LLMLM,Month-to-month,Electronic check,48,Fiber optic,No,Yes,103.85,No,0.08,No,Low
6173-ITPWD,Month-to-month,Bank transfer (automatic),47,Fiber optic,No,No,83.35,Yes,0.7,Yes,High
9734-UYXQI,Month-to-month,Electronic check,2,DSL,No,No,49.4,Yes,0.85,Yes,Critical
1216-BGTSP,Month-to-month,Credit card (automatic),45,Fiber optic,Yes,Yes,108.45,No,0.11,No,Low
4138-NAXED,Month-to-month,Bank transfer (automatic),51,Fiber optic,No,No,81.0,No,0.05,No,Low
2189-UXTKY,Month-to-month,Electronic check,22,DSL,Yes,Yes,79.2,Yes,0.6,Yes,High
0744-BIKKF,Two year,Bank transfer (automatic),72,DSL,Yes,Yes,86.65,No,0.0,No,Low
7483-IQWIB,Month-to-month,Electronic check,37,Fiber optic,No,No,92.95,No,0.24,No,Low
5248-KWLAR,Two year,Electronic check,71,DSL,Yes,Yes,90.35,No,0.0,No,Low
4958-GZWIY,Month-to-month,Electronic check,7,DSL,No,No,48.7,Yes,0.75,Yes,Critical
7996-MHXLW,Two year,Credit card (automatic),66,No,No internet service,No internet service,25.15,No,0.02,No,Low
7833-PKIHD,One year,Bank transfer (automatic),51,DSL,Yes,Yes,76.4,No,0.04,No,Low
7061-OVMIM,One year,Bank transfer (automatic),30,No,No internet service,No internet service,19.55,No,0.02,No,Low
5153-RTHKF,Month-to-month,Electronic check,34,Fiber optic,No,No,85.35,No,0.21,No,Low
1852-QSWCD,Two year,Mailed check,64,No,No internet service,No internet service,24.8,No,0.0,No,Low
4832-VRBMR,One year,Bank transfer (automatic),65,Fiber optic,No,No,103.15,No,0.05,No,Low
9079-LWTFD,Month-to-month,Mailed check,47,Fiber optic,Yes,Yes,100.75,No,0.03,No,Low
6356-ELRKD,Month-to-month,Electronic check,1,Fiber optic,Yes,No,95.6,Yes,0.88,Yes,Critical
8624-GIOUT,Month-to-month,Credit card (automatic),49,DSL,Yes,No,59.75,Yes,0.73,Yes,High
3392-EHMNK,Two year,Credit card (automatic),67,Fiber optic,No,Yes,94.1,No,0.02,No,Low
5986-WWXDV,One year,Bank transfer (automatic),39,No,No internet service,No internet service,19.35,No,0.0,No,Low
3061-BCKYI,Month-to-month,Mailed check,14,No,No internet service,No internet service,19.9,No,0.0,No,Low
6179-GJPSO,Month-to-month,Credit card (automatic),43,Fiber optic,Yes,Yes,108.15,Yes,0.81,Yes,Critical
7901-TBKJX,Month-to-month,Electronic check,56,Fiber optic,No,No,101.05,No,0.26,No,Low
7228-PAQPD,One year,Credit card (automatic),14,DSL,No,Yes,59.1,No,0.01,No,Low
3177-LASXD,Month-to-month,Electronic check,1,Fiber optic,No,No,71.35,Yes,0.88,Yes,Critical
7746-QYVCO,One year,Mailed check,16,DSL,Yes,No,55.85,No,0.03,No,Low
5804-HYIEZ,Month-to-month,Electronic check,70,Fiber optic,Yes,No,106.05,No,0.14,No,Low
9919-FZDED,Two year,Credit card (automatic),72,DSL,Yes,No,84.1,No,0.02,No,Low
5934-TSSAU,Month-to-month,Credit card (automatic),23,Fiber optic,No,No,75.3,No,0.33,No,Medium
3486-KHMLI,Month-to-month,Mailed check,21,No,No internet service,No internet service,24.7,No,0.03,No,Low
4897-QSUYC,Month-to-month,Mailed check,1,No,No internet service,No internet service,20.15,Yes,0.9308333333333334,Yes,Critical
1084-UQCHV,Month-to-month,Bank transfer (automatic),1,Fiber optic,No,No,69.75,Yes,0.93,Yes,Critical
8290-YWKHZ,Month-to-month,Electronic check,32,Fiber optic,No,No,93.2,Yes,0.9,Yes,Critical
2955-BJZHG,Month-to-month,Electronic check,17,Fiber optic,No,No,80.85,Yes,0.54,Yes,Medium
3806-DXQOM,Month-to-month,Electronic check,4,DSL,Yes,No,33.65,Yes,0.75,Yes,Critical
6784-XYJAE,One year,Electronic check,36,DSL,No,No,55.8,No,0.07,No,Low
3933-DQPWX,Two year,Credit card (automatic),50,DSL,No,Yes,39.7,No,0.03,No,Low
6661-EIPZC,Month-to-month,Credit card (automatic),48,DSL,No,Yes,29.5,No,0.06,No,Low
8957-THMOA,Two year,Credit card (automatic),50,No,No internet service,No internet service,20.15,No,0.01,No,Low
2251-PYLPB,Two year,Credit card (automatic),72,DSL,Yes,Yes,79.55,No,0.01,No,Low
5555-RNPGT,Month-to-month,Credit card (automatic),10,No,No internet service,No internet service,24.8,No,0.09,No,Low
1057-FOGLZ,Month-to-month,Mailed check,18,No,No internet service,No internet service,19.65,No,0.0,No,Low
9300-RENDD,Month-to-month,Electronic check,1,Fiber optic,No,No,79.95,Yes,0.9,Yes,Critical
0761-AETCS,Month-to-month,Electronic check,1,No,No internet service,No internet service,19.3,Yes,0.58,Yes,High
8087-LGYHQ,Month-to-month,Electronic check,9,Fiber optic,No,No,94.05,No,0.44,No,Medium
4137-BTIKL,Month-to-month,Mailed check,2,Fiber optic,Yes,No,90.75,No,0.15,No,Low
2190-BCXEC,Month-to-month,Credit card (automatic),40,Fiber optic,No,Yes,78.85,No,0.36,No,Medium
6227-FBDXH,One year,Bank transfer (automatic),69,Fiber optic,No,No,99.5,No,0.08,No,Low
2153-MREFK,One year,Electronic check,37,Fiber optic,Yes,Yes,99.2,Yes,0.75,Yes,Critical
2911-WDXMV,Month-to-month,Credit card (automatic),18,Fiber optic,No,No,80.55,No,0.25,No,Low
7206-PQBBZ,Month-to-month,Electronic check,11,Fiber optic,No,No,70.2,No,0.28,No,Low
3106-ULWFW,Month-to-month,Credit card (automatic),8,Fiber optic,No,No,85.2,Yes,0.9,Yes,Critical
0925-VYDLG,Month-to-month,Electronic check,3,Fiber optic,No,No,75.25,Yes,0.79,Yes,Critical
4547-FZJWE,One year,Credit card (automatic),55,DSL,Yes,No,59.45,No,0.03,No,Low
7422-WNBTY,Month-to-month,Electronic check,33,Fiber optic,No,No,93.35,No,0.07,No,Low
0842-IWYCP,Month-to-month,Bank transfer (automatic),46,DSL,No,No,44.95,No,0.01,No,Low
3521-HTQTV,Two year,Bank transfer (automatic),34,No,No internet service,No internet service,26.1,No,0.01,No,Low
3744-ZBHON,Month-to-month,Electronic check,3,No,No internet service,No internet service,20.2,No,0.14,No,Low
3373-DIUUN,Two year,Mailed check,30,No,No internet service,No internet service,21.25,No,0.0,No,Low
8383-SGHJU,One year,Electronic check,33,DSL,Yes,Yes,59.4,No,0.01,No,Low
7607-QKKTJ,One year,Credit card (automatic),45,Fiber optic,No,No,95.0,No,0.03,No,Low
7707-PYBBH,Month-to-month,Mailed check,40,DSL,Yes,Yes,61.9,No,0.0,No,Low
8984-HPEMB,Two year,Electronic check,71,Fiber optic,Yes,Yes,118.65,No,0.01,No,Low
4349-GFQHK,Month-to-month,Electronic check,1,DSL,No,No,54.35,Yes,0.81,Yes,Critical
4139-DETXS,Two year,Bank transfer (automatic),72,DSL,Yes,Yes,64.45,No,0.0,No,Low
9779-DPNEJ,Month-to-month,Electronic check,22,Fiber optic,No,No,80.15,No,0.53,Yes,Medium
9805-FILKB,One year,Bank transfer (automatic),46,No,No internet service,No internet service,20.2,No,0.0,No,Low
5793-YOLJN,Two year,Mailed check,55,No,No internet service,No internet service,21.0,No,0.0,No,Low
0673-IGUQO,Month-to-month,Mailed check,1,No,No internet service,No internet service,20.45,No,0.18,No,Low
4123-FCVCB,One year,Mailed check,12,DSL,No,Yes,75.85,No,0.06,No,Low
8819-IMISP,Month-to-month,Electronic check,31,Fiber optic,No,No,80.45,No,0.2,No,Low
7802-EFKNY,Month-to-month,Electronic check,5,DSL,No,No,24.95,Yes,0.8,Yes,Critical
8311-UEUAB,Two year,Electronic check,67,DSL,Yes,No,75.5,No,0.1,No,Low
5858-EAFCZ,Month-to-month,Mailed check,1,DSL,No,No,44.45,No,0.43,No,Medium
8035-BUYVG,One year,Electronic check,40,DSL,Yes,No,42.35,Yes,0.72,Yes,High
1163-ONYEY,Month-to-month,Credit card (automatic),41,DSL,Yes,No,74.55,No,0.08,No,Low
9787-XVQIU,Month-to-month,Electronic check,1,Fiber optic,No,No,75.3,Yes,0.96,Yes,Critical
8945-MUQUF,One year,Electronic check,51,Fiber optic,Yes,No,94.8,Yes,0.61,Yes,High
5656-MJEFC,Two year,Credit card (automatic),42,DSL,Yes,Yes,48.15,No,0.0,No,Low
6082-OQFBA,One year,Mailed check,23,No,No internet service,No internet service,19.65,No,0.0,No,Low
8051-HJRLT,Month-to-month,Electronic check,1,Fiber optic,No,No,70.55,Yes,0.88,Yes,Critical
8974-OVACP,Month-to-month,Mailed check,1,No,No internet service,No internet service,20.15,No,0.1657142857142857,No,Low
4010-YLMVT,Month-to-month,Credit card (automatic),56,Fiber optic,Yes,No,106.6,No,0.11,No,Low
1379-FRVEB,Month-to-month,Electronic check,15,Fiber optic,No,No,91.0,No,0.53,Yes,Medium
8612-GXIDD,Two year,Bank transfer (automatic),12,No,No internet service,No internet service,25.4,No,0.01,No,Low
6288-CHQJB,Two year,Bank transfer (automatic),54,DSL,Yes,Yes,69.95,No,0.02,No,Low
8160-HOWOX,Month-to-month,Electronic check,7,DSL,No,No,66.85,No,0.25,No,Low
3023-GFLBR,Month-to-month,Credit card (automatic),33,Fiber optic,No,No,86.15,Yes,0.76,Yes,Critical
6648-INWPS,Month-to-month,Electronic check,16,No,No internet service,No internet service,20.15,No,0.09,No,Low
4223-BKEOR,One year,Mailed check,21,DSL,Yes,No,64.85,No,0.08,No,Low
4079-VTGLK,Two year,Electronic check,30,DSL,No,No,74.85,No,0.12,No,Low
1763-WQFUK,Month-to-month,Mailed check,3,DSL,No,Yes,50.5,No,0.03,No,Low
1391-UBDAR,Month-to-month,Electronic check,11,Fiber optic,No,No,72.9,No,0.14,No,Low
8894-JVDCV,One year,Credit card (automatic),62,Fiber optic,Yes,Yes,115.05,No,0.05,No,Low
2023-VQFDL,Month-to-month,Electronic check,18,No,No internet service,No internet service,19.0,No,0.11,No,Low
1345-GKDZZ,Month-to-month,Mailed check,6,No,No internet service,No internet service,19.55,No,0.02,No,Low
2014-MKGMH,One year,Electronic check,46,Fiber optic,No,No,101.1,No,0.08,No,Low
5628-FCGYG,Month-to-month,Electronic check,21,Fiber optic,No,No,84.1,No,0.72,Yes,High
2560-WBWXF,Two year,Bank transfer (automatic),68,No,No internet service,No internet service,24.15,No,0.0,No,Low
0248-IPDFW,Month-to-month,Electronic check,1,DSL,No,No,50.1,No,0.31,No,Medium
7978-DKUQH,Month-to-month,Electronic check,25,Fiber optic,No,No,74.6,No,0.14,No,Low
4335-UPJSI,Two year,Mailed check,24,No,No internet service,No internet service,19.75,No,0.01,No,Low
0524-IAVZO,Month-to-month,Electronic check,30,Fiber optic,No,No,85.0,Yes,0.43,No,Medium
2737-YNGYW,Month-to-month,Electronic check,2,Fiber optic,No,No,80.55,Yes,0.95,Yes,Critical
1784-EZDKJ,One year,Bank transfer (automatic),51,Fiber optic,No,No,106.8,No,0.06,No,Low
9297-FVVDH,Two year,Electronic check,57,DSL,Yes,Yes,84.5,No,0.01,No,Low
8007-YYPWD,Two year,Bank transfer (automatic),15,No,No internet service,No internet service,25.05,No,0.03,No,Low
7101-HRBLJ,Two year,Bank transfer (automatic),72,DSL,Yes,Yes,83.7,No,0.0,No,Low
5159-YFPKQ,Month-to-month,Electronic check,2,Fiber optic,No,No,75.8,Yes,0.64,Yes,High
6635-CPNUN,Month-to-month,Credit card (automatic),28,Fiber optic,No,No,96.6,No,0.12,No,Low
4021-RQSNY,Month-to-month,Electronic check,29,Fiber optic,No,No,98.5,Yes,0.88,Yes,Critical
5453-YBTWV,Two year,Credit card (automatic),70,Fiber optic,Yes,Yes,101.1,No,0.01,No,Low
5039-LZRQT,One year,Mailed check,13,No,No internet service,No internet service,20.2,No,0.0,No,Low
2931-VUVJN,One year,Electronic check,59,Fiber optic,Yes,Yes,94.05,No,0.01,No,Low
9061-TIHDA,Month-to-month,Electronic check,13,Fiber optic,No,No,95.25,Yes,0.85,Yes,Critical
8699-ASUFO,Month-to-month,Mailed check,7,Fiber optic,No,No,74.4,Yes,0.76,Yes,Critical
6418-PIQSP,Two year,Mailed check,62,DSL,Yes,Yes,81.0,No,0.0,No,Low
8220-OCUFY,One year,Electronic check,21,DSL,Yes,Yes,60.25,No,0.05,No,Low
3995-WFCSM,Month-to-month,Electronic check,2,DSL,No,No,60.85,No,0.22,No,Low
1895-QTKDO,Month-to-month,Credit card (automatic),1,DSL,No,No,43.95,No,0.44,No,Medium
2038-OEQZH,Month-to-month,Electronic check,4,Fiber optic,No,No,86.05,No,0.2,No,Low
1178-PZGAB,One year,Credit card (automatic),19,No,No internet service,No internet service,20.25,No,0.0,No,Low
7927-AUXBZ,Month-to-month,Electronic check,30,Fiber optic,No,Yes,85.15,Yes,0.66,Yes,High
2626-VEEWG,Two year,Credit card (automatic),67,No,No internet service,No internet service,19.4,No,0.01,No,Low
2878-RMWXY,Two year,Credit card (automatic),72,Fiber optic,Yes,No,102.65,No,0.02,No,Low
1657-DYMBM,Two year,Credit card (automatic),53,No,No internet service,No internet service,19.9,No,0.01,No,Low
7311-MQJCH,One year,Electronic check,5,No,No internet service,No internet service,19.55,No,0.07,No,Low
7375-WMVMT,Two year,Credit card (automatic),71,Fiber optic,No,Yes,95.5,No,0.07,No,Low
1136-XGEQU,One year,Credit card (automatic),50,DSL,No,Yes,84.15,No,0.05,No,Low
2530-FMFXO,Two year,Electronic check,56,Fiber optic,No,Yes,103.2,No,0.04,No,Low
6844-DZKRF,Month-to-month,Credit card (automatic),2,DSL,No,Yes,50.2,No,0.12,No,Low
4695-WJZUE,Month-to-month,Electronic check,2,Fiber optic,No,No,88.55,Yes,1.0,Yes,Critical
7619-ODSGN,Month-to-month,Electronic check,24,DSL,Yes,No,54.75,Yes,0.66,Yes,High
5970-GHJAW,Two year,Credit card (automatic),46,No,No internet service,No internet service,19.95,No,0.0,No,Low
8879-XUAHX,Two year,Electronic check,71,Fiber optic,Yes,Yes,116.25,No,0.01,No,Low
3689-MOZGR,Month-to-month,Electronic check,29,DSL,No,Yes,31.2,No,0.16,No,Low
4195-PNGZS,Two year,Bank transfer (automatic),69,No,No internet service,No internet service,24.45,No,0.0,No,Low
5003-XZWWO,Two year,Credit card (automatic),71,DSL,No,Yes,84.2,No,0.0,No,Low
3988-RQIXO,Month-to-month,Electronic check,1,Fiber optic,No,No,91.3,Yes,0.95,Yes,Critical
7622-FWGEW,Two year,Bank transfer (automatic),56,DSL,Yes,Yes,85.65,No,0.0,No,Low
6922-NCEDI,One year,Mailed check,56,No,No internet service,No internet service,21.2,No,0.01,No,Low
2514-GINMM,Month-to-month,Electronic check,1,Fiber optic,No,No,79.5,Yes,0.99,Yes,Critical
9891-NQDBD,One year,Mailed check,28,No,No internet service,No internet service,25.55,No,0.01,No,Low
6131-IUNXN,Month-to-month,Mailed check,19,No,No internet service,No internet service,20.2,No,0.0,No,Low
8548-AWOFC,Month-to-month,Electronic check,66,DSL,No,Yes,63.85,No,0.05,No,Low
9798-DRYDS,One year,Mailed check,17,DSL,No,Yes,61.95,No,0.06,No,Low
8532-UEFWH,Two year,Mailed check,52,No,No internet service,No internet service,25.75,No,0.01,No,Low
6296-DDOOR,One year,Electronic check,19,DSL,No,No,58.2,No,0.02,No,Low
7951-VRDVK,One year,Bank transfer (automatic),36,DSL,Yes,Yes,85.85,No,0.21,No,Low
5931-FLJJF,Month-to-month,Mailed check,7,Fiber optic,No,No,70.1,Yes,0.83,Yes,Critical
4815-YOSUK,One year,Credit card (automatic),72,Fiber optic,Yes,Yes,104.9,No,0.01,No,Low
2659-VXMWZ,One year,Electronic check,67,Fiber optic,Yes,No,111.3,Yes,0.13,No,Low
0380-NEAVX,One year,Electronic check,34,Fiber optic,No,No,99.85,No,0.09,No,Low
3207-OYBWH,Month-to-month,Bank transfer (automatic),57,Fiber optic,No,No,95.25,Yes,0.14,No,Low
4285-GYRQC,Month-to-month,Electronic check,7,Fiber optic,No,No,86.25,Yes,0.89,Yes,Critical
7216-EWTRS,Month-to-month,Electronic check,1,Fiber optic,No,No,100.8,Yes,0.95,Yes,Critical
4365-MSDYN,Month-to-month,Bank transfer (automatic),8,No,No internet service,No internet service,19.55,No,0.03,No,Low
7036-TYDEC,Two year,Electronic check,69,Fiber optic,No,Yes,104.0,No,0.26,No,Low
5802-ADBRC,One year,Mailed check,50,Fiber optic,Yes,No,104.4,No,0.16,No,Low
8076-FEZKJ,One year,Mailed check,10,No,No internet service,No internet service,19.5,No,0.0,No,Low
5197-YPYBZ,Two year,Credit card (automatic),12,No,No internet service,No internet service,25.25,No,0.0,No,Low
8337-MSSXB,Month-to-month,Electronic check,14,Fiber optic,No,No,86.3,Yes,0.64,Yes,High
4312-GVYNH,Two year,Bank transfer (automatic),70,DSL,Yes,Yes,49.85,No,0.04,No,Low
8495-LJDFO,Month-to-month,Bank transfer (automatic),64,Fiber optic,Yes,Yes,108.95,No,0.1,No,Low
0839-JTCUD,Two year,Credit card (automatic),66,DSL,Yes,Yes,89.9,No,0.02,No,Low
5494-WOZRZ,Two year,Credit card (automatic),71,DSL,Yes,Yes,82.0,No,0.0,No,Low
1302-UHBDD,Month-to-month,Electronic check,20,Fiber optic,No,No,89.95,No,0.41,No,Medium
2234-EOFPT,Two year,Bank transfer (automatic),72,DSL,Yes,Yes,79.35,No,0.0,No,Low
8619-IJNDK,Two year,Credit card (automatic),71,DSL,Yes,Yes,64.05,No,0.02,No,Low
8378-LKJAF,Month-to-month,Credit card (automatic),38,Fiber optic,No,No,101.15,No,0.45,No,Medium
8182-BJDSI,Month-to-month,Electronic check,28,Fiber optic,No,No,89.95,Yes,0.84,Yes,Critical
2528-HFYZX,Month-to-month,Electronic check,17,Fiber optic,No,No,76.45,Yes,0.92,Yes,Critical
1153-GNOLC,One year,Electronic check,33,DSL,No,No,39.1,No,0.1,No,Low
3298-QEICA,Two year,Mailed check,23,DSL,Yes,Yes,34.6,No,0.0,No,Low
0788-DXBFY,One year,Electronic check,58,No,No internet service,No internet service,19.55,No,0.02,No,Low
3597-YASZG,Two year,Bank transfer (automatic),70,Fiber optic,No,Yes,104.45,No,0.04,No,Low
3496-LFSZU,Month-to-month,Electronic check,4,Fiber optic,No,No,70.5,No,0.29,No,Low
5242-UOWHD,Two year,Mailed check,45,No,No internet service,No internet service,20.35,No,0.0,No,Low
2482-CZGBB,Month-to-month,Electronic check,10,Fiber optic,No,No,70.0,Yes,0.4,No,Medium
6479-SZPLM,Two year,Credit card (automatic),36,No,No internet service,No internet service,19.45,No,0.0,No,Low
8097-VBQTZ,Month-to-month,Mailed check,54,DSL,Yes,Yes,69.9,No,0.02,No,Low
4500-HKANN,Two year,Mailed check,23,DSL,No,Yes,59.7,No,0.02,No,Low
9917-KWRBE,One year,Credit card (automatic),41,DSL,Yes,No,78.35,No,0.06,No,Low
3420-ZDBMA,Month-to-month,Mailed check,5,Fiber optic,No,No,71.45,No,0.22,No,Low
2212-LYASK,One year,Credit card (automatic),27,DSL,No,No,45.85,No,0.08,No,Low
1393-IMKZG,Month-to-month,Electronic check,1,Fiber optic,No,Yes,95.85,No,0.3,No,Medium
8069-RHUXK,Two year,Credit card (automatic),67,DSL,Yes,Yes,35.7,No,0.02,No,Low
3398-GCPMU,Two year,Credit card (automatic),72,DSL,Yes,Yes,89.55,No,0.0,No,Low
2908-WGAXL,Two year,Credit card (automatic),56,No,No internet service,No internet service,24.95,No,0.0,No,Low
3378-AJRAO,One year,Electronic check,44,No,No internet service,No internet service,24.85,No,0.01,No,Low
1013-QCWAM,Month-to-month,Electronic check,66,Fiber optic,No,No,100.8,No,0.27,No,Low
0866-QLSIR,One year,Mailed check,34,DSL,Yes,Yes,64.4,Yes,0.0,No,Low
6050-FFXES,Two year,Bank transfer (automatic),69,Fiber optic,No,Yes,105.35,No,0.04,No,Low
7181-BQYBV,Month-to-month,Electronic check,1,Fiber optic,Yes,No,102.45,Yes,0.77,Yes,Critical
0362-RAOQO,Two year,Credit card (automatic),40,No,No internet service,No internet service,19.65,No,0.0,No,Low
9554-DFKIC,Month-to-month,Bank transfer (automatic),30,DSL,Yes,No,54.45,No,0.06,No,Low
5527-ACHSO,Month-to-month,Mailed check,11,DSL,No,Yes,70.5,No,0.11,No,Low
0829-DDVLK,One year,Credit card (automatic),15,No,No internet service,No internet service,20.1,No,0.0,No,Low
1399-UBQIU,Month-to-month,Electronic check,11,DSL,No,No,69.35,No,0.17,No,Low
1813-JLKWR,One year,Bank transfer (automatic),64,No,No internet service,No internet service,19.8,No,0.04,No,Low
0336-PIKEI,Two year,Bank transfer (automatic),72,DSL,Yes,Yes,74.4,No,0.01,No,Low
7322-OCWHC,Two year,Bank transfer (automatic),72,Fiber optic,Yes,Yes,93.05,No,0.01,No,Low
9537-VHDTA,Month-to-month,Mailed check,1,DSL,Yes,No,51.2,No,0.23,No,Low
4957-TIALW,One year,Credit card (automatic),15,DSL,Yes,Yes,65.6,No,0.04,No,Low
2054-PJOCK,One year,Credit card (automatic),60,DSL,No,Yes,80.55,No,0.04,No,Low
9150-HEPMB,One year,Mailed check,56,DSL,Yes,No,52.7,No,0.0,No,Low
9030-QGZNL,Two year,Mailed check,8,No,No internet service,No internet service,20.85,No,0.0,No,Low
6204-IEUXJ,Month-to-month,Credit card (automatic),3,Fiber optic,No,Yes,80.1,Yes,0.82,Yes,Critical
3126-WQMGH,Month-to-month,Credit card (automatic),49,DSL,No,No,52.15,No,0.05,No,Low
4529-CKBCL,Month-to-month,Electronic check,2,Fiber optic,No,No,80.2,Yes,0.96,Yes,Critical
2506-CLAKW,Month-to-month,Bank transfer (automatic),6,Fiber optic,Yes,Yes,98.15,Yes,0.83,Yes,Critical
7176-WRTNX,Two year,Bank transfer (automatic),70,Fiber optic,Yes,Yes,114.95,No,0.06,No,Low
1583-IHQZE,Month-to-month,Mailed check,12,Fiber optic,No,Yes,112.95,Yes,0.82,Yes,Critical
5732-IKGQH,One year,Bank transfer (automatic),52,Fiber optic,Yes,Yes,104.45,No,0.1,No,Low
9239-GZHZE,Two year,Credit card (automatic),72,Fiber optic,Yes,Yes,113.65,No,0.0,No,Low
7205-BAIAD,Two year,Bank transfer (automatic),40,No,No internet service,No internet service,20.6,No,0.0,No,Low
0151-ONTOV,Month-to-month,Mailed check,1,Fiber optic,No,No,70.9,Yes,0.9608333333333333,Yes,Critical
4140-MUHUG,Month-to-month,Electronic check,3,Fiber optic,No,No,86.85,Yes,0.89,Yes,Critical
0093-EXYQL,Month-to-month,Electronic check,40,Fiber optic,No,No,91.55,No,0.11,No,Low
8064-RAVOH,Month-to-month,Electronic check,1,DSL,No,No,49.85,No,0.32,No,Medium
0219-QAERP,One year,Credit card (automatic),30,No,No internet service,No internet service,19.8,No,0.0,No,Low
0320-JDNQG,Month-to-month,Electronic check,23,Fiber optic,Yes,Yes,99.85,Yes,0.77,Yes,Critical
7180-PISOG,Month-to-month,Electronic check,1,Fiber optic,No,No,74.5,Yes,0.92,Yes,Critical
9168-INPSZ,Month-to-month,Electronic check,44,Fiber optic,No,Yes,104.15,No,0.13,No,Low
3571-RFHAR,Month-to-month,Electronic check,65,Fiber optic,No,Yes,109.15,Yes,0.65,Yes,High
0015-UOCOJ,Month-to-month,Electronic check,7,DSL,Yes,No,48.2,No,0.45,No,Medium
5334-AFQJB,Two year,Credit card (automatic),72,No,No internet service,No internet service,25.1,No,0.02,No,Low
2754-SDJRD,Month-to-month,Credit card (automatic),8,Fiber optic,No,Yes,100.15,No,0.69,Yes,High
9578-VRMNM,Month-to-month,Credit card (automatic),16,DSL,No,No,65.2,Yes,0.75,Yes,Critical
1587-FKLZB,Month-to-month,Credit card (automatic),66,Fiber optic,No,No,99.5,Yes,0.46,No,Medium
6140-QNRQQ,Month-to-month,Mailed check,1,Fiber optic,No,No,71.55,Yes,0.93,Yes,Critical
8963-JLGJT,Month-to-month,Mailed check,3,DSL,Yes,No,55.9,No,0.08,No,Low
4307-KTUMW,Month-to-month,Electronic check,53,Fiber optic,Yes,No,93.9,Yes,0.67,Yes,High
1465-LNTLJ,Month-to-month,Credit card (automatic),8,DSL,No,Yes,64.4,No,0.2,No,Low
5440-FLBQG,Two year,Bank transfer (automatic),69,Fiber optic,No,Yes,108.4,Yes,0.73,Yes,High
2135-DQWAQ,Month-to-month,Mailed check,5,Fiber optic,No,No,85.3,No,0.21,No,Low
4056-QHXHZ,Two year,Mailed check,72,Fiber optic,Yes,Yes,107.45,No,0.04,No,Low
7470-MCQTK,Month-to-month,Bank transfer (automatic),13,DSL,No,No,48.75,Yes,0.26,No,Low
7488-MXJIV,Month-to-month,Electronic check,4,Fiber optic,No,No,85.65,Yes,0.97,Yes,Critical
7401-JIXNM,Two year,Credit card (automatic),54,DSL,Yes,Yes,91.3,No,0.01,No,Low
9339-FIIJL,Two year,Bank transfer (automatic),72,DSL,No,Yes,85.95,No,0.0,No,Low
2027-FECZV,Month-to-month,Electronic check,12,Fiber optic,No,No,106.7,Yes,0.67,Yes,High
2672-DZUOY,Month-to-month,Electronic check,1,DSL,No,No,25.15,Yes,0.9,Yes,Critical
4706-DGAHW,Month-to-month,Electronic check,1,DSL,No,No,45.2,No,0.48,No,Medium
3870-MQAMG,One year,Electronic check,54,Fiber optic,No,Yes,110.35,Yes,0.68,Yes,High
6670-MFRPK,Two year,Credit card (automatic),69,Fiber optic,No,No,79.2,No,0.02,No,Low
6177-PEVRA,Two year,Credit card (automatic),48,DSL,Yes,No,55.5,No,0.0,No,Low
4800-CZMPC,One year,Credit card (automatic),48,Fiber optic,Yes,No,103.25,Yes,0.68,Yes,High
4813-HQMGZ,Month-to-month,Electronic check,8,Fiber optic,No,Yes,90.25,No,0.34,No,Medium
7579-KKLOE,Two year,Mailed check,71,DSL,Yes,Yes,91.25,No,0.0,No,Low
7377-DMMRI,Month-to-month,Electronic check,2,DSL,Yes,No,47.8,Yes,0.86,Yes,Critical
8402-EIVQS,One year,Credit card (automatic),67,Fiber optic,Yes,No,100.9,No,0.08,No,Low
4947-DSMXK,Month-to-month,Bank transfer (automatic),34,Fiber optic,No,No,97.7,No,0.34,No,Medium
7245-NIIWQ,Month-to-month,Electronic check,3,Fiber optic,No,No,69.85,No,0.16,No,Low
0002-ORFBO,One year,Mailed check,9,DSL,No,Yes,65.6,No,0.07,No,Low
3324-OIRTO,One year,Bank transfer (automatic),71,Fiber optic,Yes,No,104.65,No,0.12,No,Low
5414-OFQCB,Two year,Credit card (automatic),57,Fiber optic,No,Yes,90.45,No,0.02,No,Low
4967-WPNCF,Two year,Bank transfer (automatic),72,DSL,Yes,Yes,63.7,No,0.0,No,Low
8552-OBVRU,Month-to-month,Electronic check,48,Fiber optic,Yes,Yes,104.5,No,0.1,No,Low
8499-BRXTD,One year,Mailed check,18,No,No internet service,No internet service,20.1,No,0.0,No,Low
9154-QDGTH,One year,Credit card (automatic),43,Fiber optic,No,Yes,104.3,No,0.09,No,Low
8197-BFWVU,Two year,Bank transfer (automatic),72,DSL,Yes,Yes,93.25,No,0.0,No,Low
2577-GVSIL,One year,Bank transfer (automatic),35,DSL,No,Yes,73.45,No,0.06,No,Low
9367-OIUXP,Month-to-month,Mailed check,4,No,No internet service,No internet service,20.7,No,0.02,No,Low
6770-UAYGJ,Two year,Mailed check,49,No,No internet service,No internet service,25.25,No,0.0,No,Low
6463-HHXJR,Two year,Bank transfer (automatic),71,Fiber optic,Yes,No,100.5,No,0.02,No,Low
7928-VJYAB,Month-to-month,Electronic check,11,Fiber optic,No,No,90.6,No,0.67,Yes,High
1187-WILMM,Two year,Credit card (automatic),63,DSL,Yes,Yes,89.4,No,0.0,No,Low
9776-OJUZI,Month-to-month,Bank transfer (automatic),65,Fiber optic,No,No,95.45,No,0.14,No,Low
1306-RPWXZ,Two year,Credit card (automatic),49,No,No internet service,No internet service,20.45,No,0.0,No,Low
8949-JTMAY,Month-to-month,Credit card (automatic),29,Fiber optic,No,No,98.6,Yes,0.85,Yes,Critical
2774-LVQUS,Month-to-month,Electronic check,15,Fiber optic,No,Yes,83.05,Yes,0.82,Yes,Critical
3097-PYWXL,Month-to-month,Electronic check,4,No,No internet service,No internet service,19.95,No,0.08,No,Low
2266-SJNAT,One year,Credit card (automatic),72,Fiber optic,No,Yes,109.15,No,0.13,No,Low
0869-PAPRP,Month-to-month,Credit card (automatic),26,Fiber optic,No,No,85.7,No,0.14,No,Low
4238-JSSWH,Month-to-month,Bank transfer (automatic),35,Fiber optic,No,No,102.05,No,0.27,No,Low
2972-YDYUW,One year,Electronic check,57,Fiber optic,No,Yes,94.7,No,0.21,No,Low
1104-FEJAM,Month-to-month,Electronic check,28,DSL,No,No,64.4,No,0.05,No,Low
2809-ILCYT,One year,Mailed check,25,No,No internet service,No internet service,26.8,No,0.0,No,Low
5499-ECUTN,One year,Credit card (automatic),47,DSL,Yes,No,66.05,No,0.0,No,Low
4981-FLTMF,Month-to-month,Bank transfer (automatic),57,DSL,Yes,Yes,65.2,No,0.07,No,Low
9121-PHQSR,Month-to-month,Credit card (automatic),16,Fiber optic,No,No,85.05,No,0.22,No,Low
3113-IWHLC,Month-to-month,Mailed check,5,DSL,Yes,No,55.8,No,0.09,No,Low
3211-ILJTT,Month-to-month,Bank transfer (automatic),17,Fiber optic,No,No,70.4,Yes,0.86,Yes,Critical
4612-THJBS,One year,Bank transfer (automatic),56,Fiber optic,No,No,104.75,Yes,0.81,Yes,Critical
4277-BWBML,Two year,Bank transfer (automatic),72,No,No internet service,No internet service,19.95,No,0.0,No,Low
4094-NSEDU,Month-to-month,Electronic check,21,Fiber optic,No,No,94.25,Yes,0.81,Yes,Critical
0234-TEVTT,One year,Credit card (automatic),48,DSL,Yes,No,45.0,No,0.0,No,Low
4304-TSPVK,Two year,Bank transfer (automatic),68,Fiber optic,Yes,Yes,114.9,No,0.04,No,Low
1552-AAGRX,Month-to-month,Bank transfer (automatic),30,Fiber optic,Yes,Yes,106.4,No,0.25,No,Low
2637-FKFSY,Month-to-month,Mailed check,3,DSL,No,No,46.1,No,0.17,No,Low
9796-MVYXX,Two year,Mailed check,14,DSL,Yes,Yes,39.7,No,0.03,No,Low
7874-ECPQJ,Month-to-month,Bank transfer (automatic),4,No,No internet service,No internet service,20.05,No,0.04,No,Low
0020-INWCK,Two year,Credit card (automatic),71,Fiber optic,No,No,95.75,No,0.05,No,Low
7089-RKVSZ,One year,Mailed check,8,No,No internet service,No internet service,24.4,No,0.01,No,Low
2683-JXWQQ,Month-to-month,Bank transfer (automatic),61,DSL,Yes,No,33.6,No,0.08,No,Low
9548-ZMVTX,Two year,Bank transfer (automatic),72,Fiber optic,No,Yes,90.45,No,0.04,No,Low
8739-XNIKG,Month-to-month,Electronic check,5,Fiber optic,No,No,84.0,No,0.83,Yes,Critical
9755-JHNMN,Two year,Bank transfer (automatic),49,DSL,Yes,Yes,67.4,No,0.02,No,Low
3981-QSVQI,Month-to-month,Bank transfer (automatic),8,No,No internet service,No internet service,19.7,No,0.02,No,Low
2789-HQBOU,Month-to-month,Electronic check,3,Fiber optic,No,No,80.35,No,0.32,No,Medium
9424-CMPOG,Two year,Mailed check,9,No,No internet service,No internet service,19.6,No,0.0,No,Low
5067-WJEUN,Two year,Bank transfer (automatic),67,DSL,Yes,No,54.2,No,0.0,No,Low
3450-WXOAT,Month-to-month,Credit card (automatic),46,DSL,No,No,45.2,No,0.02,No,Low
9251-WNSOD,One year,Mailed check,67,DSL,Yes,No,75.1,No,0.05,No,Low
6974-DAFLI,One year,Electronic check,55,No,No internet service,No internet service,19.7,No,0.02,No,Low
2616-UUTFK,Month-to-month,Bank transfer (automatic),33,DSL,Yes,No,72.75,No,0.04,No,Low
7064-JHXCE,Two year,Credit card (automatic),62,No,No internet service,No internet service,20.05,No,0.0,No,Low
5103-MHMHY,Month-to-month,Mailed check,1,DSL,No,No,45.95,Yes,0.37,No,Medium
7989-AWGEH,Month-to-month,Electronic check,49,DSL,Yes,No,39.2,No,0.02,No,Low
4373-VVHQL,Month-to-month,Electronic check,1,DSL,No,No,44.75,No,0.1,No,Low
4559-UWIHT,Month-to-month,Electronic check,14,Fiber optic,No,No,82.65,No,0.28,No,Low
7268-IGMFD,Month-to-month,Bank transfer (automatic),18,Fiber optic,No,Yes,93.9,No,0.05,No,Low
1846-XWOQN,Month-to-month,Electronic check,1,Fiber optic,No,No,70.15,Yes,0.82,Yes,Critical
0235-KGSLC,Month-to-month,Credit card (automatic),1,Fiber optic,No,No,85.55,Yes,0.79,Yes,Critical
6650-BWFRT,Two year,Credit card (automatic),72,Fiber optic,Yes,Yes,117.15,No,0.0,No,Low
9570-KYEUA,Two year,Credit card (automatic),64,Fiber optic,Yes,Yes,99.25,No,0.06,No,Low
6993-YGFJV,Two year,Bank transfer (automatic),69,Fiber optic,Yes,Yes,112.55,No,0.05,No,Low
2712-SYWAY,Month-to-month,Electronic check,1,No,No internet service,No internet service,25.7,No,0.06,No,Low
0730-BGQGF,Two year,Credit card (automatic),71,DSL,Yes,Yes,90.3,No,0.0,No,Low
5498-IBWPI,One year,Credit card (automatic),66,DSL,No,Yes,49.4,No,0.19,No,Low
9101-NTIXF,Month-to-month,Mailed check,2,No,No internet service,No internet service,19.4,No,0.0,No,Low
0013-SMEOE,Two year,Bank transfer (automatic),71,Fiber optic,Yes,Yes,109.7,No,0.02,No,Low
9314-QDMDW,One year,Electronic check,11,DSL,No,No,61.25,No,0.07,No,Low
9308-ANMVE,Month-to-month,Electronic check,47,DSL,Yes,No,55.3,No,0.17,No,Low
2884-GBPFB,Month-to-month,Electronic check,35,Fiber optic,No,No,70.3,Yes,0.77,Yes,Critical
3757-NJYBX,Month-to-month,Bank transfer (automatic),32,Fiber optic,No,No,106.35,Yes,0.79,Yes,Critical
3413-DHLPB,Month-to-month,Bank transfer (automatic),60,Fiber optic,No,Yes,103.75,No,0.07,No,Low
7649-PHJVR,One year,Mailed check,11,No,No internet service,No internet service,19.5,No,0.0,No,Low
6114-TCFID,One year,Credit card (automatic),29,DSL,Yes,Yes,39.5,No,0.02,No,Low
3787-TRIAL,Month-to-month,Electronic check,21,DSL,No,No,26.05,No,0.29,No,Low
2573-GYRUU,Month-to-month,Credit card (automatic),48,Fiber optic,No,No,91.05,No,0.2,No,Low
5156-UMKOW,Month-to-month,Mailed check,3,DSL,No,No,29.65,No,0.1,No,Low
1247-QBVSH,Month-to-month,Mailed check,43,DSL,No,No,50.2,No,0.09,No,Low
6734-GMPVK,Month-to-month,Electronic check,5,Fiber optic,No,No,105.3,No,0.15,No,Low
9822-OAOVB,Month-to-month,Electronic check,1,DSL,No,No,55.45,No,0.33,No,Medium
6161-ERDGD,One year,Electronic check,71,DSL,Yes,Yes,85.45,No,0.05,No,Low
1226-JZNKR,One year,Electronic check,8,No,No internet service,No internet service,19.8,No,0.07,No,Low
7318-EIVKO,Month-to-month,Electronic check,8,DSL,No,No,59.25,No,0.12,No,Low
3771-PZOBW,Month-to-month,Credit card (automatic),20,Fiber optic,No,No,90.7,No,0.18,No,Low
5136-KCKGI,One year,Mailed check,33,Fiber optic,Yes,No,103.7,Yes,0.68,Yes,High
8231-BSWXX,One year,Credit card (automatic),71,Fiber optic,No,No,79.05,No,0.03,No,Low
6486-LHTMA,One year,Electronic check,31,Fiber optic,No,No,90.7,No,0.12,No,Low
4083-BFNYK,One year,Credit card (automatic),38,Fiber optic,Yes,No,95.0,No,0.07,No,Low
3722-WPXTK,Month-to-month,Electronic check,1,Fiber optic,No,No,88.35,Yes,0.8,Yes,Critical
7389-KBFIT,Month-to-month,Mailed check,2,DSL,No,No,30.25,No,0.14,No,Low
7176-WIONM,Month-to-month,Bank transfer (automatic),12,DSL,No,No,49.85,No,0.17,No,Low
5141-ZUVBH,Month-to-month,Bank transfer (automatic),9,Fiber optic,Yes,Yes,93.0,No,0.21,No,Low
1089-HDMKP,Month-to-month,Electronic check,11,DSL,No,Yes,54.55,No,0.08,No,Low
7623-HKYRK,Month-to-month,Mailed check,6,No,No internet service,No internet service,19.7,No,0.0,No,Low
0310-SUCIN,One year,Bank transfer (automatic),71,DSL,Yes,Yes,84.8,No,0.04,No,Low
5197-PYEPU,One year,Credit card (automatic),42,Fiber optic,Yes,No,94.45,No,0.08,No,Low
2929-ERCFZ,Month-to-month,Electronic check,8,Fiber optic,No,No,94.2,Yes,0.79,Yes,Critical
7548-SEPYI,Month-to-month,Electronic check,5,Fiber optic,No,No,96.25,Yes,0.96,Yes,Critical
8835-VSDSE,Month-to-month,Electronic check,2,Fiber optic,No,No,70.7,Yes,0.7,Yes,High
6619-RPLQZ,Two year,Mailed check,45,No,No internet service,No internet service,20.85,No,0.0,No,Low
3275-RHRNE,One year,Credit card (automatic),28,DSL,No,Yes,60.0,No,0.03,No,Low
3503-TYDAY,Month-to-month,Electronic check,43,Fiber optic,No,No,80.45,No,0.09,No,Low
6901-GOGZG,Two year,Electronic check,60,DSL,Yes,Yes,84.95,No,0.02,No,Low
1623-NLDOT,One year,Mailed check,42,DSL,No,Yes,33.55,Yes,0.65,Yes,High
7021-XSNYE,Two year,Credit card (automatic),7,DSL,Yes,Yes,49.65,No,0.02,No,Low
9621-OUPYD,One year,Bank transfer (automatic),25,No,No internet service,No internet service,20.2,No,0.01,No,Low
9898-KZQDZ,Month-to-month,Credit card (automatic),40,Fiber optic,No,No,94.55,Yes,0.69,Yes,High
8982-NHAVY,One year,Bank transfer (automatic),27,Fiber optic,No,No,100.5,No,0.17,No,Low
4307-KWMXE,Month-to-month,Electronic check,10,DSL,No,Yes,35.75,No,0.05,No,Low
0141-YEAYS,Month-to-month,Bank transfer (automatic),27,Fiber optic,No,No,86.45,No,0.27,No,Low
2450-ZKEED,One year,Bank transfer (automatic),11,DSL,No,Yes,53.8,No,0.07,No,Low
3694-DELSO,Month-to-month,Credit card (automatic),4,DSL,Yes,No,38.55,No,0.23,No,Low
3893-JRNFS,Month-to-month,Bank transfer (automatic),68,DSL,No,No,39.9,No,0.25,No,Low
9603-OAIHC,Month-to-month,Electronic check,1,Fiber optic,No,No,70.05,No,0.35,No,Medium
1133-KXCGE,One year,Mailed check,18,No,No internet service,No internet service,20.1,No,0.01,No,Low
5236-PERKL,Two year,Bank transfer (automatic),57,Fiber optic,Yes,No,112.95,Yes,0.26,No,Low
0142-GVYSN,Month-to-month,Electronic check,26,No,No internet service,No internet service,20.3,No,0.0,No,Low
1049-FYSYG,Month-to-month,Credit card (automatic),17,DSL,No,No,35.65,No,0.15,No,Low
7854-FOKSF,Month-to-month,Electronic check,1,DSL,No,No,35.9,Yes,0.91,Yes,Critical
2519-FAKOD,Month-to-month,Bank transfer (automatic),38,Fiber optic,No,No,99.25,Yes,0.82,Yes,Critical
8406-LNMHF,One year,Credit card (automatic),59,Fiber optic,Yes,No,82.95,No,0.06,No,Low
1821-BUCWY,Two year,Mailed check,30,DSL,Yes,No,55.65,No,0.01,No,Low
8263-JQAIK,Month-to-month,Mailed check,2,DSL,No,No,24.45,Yes,0.91,Yes,Critical
0023-UYUPN,One year,Electronic check,50,No,No internet service,No internet service,25.2,No,0.02,No,Low
8314-DPQHL,One year,Mailed check,9,DSL,Yes,Yes,50.8,No,0.05,No,Low
1465-WCZVT,Month-to-month,Mailed check,3,No,No internet service,No internet service,19.65,No,0.04,No,Low
9481-SFCQY,Month-to-month,Credit card (automatic),14,DSL,No,No,59.8,No,0.18,No,Low
6360-SVNWV,Month-to-month,Credit card (automatic),31,Fiber optic,Yes,No,73.55,No,0.17,No,Low
0567-GGCAC,Month-to-month,Electronic check,7,DSL,Yes,No,61.4,No,0.2,No,Low
7089-IVVAZ,Month-to-month,Bank transfer (automatic),8,Fiber optic,Yes,Yes,103.35,Yes,0.89,Yes,Critical
8884-MRNSU,One year,Bank transfer (automatic),17,No,No internet service,No internet service,19.9,No,0.0,No,Low
2171-UDMFD,Month-to-month,Credit card (automatic),32,No,No internet service,No internet service,19.45,No,0.14,No,Low
9050-IKDZA,Month-to-month,Mailed check,2,Fiber optic,No,No,81.5,No,0.24333333333333335,No,Low
2205-YMZZJ,Month-to-month,Electronic check,7,Fiber optic,No,No,84.8,Yes,0.96,Yes,Critical
9802-CAQUT,Two year,Credit card (automatic),72,Fiber optic,Yes,No,109.55,No,0.01,No,Low
1254-IZEYF,Month-to-month,Electronic check,31,Fiber optic,No,No,99.95,Yes,0.8,Yes,Critical
0187-WZNAB,Month-to-month,Mailed check,27,Fiber optic,Yes,No,74.4,No,0.07,No,Low
9492-TOKRI,Month-to-month,Credit card (automatic),18,Fiber optic,No,No,90.0,Yes,0.82,Yes,Critical
1475-VWVDO,Month-to-month,Electronic check,7,Fiber optic,No,No,74.9,No,0.25,No,Low
9221-OTIVJ,Month-to-month,Electronic check,14,Fiber optic,No,No,104.85,Yes,0.7,Yes,High
1357-MVDOZ,Month-to-month,Bank transfer (automatic),11,DSL,No,No,59.65,No,0.04,No,Low
7602-MVRMB,Two year,Bank transfer (automatic),72,Fiber optic,Yes,Yes,110.45,No,0.02,No,Low
3325-FUYCG,One year,Electronic check,28,Fiber optic,Yes,No,106.1,Yes,0.09,No,Low
5908-QMGOE,Month-to-month,Credit card (automatic),15,Fiber optic,No,No,74.2,Yes,0.64,Yes,High
1197-BVMVG,Month-to-month,Electronic check,4,Fiber optic,No,No,74.45,No,0.29,No,Low
5406-KGRMX,Two year,Electronic check,71,No,No internet service,No internet service,24.55,No,0.01,No,Low
8481-YYXWG,Month-to-month,Electronic check,5,Fiber optic,No,Yes,89.35,Yes,0.81,Yes,Critical
5968-HYJRZ,Two year,Mailed check,47,No,No internet service,No internet service,24.55,No,0.0,No,Low
5198-EFNBM,One year,Electronic check,57,Fiber optic,No,No,90.65,No,0.1,No,Low
7516-GMHUV,Two year,Credit card (automatic),50,Fiber optic,Yes,No,105.05,No,0.16,No,Low
7140-ADSMJ,Month-to-month,Credit card (automatic),8,No,No internet service,No internet service,20.45,No,0.01,No,Low
2230-XTUWL,Two year,Mailed check,48,No,No internet service,No internet service,19.55,No,0.0,No,Low
7706-YLMQA,One year,Bank transfer (automatic),70,No,No internet service,No internet service,19.7,No,0.01,No,Low
2585-KTFRE,Month-to-month,Bank transfer (automatic),1,DSL,Yes,Yes,70.45,No,0.13,No,Low
7994-UYIVZ,Month-to-month,Bank transfer (automatic),8,Fiber optic,No,No,85.65,No,0.35,No,Medium
2609-IAICY,Month-to-month,Electronic check,1,Fiber optic,No,No,77.15,Yes,0.92,Yes,Critical
1740-CSDJP,Month-to-month,Bank transfer (automatic),1,DSL,No,No,35.25,Yes,0.89,Yes,Critical
7717-BICXI,Two year,Mailed check,60,No,No internet service,No internet service,20.55,No,0.0,No,Low
6559-RAKOZ,One year,Electronic check,49,Fiber optic,No,Yes,97.95,No,0.4,No,Medium
2636-OHFMN,Month-to-month,Electronic check,4,DSL,No,No,48.55,Yes,0.83,Yes,Critical
4716-MRVEN,One year,Mailed check,29,No,No internet service,No internet service,20.0,No,0.0,No,Low
2143-LJULT,Two year,Credit card (automatic),67,No,No internet service,No internet service,25.25,No,0.01,No,Low
1323-OOEPC,Month-to-month,Credit card (automatic),53,Fiber optic,No,No,98.4,Yes,0.81,Yes,Critical
3200-MNQTF,Two year,Credit card (automatic),67,DSL,Yes,Yes,70.9,No,0.05,No,Low
6164-HXUGH,Month-to-month,Mailed check,6,No,No internet service,No internet service,19.85,No,0.08,No,Low
5630-IXDXV,Month-to-month,Electronic check,47,Fiber optic,No,No,106.35,No,0.34,No,Medium
0320-DWVTU,Two year,Mailed check,53,Fiber optic,Yes,Yes,99.5,No,0.03,No,Low
9135-MGVPY,Two year,Mailed check,69,DSL,Yes,Yes,84.7,No,0.0,No,Low
1212-GLHMD,Month-to-month,Mailed check,3,Fiber optic,Yes,No,86.05,No,0.19,No,Low
7878-JGDKK,Month-to-month,Mailed check,4,DSL,No,No,44.55,No,0.1,No,Low
1088-AUUZZ,Two year,Credit card (automatic),56,DSL,Yes,Yes,75.85,No,0.0,No,Low
0397-GZBBC,Month-to-month,Bank transfer (automatic),59,Fiber optic,No,No,93.85,Yes,0.74,Yes,High
6614-YWYSC,Two year,Bank transfer (automatic),61,No,No internet service,No internet service,25.0,No,0.0,No,Low
9588-OZDMQ,Month-to-month,Electronic check,2,DSL,No,No,45.0,No,0.22,No,Low
7641-EUYET,Month-to-month,Electronic check,46,Fiber optic,Yes,No,100.7,Yes,0.75,Yes,Critical
6476-EPYZR,Month-to-month,Mailed check,12,No,No internet service,No internet service,20.5,No,0.0,No,Low
9921-ZVRHG,Month-to-month,Electronic check,14,Fiber optic,No,No,80.45,Yes,0.82,Yes,Critical
1174-FGIFN,One year,Electronic check,28,Fiber optic,No,Yes,90.45,No,0.31,No,Medium
6620-HVDUJ,Month-to-month,Bank transfer (automatic),24,DSL,Yes,Yes,60.45,No,0.01,No,Low
4701-MLJPN,Month-to-month,Electronic check,31,DSL,No,Yes,55.25,Yes,0.1,No,Low
1032-MAELW,One year,Electronic check,68,DSL,Yes,Yes,78.45,No,0.03,No,Low
7641-TQFHN,Two year,Mailed check,39,Fiber optic,No,Yes,100.55,No,0.11,No,Low
1552-TKMXS,Month-to-month,Credit card (automatic),42,No,No internet service,No internet service,20.35,No,0.05,No,Low
9206-GVPEQ,Month-to-month,Electronic check,13,DSL,Yes,Yes,54.45,Yes,0.75,Yes,Critical
8622-ZLFKO,Month-to-month,Electronic check,6,Fiber optic,No,No,90.75,No,0.81,Yes,Critical
1596-BBVTG,Month-to-month,Credit card (automatic),35,Fiber optic,No,No,75.35,Yes,0.78,Yes,Critical
6188-UXBBR,One year,Credit card (automatic),38,No,No internet service,No internet service,20.25,No,0.0,No,Low
2333-KWEWW,Two year,Credit card (automatic),18,No,No internet service,No internet service,20.05,No,0.0,No,Low
5702-SKUOB,Month-to-month,Mailed check,4,No,No internet service,No internet service,19.6,No,0.1,No,Low
1134-YWTYF,Month-to-month,Electronic check,27,DSL,No,Yes,53.8,No,0.09,No,Low
6061-GWWAV,One year,Mailed check,41,DSL,Yes,No,70.2,No,0.06,No,Low
0679-TDGAK,One year,Electronic check,50,DSL,Yes,Yes,75.5,No,0.09,No,Low
6585-WCEWR,Two year,Electronic check,72,No,No internet service,No internet service,20.35,No,0.01,No,Low
9067-YGSCA,One year,Credit card (automatic),70,No,No internet service,No internet service,26.05,No,0.03,No,Low
9067-SQTNS,One year,Bank transfer (automatic),44,No,No internet service,No internet service,20.6,No,0.0,No,Low
8433-WXGNA,Month-to-month,Electronic check,2,Fiber optic,Yes,No,75.7,Yes,0.84,Yes,Critical
1776-SPBWV,One year,Bank transfer (automatic),34,No,No internet service,No internet service,20.1,No,0.01,No,Low
8735-SDUFN,Two year,Bank transfer (automatic),72,No,No internet service,No internet service,24.3,No,0.0,No,Low
9668-PUGNU,Two year,Electronic check,71,No,No internet service,No internet service,24.5,No,0.02,No,Low
9405-GPBBG,Two year,Credit card (automatic),64,Fiber optic,No,Yes,110.5,No,0.05,No,Low
1926-QUZNN,Two year,Bank transfer (automatic),72,No,No internet service,No internet service,25.25,No,0.0,No,Low
3707-GNWHM,Month-to-month,Mailed check,1,Fiber optic,No,No,74.25,Yes,0.87,Yes,Critical
7016-NVRIC,One year,Bank transfer (automatic),29,Fiber optic,Yes,No,90.1,No,0.01,No,Low
5829-NVSQN,One year,Bank transfer (automatic),23,DSL,Yes,Yes,68.75,No,0.03,No,Low
9565-AXSMR,Two year,Mailed check,52,No,No internet service,No internet service,19.2,No,0.01,No,Low
8922-LIEGH,Month-to-month,Electronic check,25,Fiber optic,No,No,89.7,Yes,0.95,Yes,Critical
8869-LIHMK,Two year,Bank transfer (automatic),64,Fiber optic,Yes,Yes,115.1,No,0.03,No,Low
8245-UMPYT,Month-to-month,Electronic check,16,Fiber optic,No,No,96.4,Yes,0.73,Yes,High
5186-SAMNZ,Month-to-month,Bank transfer (automatic),1,Fiber optic,No,No,69.5,Yes,0.77,Yes,Critical
0447-RXSGD,Month-to-month,Bank transfer (automatic),24,Fiber optic,No,No,99.65,No,0.23,No,Low
4927-WWOOZ,Month-to-month,Electronic check,2,Fiber optic,No,No,91.45,No,0.79,Yes,Critical
5788-YPOEG,Two year,Mailed check,34,DSL,Yes,Yes,84.75,No,0.01,No,Low
5373-SFODM,Month-to-month,Credit card (automatic),36,Fiber optic,No,No,85.25,Yes,0.61,Yes,High
0661-KBKPA,One year,Mailed check,53,DSL,No,Yes,78.75,No,0.09,No,Low
9081-WWXKP,Two year,Credit card (automatic),47,No,No internet service,No internet service,20.25,No,0.0,No,Low
0784-ZQJZX,Two year,Credit card (automatic),72,No,No internet service,No internet service,19.9,No,0.0,No,Low
3133-PZNSR,Two year,Credit card (automatic),72,Fiber optic,Yes,Yes,97.75,No,0.03,No,Low
5766-ZJYBB,Month-to-month,Mailed check,1,No,No internet service,No internet service,19.4,Yes,0.12699999999999997,No,Low
8931-GJJIQ,Month-to-month,Electronic check,9,Fiber optic,No,No,83.3,Yes,0.95,Yes,Critical
4277-PVRAN,Month-to-month,Bank transfer (automatic),8,Fiber optic,No,No,80.1,Yes,0.71,Yes,High
0022-TCJCI,One year,Credit card (automatic),45,DSL,Yes,No,62.7,Yes,0.76,Yes,Critical
0722-SVSFK,Month-to-month,Electronic check,7,Fiber optic,No,Yes,100.4,No,0.28,No,Low
3612-YVGSJ,Two year,Credit card (automatic),71,No,No internet service,No internet service,24.45,No,0.0,No,Low
9825-YCXWZ,One year,Bank transfer (automatic),41,Fiber optic,No,Yes,101.1,No,0.05,No,Low
5397-NSKQG,Two year,Credit card (automatic),67,DSL,Yes,No,50.9,No,0.03,No,Low
8565-HBFNN,One year,Credit card (automatic),69,Fiber optic,Yes,Yes,107.2,No,0.04,No,Low
2000-DHJUY,Two year,Bank transfer (automatic),70,DSL,Yes,Yes,92.2,No,0.01,No,Low
0203-HHYIJ,One year,Bank transfer (automatic),25,No,No internet service,No internet service,25.3,Yes,0.56,Yes,High
8670-ERCJH,Two year,Bank transfer (automatic),72,Fiber optic,Yes,Yes,113.4,No,0.03,No,Low
7758-UJWYS,Two year,Electronic check,34,DSL,No,Yes,40.55,No,0.04,No,Low
2050-ONYDQ,Two year,Credit card (automatic),65,No,No internet service,No internet service,26.0,No,0.0,No,Low
7055-JCGNI,Two year,Credit card (automatic),70,Fiber optic,Yes,Yes,111.95,No,0.01,No,Low
0739-UUAJR,Two year,Credit card (automatic),72,DSL,Yes,No,53.8,No,0.01,No,Low
4826-DXMUP,One year,Mailed check,35,DSL,No,Yes,72.1,No,0.16,No,Low
0952-KMEEH,Month-to-month,Mailed check,13,Fiber optic,Yes,No,98.15,Yes,0.59,Yes,High
7285-KLOTR,One year,Electronic check,12,DSL,Yes,No,78.85,No,0.08,No,Low
0654-PQKDW,One year,Bank transfer (automatic),62,DSL,Yes,Yes,70.75,No,0.0,No,Low
7175-NTIXE,Month-to-month,Credit card (automatic),25,DSL,Yes,Yes,76.15,No,0.03,No,Low
7963-SHNDT,Two year,Mailed check,52,DSL,Yes,Yes,39.1,No,0.0,No,Low
9796-BPKIW,Month-to-month,Credit card (automatic),8,Fiber optic,No,No,69.95,No,0.16,No,Low
0188-GWFLE,Month-to-month,Mailed check,2,No,No internet service,No internet service,20.05,No,0.06,No,Low
8129-GMVGI,Two year,Mailed check,56,No,No internet service,No internet service,20.05,No,0.0,No,Low
2882-DDZPG,Month-to-month,Bank transfer (automatic),12,No,No internet service,No internet service,19.45,No,0.15,No,Low
3547-LQRIK,One year,Electronic check,47,No,No internet service,No internet service,26.9,No,0.0,No,Low
9137-NOQKA,Month-to-month,Electronic check,2,No,No internet service,No internet service,19.2,No,0.16,No,Low
5843-TTHGI,Month-to-month,Mailed check,18,DSL,No,No,50.0,No,0.04,No,Low
1849-RJYIG,Month-to-month,Electronic check,8,DSL,Yes,No,60.0,No,0.14,No,Low
8868-GAGIO,Month-to-month,Mailed check,45,Fiber optic,Yes,No,84.55,No,0.1,No,Low
4061-UKJWL,Month-to-month,Mailed check,3,DSL,No,No,45.45,No,0.25,No,Low
5380-XPJNZ,One year,Mailed check,38,No,No internet service,No internet service,20.05,No,0.01,No,Low
8263-QMNTJ,Two year,Electronic check,72,Fiber optic,Yes,Yes,115.55,No,0.01,No,Low
8178-EYZUO,Month-to-month,Electronic check,46,Fiber optic,Yes,No,93.7,Yes,0.76,Yes,Critical
3230-JCNZS,Two year,Credit card (automatic),71,Fiber optic,Yes,No,99.0,No,0.0,No,Low
0277-ORXQS,Two year,Bank transfer (automatic),66,DSL,No,Yes,50.55,No,0.0,No,Low
5130-IEKQT,Month-to-month,Mailed check,25,Fiber optic,No,No,105.95,Yes,0.89,Yes,Critical
3230-WYKIR,One year,Credit card (automatic),18,DSL,No,Yes,82.0,Yes,0.73,Yes,High
7996-BPXHY,Two year,Bank transfer (automatic),13,No,No internet service,No internet service,25.0,No,0.01,No,Low
3227-WLKLI,Two year,Bank transfer (automatic),65,DSL,Yes,Yes,91.55,No,0.0,No,Low
0407-BDJKB,Month-to-month,Electronic check,60,Fiber optic,No,No,95.75,Yes,0.82,Yes,Critical
2266-FUBDZ,Two year,Mailed check,15,No,No internet service,No internet service,19.35,No,0.0,No,Low
8237-ULIXL,Two year,Credit card (automatic),72,No,No internet service,No internet service,24.85,No,0.0,No,Low
9600-UDOPK,Month-to-month,Credit card (automatic),30,Fiber optic,No,No,94.05,Yes,0.82,Yes,Critical
8216-AZUUZ,Two year,Electronic check,42,Fiber optic,No,Yes,100.4,No,0.06,No,Low
9153-BTBVV,Two year,Bank transfer (automatic),71,No,No internet service,No internet service,25.0,No,0.0,No,Low
4074-SJFFA,Month-to-month,Mailed check,1,DSL,No,No,54.75,Yes,0.89,Yes,Critical
3269-ATYWD,Month-to-month,Bank transfer (automatic),39,Fiber optic,No,No,95.65,Yes,0.72,Yes,High
5186-PEIZU,Month-to-month,Bank transfer (automatic),35,No,No internet service,No internet service,19.25,No,0.07,No,Low
1074-AMIOH,Month-to-month,Bank transfer (automatic),53,Fiber optic,No,Yes,108.25,No,0.29,No,Low
4910-GMJOT,Month-to-month,Electronic check,1,Fiber optic,No,No,94.6,Yes,1.0,Yes,Critical
0354-WYROK,Month-to-month,Electronic check,31,Fiber optic,No,Yes,98.9,Yes,0.79,Yes,Critical
4361-FEBGN,Two year,Credit card (automatic),48,No,No internet service,No internet service,20.15,No,0.0,No,Low
7748-UMTRK,Month-to-month,Electronic check,30,Fiber optic,No,Yes,101.3,No,0.74,Yes,High
0380-ZCSBI,Month-to-month,Credit card (automatic),10,No,No internet service,No internet service,20.0,No,0.05,No,Low
7145-FEJWU,Month-to-month,Electronic check,12,Fiber optic,No,No,105.3,No,0.18,No,Low
6463-MVYRY,Two year,Bank transfer (automatic),57,DSL,Yes,Yes,69.85,No,0.02,No,Low
3969-JQABI,Month-to-month,Credit card (automatic),58,DSL,Yes,No,65.25,No,0.08,No,Low
9624-EGDEQ,Two year,Mailed check,37,No,No internet service,No internet service,19.8,No,0.0,No,Low
1051-EQPZR,Month-to-month,Mailed check,44,No,No internet service,No internet service,19.6,No,0.0,No,Low
5849-ASHZJ,One year,Credit card (automatic),27,No,No internet service,No internet service,20.05,No,0.0,No,Low
5780-INQIK,Month-to-month,Electronic check,8,DSL,No,Yes,49.4,No,0.23,No,Low
7576-OYWBN,Month-to-month,Electronic check,3,Fiber optic,No,No,76.05,Yes,0.96,Yes,Critical
4526-ZJJTM,Month-to-month,Bank transfer (automatic),25,Fiber optic,No,No,88.4,No,0.31,No,Medium
8384-FZBJK,Month-to-month,Electronic check,57,Fiber optic,No,No,100.6,No,0.08,No,Low
3750-RNQKR,Month-to-month,Mailed check,12,No,No internet service,No internet service,19.45,No,0.0,No,Low
0962-CQPWQ,Two year,Bank transfer (automatic),62,No,No internet service,No internet service,20.3,No,0.0,No,Low
3096-YXENJ,Two year,Bank transfer (automatic),65,Fiber optic,No,Yes,107.65,No,0.04,No,Low
1265-BCFEO,Two year,Bank transfer (automatic),71,DSL,No,Yes,80.45,No,0.02,No,Low
5837-LXSDN,One year,Credit card (automatic),21,DSL,No,No,58.85,No,0.06,No,Low
5945-AZYHT,One year,Electronic check,71,Fiber optic,Yes,No,109.6,No,0.06,No,Low
8325-QRPZR,Month-to-month,Electronic check,7,Fiber optic,No,No,75.15,No,0.26,No,Low
6384-VMJHP,Two year,Credit card (automatic),72,DSL,Yes,Yes,73.0,No,0.02,No,Low
2262-SLNVK,Month-to-month,Electronic check,1,Fiber optic,No,No,70.1,No,0.37,No,Medium
7730-CLDSV,Two year,Bank transfer (automatic),72,Fiber optic,No,Yes,98.65,No,0.0,No,Low
1135-HIORI,One year,Electronic check,64,Fiber optic,No,Yes,111.45,No,0.07,No,Low
0164-APGRB,Two year,Electronic check,72,Fiber optic,Yes,Yes,114.9,No,0.02,No,Low
6481-ESCNL,Month-to-month,Bank transfer (automatic),29,Fiber optic,No,No,100.55,No,0.25,No,Low
1790-NESIO,Two year,Mailed check,13,No,No internet service,No internet service,20.4,No,0.0,No,Low
1550-EENBN,Month-to-month,Electronic check,31,Fiber optic,Yes,No,104.35,No,0.11,No,Low
5539-TMZLF,Month-to-month,Electronic check,1,Fiber optic,No,No,69.75,Yes,0.98,Yes,Critical
4323-SADQS,Month-to-month,Electronic check,7,DSL,Yes,Yes,34.5,Yes,0.24,No,Low
4446-BZKHU,Month-to-month,Electronic check,61,Fiber optic,No,No,105.55,Yes,0.78,Yes,Critical
5202-IVJNU,Month-to-month,Credit card (automatic),39,DSL,No,No,30.1,Yes,0.61,Yes,High
5976-JCJRH,Month-to-month,Electronic check,10,Fiber optic,No,No,70.3,Yes,0.92,Yes,Critical
8198-RKSZG,Month-to-month,Credit card (automatic),14,DSL,No,Yes,80.45,No,0.13,No,Low
0137-OCGAB,Month-to-month,Mailed check,1,Fiber optic,No,No,80.2,Yes,0.93,Yes,Critical
3351-NQLDI,One year,Credit card (automatic),67,Fiber optic,Yes,Yes,94.35,Yes,0.64,Yes,High
9297-EONCV,Two year,Bank transfer (automatic),72,DSL,Yes,Yes,91.35,No,0.0,No,Low
7593-JNWRU,Month-to-month,Bank transfer (automatic),6,DSL,No,No,44.6,Yes,0.69,Yes,High
4588-YBNIB,Month-to-month,Mailed check,1,No,No internet service,No internet service,19.6,Yes,0.7276190476190477,Yes,High
1069-QJOEE,One year,Electronic check,25,No,No internet service,No internet service,19.9,No,0.0,No,Low
3336-JORSO,Month-to-month,Electronic check,33,Fiber optic,No,Yes,110.45,Yes,0.78,Yes,Critical
7799-DSEWS,Month-to-month,Electronic check,18,DSL,Yes,Yes,68.35,No,0.09,No,Low
8766-PAFNE,Two year,Credit card (automatic),71,DSL,No,Yes,79.1,No,0.0,No,Low
5315-CKEQK,One year,Electronic check,28,DSL,No,No,51.0,No,0.09,No,Low
3130-ICDUP,Month-to-month,Credit card (automatic),2,Fiber optic,Yes,No,80.55,No,0.14,No,Low
0820-FNRNX,Month-to-month,Mailed check,17,DSL,No,Yes,66.7,No,0.07,No,Low
0880-FVFWF,Month-to-month,Electronic check,56,Fiber optic,Yes,No,86.4,No,0.06,No,Low
4611-ANLQC,One year,Electronic check,60,DSL,Yes,No,50.05,No,0.09,No,Low
4213-HKBJO,Two year,Credit card (automatic),33,No,No internet service,No internet service,25.7,No,0.18,No,Low
2792-LSHWX,Month-to-month,Mailed check,1,Fiber optic,Yes,Yes,83.4,No,0.22,No,Low
5028-GZLDO,Month-to-month,Credit card (automatic),2,Fiber optic,No,No,70.7,Yes,0.8233333333333335,Yes,Critical
0014-BMAQU,Two year,Credit card (automatic),63,Fiber optic,Yes,Yes,84.65,No,0.02,No,Low
6861-XWTWQ,Month-to-month,Electronic check,7,Fiber optic,No,No,99.25,Yes,0.96,Yes,Critical
9018-PCIOK,Two year,Mailed check,55,DSL,No,No,64.75,No,0.02,No,Low
4837-QUSFT,One year,Bank transfer (automatic),65,Fiber optic,Yes,Yes,100.15,No,0.01,No,Low
6877-TJMBR,Month-to-month,Electronic check,1,Fiber optic,No,Yes,84.8,Yes,0.88,Yes,Critical
9953-ZMKSM,Two year,Mailed check,63,No,No internet service,No internet service,25.25,No,0.0,No,Low
0907-HQNTS,Two year,Credit card (automatic),70,Fiber optic,Yes,Yes,113.0,No,0.0,No,Low
7665-NKLAV,Two year,Credit card (automatic),36,DSL,Yes,Yes,40.65,No,0.0,No,Low
6769-DCQLI,One year,Bank transfer (automatic),52,Fiber optic,No,Yes,105.0,Yes,0.82,Yes,Critical
2433-KMEAS,Month-to-month,Electronic check,22,DSL,Yes,No,54.45,Yes,0.7,Yes,High
4391-LNRXK,Month-to-month,Bank transfer (automatic),22,Fiber optic,No,Yes,94.95,No,0.08,No,Low
8250-ZNGGW,Month-to-month,Credit card (automatic),5,DSL,Yes,Yes,59.9,No,0.12,No,Low
2195-ZRVAX,Month-to-month,Electronic check,47,Fiber optic,No,No,85.3,Yes,0.68,Yes,High
3550-SAHFP,Month-to-month,Electronic check,33,Fiber optic,No,No,83.35,Yes,0.75,Yes,Critical
2011-TRQYE,Month-to-month,Credit card (automatic),18,DSL,No,No,33.5,Yes,0.63,Yes,High
8562-GHPPI,Month-to-month,Credit card (automatic),1,No,No internet service,No internet service,19.8,No,0.01,No,Low
5893-PYOLZ,Two year,Credit card (automatic),56,DSL,No,Yes,81.8,No,0.02,No,Low
4986-MXSFP,Month-to-month,Mailed check,2,No,No internet service,No internet service,20.0,No,0.01,No,Low
6131-FOYAS,Month-to-month,Electronic check,35,DSL,Yes,No,59.6,No,0.02,No,Low
3027-YNWZU,Two year,Credit card (automatic),64,No,No internet service,No internet service,25.0,No,0.0,No,Low
5609-IMCGG,Month-to-month,Credit card (automatic),15,Fiber optic,Yes,No,84.35,No,0.26,No,Low
4873-ILOLJ,Month-to-month,Electronic check,24,Fiber optic,No,No,90.35,Yes,0.61,Yes,High
4727-MCYZG,Month-to-month,Mailed check,1,DSL,No,No,55.55,No,0.22,No,Low
9481-WHGWY,Two year,Credit card (automatic),70,DSL,Yes,Yes,75.35,No,0.02,No,Low
2725-KXXWT,Month-to-month,Electronic check,1,Fiber optic,No,No,90.75,Yes,0.93,Yes,Critical
9565-DJPIB,Month-to-month,Mailed check,4,Fiber optic,No,No,89.6,Yes,0.88,Yes,Critical
4328-VUFWD,One year,Electronic check,39,DSL,No,Yes,59.3,No,0.01,No,Low
3301-LSLWQ,Month-to-month,Electronic check,29,DSL,Yes,No,66.1,No,0.06,No,Low
7473-ZBDSN,Two year,Mailed check,14,No,No internet service,No internet service,18.8,No,0.0,No,Low
3166-PNEOF,Two year,Credit card (automatic),61,DSL,Yes,Yes,86.45,No,0.0,No,Low
5639-NTUPK,Month-to-month,Credit card (automatic),13,DSL,Yes,No,52.1,No,0.04,No,Low
8780-YRMTT,Two year,Mailed check,66,DSL,Yes,Yes,47.4,No,0.0,No,Low
8348-HFYIV,Month-to-month,Electronic check,2,DSL,No,No,49.25,Yes,0.98,Yes,Critical
5140-FOMCQ,One year,Credit card (automatic),59,Fiber optic,Yes,No,109.15,No,0.09,No,Low
6242-SGYTS,One year,Credit card (automatic),62,Fiber optic,Yes,No,94.95,No,0.07,No,Low
8166-ORCHU,One year,Electronic check,33,Fiber optic,Yes,Yes,93.55,No,0.22,No,Low
8414-OOEEL,Two year,Credit card (automatic),66,DSL,No,Yes,79.5,No,0.0,No,Low
8454-AATJP,Two year,Credit card (automatic),72,Fiber optic,Yes,Yes,115.05,No,0.0,No,Low
6849-WLEYG,Month-to-month,Mailed check,1,No,No internet service,No internet service,19.75,Yes,0.74,Yes,High
4659-NZRUF,Month-to-month,Electronic check,19,Fiber optic,Yes,No,95.15,Yes,0.89,Yes,Critical
4531-AUZNK,One year,Mailed check,51,Fiber optic,Yes,Yes,95.15,No,0.08,No,Low
4191-XOVOM,Month-to-month,Electronic check,63,Fiber optic,No,Yes,105.4,No,0.16,No,Low
2150-OEGBV,One year,Bank transfer (automatic),27,No,No internet service,No internet service,20.1,No,0.01,No,Low
8429-XIBUM,Month-to-month,Bank transfer (automatic),22,Fiber optic,Yes,No,101.35,Yes,0.82,Yes,Critical
1855-CFULU,Month-to-month,Mailed check,4,No,No internet service,No internet service,20.05,No,0.12,No,Low
4878-BUNFV,Two year,Mailed check,42,No,No internet service,No internet service,20.7,No,0.0,No,Low
1872-EBWSC,One year,Mailed check,29,No,No internet service,No internet service,20.35,No,0.0,No,Low
2608-BHKFN,Month-to-month,Credit card (automatic),4,Fiber optic,No,No,70.05,Yes,0.88,Yes,Critical
7026-YMSBE,One year,Mailed check,30,No,No internet service,No internet service,19.7,No,0.0,No,Low
7341-LXCAF,Month-to-month,Electronic check,4,Fiber optic,No,No,74.65,Yes,0.95,Yes,Critical
6997-UVGOX,Two year,Bank transfer (automatic),71,DSL,Yes,Yes,85.45,No,0.0,No,Low
9674-EHPPG,Two year,Credit card (automatic),46,DSL,Yes,Yes,40.4,No,0.04,No,Low
9462-MJUAW,Month-to-month,Mailed check,4,DSL,No,No,50.4,Yes,0.77,Yes,Critical
8128-YVJRG,Month-to-month,Mailed check,7,Fiber optic,Yes,No,79.65,Yes,0.82,Yes,Critical
5440-VHLUL,One year,Bank transfer (automatic),69,Fiber optic,No,Yes,105.2,No,0.58,Yes,High
5781-BKHOP,Two year,Bank transfer (automatic),72,Fiber optic,Yes,No,100.65,No,0.01,No,Low
4283-FUTGF,Month-to-month,Electronic check,19,Fiber optic,No,No,79.85,Yes,0.46,No,Medium
5213-TWWJU,Month-to-month,Electronic check,28,Fiber optic,No,Yes,91.0,No,0.2,No,Low
1569-TTNYJ,Month-to-month,Electronic check,5,Fiber optic,No,No,78.75,Yes,0.91,Yes,Critical
8628-MFKAX,Two year,Credit card (automatic),72,Fiber optic,Yes,Yes,116.75,No,0.0,No,Low
2397-BRLOM,Month-to-month,Credit card (automatic),8,Fiber optic,No,No,80.45,Yes,0.82,Yes,Critical
7629-WIXZF,One year,Electronic check,7,DSL,Yes,No,59.1,No,0.27,No,Low
5445-GLVOT,Month-to-month,Electronic check,22,DSL,Yes,No,49.8,No,0.28,No,Low
3976-HXHCE,Two year,Bank transfer (automatic),72,No,No internet service,No internet service,19.3,No,0.02,No,Low
2466-NEJOJ,Month-to-month,Credit card (automatic),8,No,No internet service,No internet service,19.65,No,0.0,No,Low
0254-KCJGT,One year,Credit card (automatic),52,DSL,Yes,Yes,81.4,No,0.09,No,Low
5472-CVMDX,Two year,Mailed check,68,DSL,Yes,Yes,38.9,No,0.0,No,Low
6461-SZMCV,Two year,Bank transfer (automatic),71,DSL,Yes,Yes,87.95,No,0.0,No,Low
8150-QUDFX,Month-to-month,Mailed check,2,No,No internet service,No internet service,19.85,No,0.02,No,Low
9508-ILZDG,Month-to-month,Electronic check,34,Fiber optic,No,Yes,96.35,No,0.64,Yes,High
2346-DJQTB,Month-to-month,Electronic check,35,DSL,No,No,24.15,No,0.15,No,Low
1697-LYYYX,One year,Credit card (automatic),61,No,No internet service,No internet service,19.1,No,0.04,No,Low
1942-OQFRW,Month-to-month,Electronic check,1,DSL,No,No,44.0,No,0.36,No,Medium
4749-VFKVB,Month-to-month,Mailed check,1,DSL,No,No,50.1,Yes,0.78,Yes,Critical
9640-ZSLDC,One year,Credit card (automatic),53,DSL,No,No,60.6,No,0.09,No,Low
4231-LZUYM,Two year,Bank transfer (automatic),72,No,No internet service,No internet service,25.65,No,0.0,No,Low
7598-UAASY,Month-to-month,Electronic check,2,Fiber optic,No,No,76.4,Yes,0.84,Yes,Critical
7938-OUHIO,Month-to-month,Electronic check,3,Fiber optic,No,Yes,98.7,Yes,0.86,Yes,Critical
8510-AWCXC,Month-to-month,Electronic check,13,Fiber optic,Yes,No,100.8,Yes,0.94,Yes,Critical
6128-AQBMT,Month-to-month,Electronic check,41,DSL,No,No,53.95,No,0.53,Yes,Medium
3594-BDSOA,One year,Credit card (automatic),24,No,No internet service,No internet service,20.4,No,0.02,No,Low
0431-APWVY,One year,Bank transfer (automatic),28,Fiber optic,No,No,90.1,Yes,0.27,No,Low
5133-VRSAB,Month-to-month,Mailed check,8,DSL,Yes,No,29.35,No,0.12,No,Low
5996-DAOQL,Month-to-month,Mailed check,1,No,No internet service,No internet service,20.45,No,0.03,No,Low
6838-YAUVY,Two year,Bank transfer (automatic),54,Fiber optic,No,Yes,95.1,No,0.04,No,Low
0484-JPBRU,Month-to-month,Bank transfer (automatic),41,No,No internet service,No internet service,25.25,No,0.04,No,Low
7883-ROJOC,Month-to-month,Mailed check,19,DSL,No,No,44.9,No,0.03,No,Low
0244-LGNFY,Two year,Bank transfer (automatic),72,DSL,Yes,Yes,92.65,No,0.0,No,Low
7274-CGTOD,Two year,Bank transfer (automatic),62,DSL,Yes,Yes,43.7,No,0.01,No,Low
4295-YURET,Two year,Credit card (automatic),56,DSL,Yes,Yes,72.6,No,0.05,No,Low
3426-NIYYL,Month-to-month,Electronic check,15,DSL,No,No,51.55,Yes,0.77,Yes,Critical
8225-BTJAU,Month-to-month,Electronic check,10,Fiber optic,No,No,79.25,Yes,0.76,Yes,Critical
4635-EJYPD,Two year,Mailed check,32,No,No internet service,No internet service,18.95,No,0.0,No,Low
1866-ZSLJM,Month-to-month,Credit card (automatic),21,No,No internet service,No internet service,20.5,No,0.02,No,Low
4636-TVXVG,One year,Bank transfer (automatic),62,No,No internet service,No internet service,19.95,No,0.0,No,Low
4236-UJPWO,Month-to-month,Electronic check,2,DSL,No,No,24.5,No,0.21,No,Low
9392-XBGTD,Two year,Mailed check,27,No,No internet service,No internet service,20.6,No,0.0,No,Low
3387-VATUS,Month-to-month,Bank transfer (automatic),5,Fiber optic,No,No,94.85,Yes,0.98,Yes,Critical
6402-SSEJG,One year,Electronic check,25,DSL,Yes,No,61.05,No,0.05,No,Low
1143-NMNQJ,Month-to-month,Electronic check,2,Fiber optic,No,No,85.7,Yes,0.94,Yes,Critical
1169-SAOCL,One year,Bank transfer (automatic),49,Fiber optic,No,Yes,106.65,No,0.18,No,Low
1110-KYLGQ,Month-to-month,Credit card (automatic),63,Fiber optic,Yes,No,108.25,No,0.14,No,Low
9929-PLVPA,Month-to-month,Credit card (automatic),4,No,No internet service,No internet service,20.4,No,0.07,No,Low
3518-PZXZQ,Month-to-month,Mailed check,1,DSL,No,No,55.3,No,0.25,No,Low
2371-JUNGC,Month-to-month,Mailed check,11,No,No internet service,No internet service,20.25,No,0.08,No,Low
7693-QPEFS,Month-to-month,Bank transfer (automatic),52,Fiber optic,No,No,72.95,No,0.05,No,Low
0924-BJCRC,Month-to-month,Electronic check,60,Fiber optic,No,No,89.45,No,0.2,No,Low
5074-FBGHB,One year,Credit card (automatic),64,Fiber optic,No,Yes,104.65,No,0.23,No,Low
2351-BKRZW,Two year,Bank transfer (automatic),43,DSL,Yes,No,75.2,No,0.01,No,Low
4455-BFSPD,One year,Bank transfer (automatic),61,Fiber optic,No,Yes,101.15,No,0.04,No,Low
0415-MOSGF,Month-to-month,Mailed check,1,DSL,No,No,44.4,Yes,0.87,Yes,Critical
1724-BQUHA,Month-to-month,Electronic check,5,Fiber optic,No,No,89.5,Yes,0.91,Yes,Critical
3948-KXDUF,Two year,Bank transfer (automatic),66,DSL,Yes,Yes,68.75,No,0.0,No,Low
2323-ARSVR,Two year,Electronic check,67,Fiber optic,Yes,Yes,111.05,No,0.04,No,Low
0815-MFZGM,Two year,Credit card (automatic),42,Fiber optic,No,Yes,99.0,No,0.02,No,Low
4826-XTSOH,Month-to-month,Electronic check,1,Fiber optic,No,No,86.05,Yes,0.97,Yes,Critical
5480-XTFFL,Two year,Mailed check,31,No,No internet service,No internet service,21.0,No,0.0,No,Low
8295-FHIVV,Month-to-month,Mailed check,7,No,No internet service,No internet service,19.4,No,0.02,No,Low
2495-INZWQ,Month-to-month,Electronic check,4,DSL,No,No,44.55,Yes,0.68,Yes,High
9086-YJYXS,One year,Bank transfer (automatic),34,DSL,No,No,77.2,No,0.01,No,Low
1179-INLAT,One year,Mailed check,3,No,No internet service,No internet service,19.45,No,0.0,No,Low
7909-FIOIY,Month-to-month,Mailed check,19,DSL,No,No,24.85,No,0.08,No,Low
4139-SUGLD,Month-to-month,Bank transfer (automatic),31,DSL,Yes,Yes,35.4,Yes,0.64,Yes,High
6857-VWJDT,Month-to-month,Mailed check,1,Fiber optic,No,No,95.65,Yes,0.9066666666666667,Yes,Critical
6351-SCJKT,Month-to-month,Mailed check,3,DSL,Yes,Yes,41.35,No,0.23,No,Low
5468-BPMMO,Month-to-month,Electronic check,46,No,No internet service,No internet service,19.6,No,0.08,No,Low
5624-BQSSA,Month-to-month,Mailed check,1,No,No internet service,No internet service,20.95,Yes,0.9065000000000001,Yes,Critical
0197-PNKNK,One year,Bank transfer (automatic),69,Fiber optic,Yes,No,84.45,No,0.02,No,Low
2439-QKJUL,Month-to-month,Mailed check,5,No,No internet service,No internet service,20.25,No,0.09,No,Low
1194-SPVSP,Month-to-month,Bank transfer (automatic),1,No,No internet service,No internet service,19.65,No,0.14833333333333332,No,Low
9534-NSXEM,One year,Credit card (automatic),26,No,No internet service,No internet service,20.65,No,0.0,No,Low
2408-WITXK,Month-to-month,Electronic check,10,DSL,No,No,34.7,Yes,0.88,Yes,Critical
8929-KSWIH,Two year,Bank transfer (automatic),25,Fiber optic,No,Yes,99.3,No,0.06,No,Low
2250-IVBWA,Month-to-month,Electronic check,64,Fiber optic,Yes,No,81.05,No,0.14,No,Low
1810-MVMAI,Month-to-month,Electronic check,30,DSL,Yes,Yes,67.6,No,0.05,No,Low
9506-UXUSK,Month-to-month,Electronic check,13,Fiber optic,No,No,70.15,No,0.23,No,Low
1229-RCALF,One year,Electronic check,64,Fiber optic,Yes,Yes,115.0,No,0.07,No,Low
3572-UOLYZ,Month-to-month,Bank transfer (automatic),46,Fiber optic,No,Yes,84.8,No,0.14,No,Low
1429-UYJSV,One year,Mailed check,12,No,No internet service,No internet service,19.7,No,0.0,No,Low
5577-OTWWW,Month-to-month,Bank transfer (automatic),15,No,No internet service,No internet service,19.75,Yes,0.82,Yes,Critical
6100-QQHEB,Month-to-month,Electronic check,17,Fiber optic,No,No,92.55,Yes,0.89,Yes,Critical
6366-XIVKZ,Month-to-month,Mailed check,13,DSL,Yes,No,63.15,No,0.19,No,Low
3470-OBUET,Two year,Credit card (automatic),67,DSL,Yes,Yes,74.0,No,0.04,No,Low
2770-NSVDG,Month-to-month,Electronic check,24,DSL,No,No,29.1,No,0.32,No,Medium
9375-MHRRS,Month-to-month,Mailed check,6,DSL,No,Yes,50.05,No,0.08,No,Low
2634-HCZGT,One year,Electronic check,53,DSL,Yes,Yes,60.05,Yes,0.69,Yes,High
7503-QQRVF,Month-to-month,Credit card (automatic),16,Fiber optic,No,No,74.3,Yes,0.6,Yes,High
4860-YZGZM,Month-to-month,Electronic check,10,No,No internet service,No internet service,20.0,No,0.07,No,Low
6599-GZWCM,One year,Mailed check,13,Fiber optic,No,No,74.65,No,0.09,No,Low
2691-NZETQ,Month-to-month,Electronic check,9,Fiber optic,No,No,85.35,Yes,0.78,Yes,Critical
4404-HIBDJ,One year,Mailed check,25,DSL,Yes,Yes,74.3,Yes,0.66,Yes,High
5533-NHFRF,Month-to-month,Electronic check,7,DSL,No,Yes,44.4,No,0.15,No,Low
7037-MTYVW,Two year,Bank transfer (automatic),38,DSL,Yes,Yes,85.4,No,0.02,No,Low
4760-THGOT,Month-to-month,Electronic check,43,Fiber optic,Yes,No,94.1,No,0.22,No,Low
7295-JOMMD,Month-to-month,Bank transfer (automatic),4,Fiber optic,No,Yes,98.1,Yes,0.9,Yes,Critical
4016-BJKTZ,Two year,Electronic check,25,Fiber optic,No,Yes,108.9,No,0.31,No,Medium
6584-VQMYT,One year,Mailed check,27,DSL,Yes,No,56.2,No,0.0,No,Low
9838-BFCQT,Two year,Mailed check,72,No,No internet service,No internet service,26.1,No,0.0,No,Low
2790-XUYMV,One year,Credit card (automatic),71,Fiber optic,Yes,No,85.45,No,0.03,No,Low
0581-MDMPW,Month-to-month,Credit card (automatic),24,Fiber optic,No,No,88.95,No,0.3,No,Medium
5013-SBUIH,Two year,Electronic check,50,Fiber optic,Yes,Yes,109.65,Yes,0.69,Yes,High
1023-BQXZE,Two year,Bank transfer (automatic),57,DSL,Yes,No,74.35,No,0.02,No,Low
9163-GHAYE,Month-to-month,Electronic check,15,DSL,No,No,48.85,No,0.04,No,Low
3904-UKFRE,Month-to-month,Electronic check,4,Fiber optic,Yes,No,80.1,No,0.21,No,Low
5353-WILCI,Month-to-month,Electronic check,28,DSL,Yes,No,56.05,No,0.07,No,Low
0709-TVGUR,Month-to-month,Electronic check,9,Fiber optic,No,No,74.55,Yes,0.88,Yes,Critical
0058-EVZWM,Month-to-month,Bank transfer (automatic),55,Fiber optic,Yes,No,89.8,No,0.31,No,Medium
6023-YEBUP,Month-to-month,Electronic check,3,Fiber optic,No,No,100.95,Yes,0.86,Yes,Critical
7209-JCUDS,Month-to-month,Electronic check,10,Fiber optic,No,No,94.9,Yes,0.65,Yes,High
7009-PCARS,One year,Bank transfer (automatic),55,No,No internet service,No internet service,19.1,No,0.01,No,Low
0519-DRGTI,Month-to-month,Mailed check,20,No,No internet service,No internet service,20.35,No,0.0,No,Low
1017-FBQMM,One year,Credit card (automatic),62,Fiber optic,No,Yes,106.05,No,0.04,No,Low
3001-CBHLQ,Month-to-month,Electronic check,32,Fiber optic,No,Yes,104.9,Yes,0.8,Yes,Critical
1985-MBRYP,Two year,Bank transfer (automatic),43,No,No internet service,No internet service,19.65,No,0.0,No,Low
6158-DWPZT,One year,Bank transfer (automatic),9,DSL,No,No,24.1,Yes,0.77,Yes,Critical
9372-TXXPS,Two year,Bank transfer (automatic),60,DSL,Yes,Yes,59.85,No,0.01,No,Low
3259-QMXUN,Two year,Electronic check,58,DSL,Yes,No,86.1,No,0.03,No,Low
1015-JPFYW,One year,Mailed check,7,No,No internet service,No internet service,19.45,No,0.01,No,Low
6645-MXQJT,Month-to-month,Electronic check,2,Fiber optic,Yes,No,97.1,No,0.23,No,Low
4360-QRAVE,Month-to-month,Electronic check,37,DSL,No,No,36.65,No,0.11,No,Low
8433-WPJTV,One year,Bank transfer (automatic),65,Fiber optic,No,Yes,103.9,No,0.17,No,Low
5804-JMYIO,Two year,Mailed check,39,No,No internet service,No internet service,19.75,No,0.0,No,Low
3763-GCZHZ,One year,Electronic check,66,Fiber optic,No,Yes,104.05,Yes,0.68,Yes,High
6484-LATFU,Two year,Mailed check,68,No,No internet service,No internet service,24.55,No,0.0,No,Low
7599-NTMDP,Two year,Bank transfer (automatic),62,DSL,Yes,Yes,48.7,No,0.01,No,Low
0772-GYEQQ,Month-to-month,Mailed check,3,Fiber optic,No,Yes,88.35,Yes,0.86,Yes,Critical
0536-ACXIP,Two year,Electronic check,72,Fiber optic,Yes,No,109.55,No,0.02,No,Low
0936-NQLJU,Two year,Credit card (automatic),41,No,No internet service,No internet service,20.65,No,0.0,No,Low
4831-EOBFE,Month-to-month,Credit card (automatic),29,Fiber optic,Yes,No,94.65,Yes,0.76,Yes,Critical
1575-KRZZE,Month-to-month,Electronic check,4,DSL,Yes,No,55.2,No,0.55,Yes,High
3251-YMVWZ,One year,Bank transfer (automatic),53,No,No internet service,No internet service,24.05,No,0.17,No,Low
4102-OQUPX,Month-to-month,Electronic check,1,Fiber optic,No,No,74.4,Yes,0.99,Yes,Critical
9170-GYZJC,Month-to-month,Credit card (automatic),41,DSL,Yes,Yes,79.9,Yes,0.66,Yes,High
4884-LEVMQ,Two year,Bank transfer (automatic),39,No,No internet service,No internet service,20.45,No,0.0,No,Low
8857-CUPFQ,Two year,Mailed check,63,No,No internet service,No internet service,19.25,No,0.03,No,Low
7610-TVOPG,Month-to-month,Electronic check,15,No,No internet service,No internet service,26.35,No,0.08,No,Low
3638-DIMPH,One year,Electronic check,13,DSL,No,No,43.8,No,0.06,No,Low
1845-ZLLIG,Month-to-month,Mailed check,1,DSL,No,No,50.15,No,0.21,No,Low
8559-WNQZS,Two year,Mailed check,1,No,No internet service,No internet service,20.45,No,0.03,No,Low
3999-QGRJH,Month-to-month,Electronic check,8,Fiber optic,No,No,69.7,Yes,0.7,Yes,High
1699-UOTXU,Two year,Electronic check,60,DSL,Yes,No,61.4,No,0.0,No,Low
2454-RPBRZ,Month-to-month,Electronic check,12,Fiber optic,No,No,98.1,Yes,0.89,Yes,Critical
0635-WKOLD,One year,Credit card (automatic),40,DSL,No,Yes,70.75,No,0.01,No,Low
5993-JSUWV,Two year,Bank transfer (automatic),66,DSL,Yes,No,61.15,No,0.02,No,Low
4518-FZBSX,One year,Mailed check,42,No,No internet service,No internet service,20.25,No,0.0,No,Low
5387-ASZNZ,One year,Credit card (automatic),66,DSL,Yes,Yes,63.85,No,0.04,No,Low
6988-CJEYV,Month-to-month,Electronic check,49,Fiber optic,No,No,98.7,No,0.07,No,Low
2002-MZHWP,Month-to-month,Mailed check,1,No,No internet service,No internet service,20.5,Yes,0.4105952380952381,No,Medium
3097-FQTVJ,Two year,Mailed check,41,No,No internet service,No internet service,20.0,No,0.0,No,Low
5465-BUBFA,Two year,Bank transfer (automatic),41,No,No internet service,No internet service,19.3,No,0.0,No,Low
7299-GNVPL,Month-to-month,Mailed check,23,Fiber optic,Yes,Yes,84.4,No,0.06,No,Low
9743-DQKQW,Month-to-month,Electronic check,3,DSL,No,No,25.1,No,0.24,No,Low
1215-VFYVK,Month-to-month,Mailed check,4,DSL,Yes,Yes,48.25,No,0.12,No,Low
9371-BITHB,Two year,Mailed check,52,No,No internet service,No internet service,19.85,No,0.0,No,Low
2265-CYWIV,Month-to-month,Electronic check,4,Fiber optic,Yes,No,99.6,Yes,0.91,Yes,Critical
9093-FPDLG,Month-to-month,Electronic check,11,Fiber optic,No,Yes,94.2,No,0.21,No,Low
0541-FITGH,Month-to-month,Mailed check,2,DSL,Yes,No,62.15,No,0.17,No,Low
6985-HAYWX,Month-to-month,Bank transfer (automatic),26,Fiber optic,No,No,79.3,No,0.13,No,Low
7508-KBIMB,One year,Credit card (automatic),24,DSL,Yes,No,56.25,No,0.03,No,Low
6838-HVLXG,Month-to-month,Mailed check,12,No,No internet service,No internet service,20.3,No,0.02,No,Low
2277-DJJDL,Month-to-month,Electronic check,60,Fiber optic,No,Yes,99.0,No,0.42,No,Medium
1897-OKVMW,Two year,Mailed check,64,DSL,Yes,Yes,90.6,No,0.0,No,Low
5485-ITNPC,Two year,Bank transfer (automatic),66,DSL,Yes,Yes,85.9,No,0.0,No,Low
0233-FTHAV,One year,Bank transfer (automatic),60,Fiber optic,No,No,79.2,No,0.0,No,Low
4644-PIZRT,One year,Bank transfer (automatic),17,DSL,Yes,No,70.35,No,0.03,No,Low
8922-NPKBJ,Two year,Mailed check,42,No,No internet service,No internet service,19.35,No,0.0,No,Low
2740-TVLFN,Month-to-month,Electronic check,1,DSL,No,No,50.15,No,0.35,No,Medium
7771-CFQRQ,Two year,Bank transfer (automatic),47,DSL,No,Yes,63.8,No,0.0,No,Low
9512-PHSMG,Month-to-month,Mailed check,10,No,No internet service,No internet service,20.55,No,0.0,No,Low
6963-EZQEE,Two year,Credit card (automatic),70,DSL,Yes,Yes,88.55,No,0.01,No,Low
2452-KDRRH,Month-to-month,Credit card (automatic),67,Fiber optic,No,No,101.4,No,0.48,No,Medium
2004-OCQXK,Month-to-month,Electronic check,1,Fiber optic,No,No,81.95,Yes,1.0,Yes,Critical
5027-QPKTE,Month-to-month,Electronic check,7,Fiber optic,No,No,69.35,Yes,0.81,Yes,Critical
4146-SVFUD,Month-to-month,Mailed check,1,DSL,No,No,44.6,No,0.1,No,Low
1564-HJUVY,Month-to-month,Bank transfer (automatic),4,DSL,No,Yes,63.75,No,0.08,No,Low
3617-XLSGQ,Two year,Bank transfer (automatic),66,Fiber optic,Yes,No,109.25,No,0.03,No,Low
7517-LDMPS,Month-to-month,Electronic check,12,Fiber optic,No,No,84.6,No,0.21,No,Low
7244-KXYZN,One year,Credit card (automatic),24,No,No internet service,No internet service,20.45,No,0.0,No,Low
5226-NOZFC,Month-to-month,Electronic check,26,Fiber optic,No,No,85.75,No,0.63,Yes,High
2672-HUYVI,Month-to-month,Electronic check,6,Fiber optic,No,No,91.1,Yes,0.94,Yes,Critical
1400-WIVLL,Two year,Electronic check,57,Fiber optic,No,Yes,107.95,No,0.11,No,Low
7508-MYBOG,Month-to-month,Electronic check,14,Fiber optic,No,No,86.1,Yes,0.85,Yes,Critical
8148-NLEGT,Two year,Electronic check,42,No,No internet service,No internet service,22.95,No,0.0,No,Low
0148-DCDOS,Month-to-month,Bank transfer (automatic),25,Fiber optic,No,No,94.7,Yes,0.77,Yes,Critical
8347-GDTMP,Two year,Credit card (automatic),64,No,No internet service,No internet service,19.45,No,0.0,No,Low
9992-RRAMN,Month-to-month,Electronic check,22,Fiber optic,No,No,85.1,Yes,0.87,Yes,Critical
6746-WAUWT,One year,Credit card (automatic),19,No,No internet service,No internet service,19.7,No,0.0,No,Low
0310-MVLET,Month-to-month,Electronic check,61,Fiber optic,No,No,99.15,Yes,0.24,No,Low
0428-IKYCP,Month-to-month,Bank transfer (automatic),22,Fiber optic,No,No,87.0,No,0.08,No,Low
4550-VBOFE,Month-to-month,Electronic check,70,Fiber optic,No,No,102.95,Yes,0.76,Yes,Critical
2187-PKZAY,Month-to-month,Bank transfer (automatic),12,Fiber optic,No,No,79.95,No,0.49,No,Medium
4003-OCTMP,One year,Electronic check,31,DSL,Yes,Yes,64.0,No,0.02,No,Low
6652-YFFJO,Month-to-month,Electronic check,11,DSL,No,No,64.9,No,0.07,No,Low
7225-IILWY,Two year,Mailed check,68,No,No internet service,No internet service,25.75,No,0.0,No,Low
5248-RPYWW,Two year,Bank transfer (automatic),72,DSL,Yes,Yes,90.15,No,0.01,No,Low
7923-IYJWY,Two year,Credit card (automatic),67,Fiber optic,Yes,Yes,116.1,No,0.08,No,Low
3170-GWYKC,Month-to-month,Bank transfer (automatic),60,Fiber optic,Yes,Yes,104.95,No,0.09,No,Low
5696-QURRL,Month-to-month,Mailed check,1,DSL,No,No,45.05,Yes,0.76,Yes,Critical
7409-KIUTL,Month-to-month,Electronic check,1,Fiber optic,No,No,71.0,Yes,0.93,Yes,Critical
9830-ECLEN,One year,Mailed check,58,DSL,Yes,No,50.0,No,0.08,No,Low
1732-VHUBQ,Month-to-month,Bank transfer (automatic),47,Fiber optic,No,No,70.55,Yes,0.65,Yes,High
0495-RVCBF,Month-to-month,Electronic check,1,Fiber optic,No,No,79.7,Yes,1.0,Yes,Critical
2668-TZSPS,Month-to-month,Mailed check,1,No,No internet service,No internet service,20.45,No,0.18,No,Low
7854-EDSSA,Month-to-month,Electronic check,22,DSL,Yes,No,59.0,Yes,0.73,Yes,High
8869-TORSS,One year,Credit card (automatic),48,DSL,Yes,Yes,60.35,Yes,0.01,No,Low
7446-SFAOA,One year,Bank transfer (automatic),37,No,No internet service,No internet service,19.85,No,0.0,No,Low
9522-ZSINC,One year,Electronic check,13,No,No internet service,No internet service,19.95,No,0.0,No,Low
8234-GSZYK,Two year,Bank transfer (automatic),43,No,No internet service,No internet service,26.45,No,0.01,No,Low
6505-OZNPG,Two year,Mailed check,6,DSL,Yes,Yes,63.4,No,0.03,No,Low
6164-HAQTX,Two year,Bank transfer (automatic),71,DSL,Yes,Yes,53.95,No,0.01,No,Low
0679-IDSTG,Month-to-month,Electronic check,1,Fiber optic,No,No,69.25,Yes,0.89,Yes,Critical
7765-LWVVH,Two year,Electronic check,72,Fiber optic,Yes,No,95.1,No,0.01,No,Low
1658-TJVOA,Month-to-month,Electronic check,6,Fiber optic,Yes,No,74.1,No,0.64,Yes,High
0953-LGOVU,Month-to-month,Mailed check,12,DSL,No,Yes,35.5,No,0.06,No,Low
2115-BFTIW,Month-to-month,Mailed check,25,Fiber optic,No,No,70.95,Yes,0.66,Yes,High
4692-NNQRU,One year,Electronic check,21,Fiber optic,No,Yes,79.2,No,0.04,No,Low
7742-MYPGI,Month-to-month,Mailed check,6,DSL,No,Yes,48.8,No,0.11,No,Low
0611-DFXKO,Month-to-month,Mailed check,20,Fiber optic,No,No,89.0,Yes,0.74,Yes,High
7780-OTDSO,Month-to-month,Electronic check,18,Fiber optic,Yes,No,99.4,Yes,0.84,Yes,Critical
9619-GSATL,One year,Electronic check,43,DSL,No,Yes,55.45,No,0.01,No,Low
5622-UEJFI,Two year,Credit card (automatic),35,No,No internet service,No internet service,25.4,No,0.02,No,Low
9747-DDZOS,Month-to-month,Bank transfer (automatic),1,Fiber optic,No,No,73.5,Yes,0.6573333333333333,Yes,High
0674-DGMAQ,Month-to-month,Electronic check,32,Fiber optic,No,No,93.5,No,0.14,No,Low
6203-HBZPA,Two year,Credit card (automatic),52,DSL,Yes,Yes,63.9,No,0.0,No,Low
0484-FFVBJ,One year,Bank transfer (automatic),32,DSL,No,No,64.85,No,0.18,No,Low
0301-FIDRB,Two year,Bank transfer (automatic),72,DSL,Yes,Yes,63.8,No,0.0,No,Low
4139-JPIAM,Month-to-month,Credit card (automatic),51,DSL,Yes,Yes,44.45,No,0.03,No,Low
2181-TIDSV,Two year,Bank transfer (automatic),68,No,No internet service,No internet service,19.95,No,0.0,No,Low
2761-XECQW,Month-to-month,Mailed check,8,DSL,No,No,43.35,No,0.12,No,Low
1936-CZAKF,Two year,Credit card (automatic),49,DSL,No,No,49.65,No,0.27,No,Low
9453-PATOS,Two year,Mailed check,72,DSL,Yes,Yes,85.1,No,0.0,No,Low
0564-JJHGS,Month-to-month,Electronic check,9,Fiber optic,No,No,95.5,Yes,0.95,Yes,Critical
3348-CFRNX,Month-to-month,Mailed check,28,Fiber optic,Yes,No,92.35,Yes,0.83,Yes,Critical
4402-FTBXC,Month-to-month,Mailed check,54,Fiber optic,Yes,No,89.8,No,0.32,No,Medium
1428-GTBJJ,Month-to-month,Electronic check,11,Fiber optic,No,No,74.55,Yes,0.84,Yes,Critical
2931-XIQBR,One year,Mailed check,50,Fiber optic,No,Yes,103.05,No,0.07,No,Low
0106-UGRDO,Two year,Electronic check,69,Fiber optic,Yes,Yes,116.0,No,0.04,No,Low
5542-TBBWB,Month-to-month,Electronic check,1,Fiber optic,No,No,69.9,No,1.0,Yes,Critical
1930-QPBVZ,Two year,Bank transfer (automatic),68,Fiber optic,Yes,Yes,95.1,No,0.03,No,Low
2606-PKWJB,One year,Mailed check,40,DSL,Yes,Yes,40.25,No,0.01,No,Low
5322-ZSMZY,Two year,Mailed check,31,No,No internet service,No internet service,25.75,No,0.0,No,Low
8059-UDZFY,Month-to-month,Bank transfer (automatic),33,Fiber optic,No,No,105.35,No,0.46,No,Medium
7740-BTPUX,Two year,Electronic check,55,Fiber optic,No,Yes,113.6,No,0.02,No,Low
5220-AGAAX,Two year,Bank transfer (automatic),68,No,No internet service,No internet service,24.0,No,0.0,No,Low
0208-BPQEJ,Month-to-month,Bank transfer (automatic),12,No,No internet service,No internet service,19.4,No,0.05,No,Low
9435-JMLSX,Two year,Bank transfer (automatic),71,DSL,Yes,Yes,86.1,No,0.0,No,Low
3352-ALMCK,Month-to-month,Mailed check,40,Fiber optic,No,No,102.65,No,0.25,No,Low
5312-IRCFR,One year,Electronic check,64,Fiber optic,No,No,92.85,No,0.08,No,Low
5294-IMHHT,One year,Bank transfer (automatic),53,Fiber optic,No,Yes,97.75,No,0.07,No,Low
8802-UNOJF,Month-to-month,Mailed check,12,Fiber optic,No,Yes,83.8,Yes,0.87,Yes,Critical
6313-GIDIT,Month-to-month,Electronic check,53,DSL,No,No,54.45,Yes,0.74,Yes,High
6176-YJWAS,Two year,Credit card (automatic),72,Fiber optic,Yes,No,97.95,No,0.0,No,Low
5310-NOOVA,Two year,Electronic check,46,No,No internet service,No internet service,19.95,No,0.0,No,Low
4526-EXKKN,Two year,Mailed check,40,No,No internet service,No internet service,24.6,No,0.03,No,Low
5311-IHLEI,Month-to-month,Bank transfer (automatic),12,DSL,Yes,Yes,50.95,No,0.11,No,Low
3987-KQDDU,Month-to-month,Electronic check,9,Fiber optic,Yes,No,75.6,No,0.1,No,Low
3404-JNXAX,Month-to-month,Electronic check,51,Fiber optic,No,Yes,80.75,No,0.2,No,Low
5131-PONJI,Month-to-month,Credit card (automatic),49,Fiber optic,No,No,90.4,No,0.08,No,Low
2845-AFFTX,Month-to-month,Electronic check,41,Fiber optic,No,No,99.8,Yes,0.95,Yes,Critical
3489-VSFRD,One year,Credit card (automatic),56,DSL,Yes,Yes,60.25,No,0.01,No,Low
3345-JHUEO,Month-to-month,Electronic check,4,No,No internet service,No internet service,20.2,No,0.04,No,Low
5815-HGGHV,One year,Mailed check,20,DSL,Yes,Yes,64.15,No,0.02,No,Low
5260-UMPWX,Month-to-month,Credit card (automatic),26,No,No internet service,No internet service,20.25,No,0.01,No,Low
2249-YPRNG,Month-to-month,Bank transfer (automatic),20,Fiber optic,No,No,105.85,Yes,0.77,Yes,Critical
7410-YTJIK,Month-to-month,Mailed check,7,Fiber optic,No,No,75.45,Yes,0.585,Yes,High
4626-GYCZP,Month-to-month,Electronic check,7,Fiber optic,No,No,93.85,Yes,0.95,Yes,Critical
5649-RXQTV,Month-to-month,Electronic check,51,Fiber optic,No,No,99.0,No,0.1,No,Low
2674-MIAHT,Month-to-month,Mailed check,4,Fiber optic,No,No,80.3,No,0.29,No,Low
2576-HXMPA,Month-to-month,Credit card (automatic),1,No,No internet service,No internet service,19.55,No,0.0,No,Low
7587-AOVVU,Month-to-month,Electronic check,27,Fiber optic,Yes,Yes,100.75,No,0.05,No,Low
5590-BYNII,Month-to-month,Electronic check,22,Fiber optic,Yes,No,100.75,Yes,0.84,Yes,Critical
6898-MDLZW,Month-to-month,Mailed check,12,DSL,No,Yes,53.75,No,0.27,No,Low
3237-AJGEH,Month-to-month,Mailed check,3,DSL,No,Yes,31.0,Yes,0.24,No,Low
4707-YNOQA,One year,Credit card (automatic),34,No,No internet service,No internet service,25.6,No,0.03,No,Low
9357-UJRUN,One year,Electronic check,24,DSL,Yes,Yes,58.35,No,0.23,No,Low
1591-NFNLQ,Month-to-month,Credit card (automatic),51,Fiber optic,No,No,80.0,Yes,0.78,Yes,Critical
8648-PFRMP,Month-to-month,Electronic check,14,DSL,No,No,46.35,No,0.19,No,Low
7663-CUXZB,Two year,Electronic check,59,Fiber optic,Yes,Yes,113.75,No,0.15,No,Low
0258-NOKBL,Month-to-month,Electronic check,3,Fiber optic,No,No,90.4,No,0.3,No,Medium
1163-VIPRI,Two year,Electronic check,65,Fiber optic,Yes,Yes,109.3,No,0.04,No,Low
2815-CPTUL,Month-to-month,Mailed check,5,Fiber optic,No,No,70.25,Yes,0.81,Yes,Critical
9348-ROUAI,Two year,Credit card (automatic),59,DSL,Yes,Yes,90.3,No,0.0,No,Low
9443-JUBUO,Two year,Credit card (automatic),72,DSL,Yes,Yes,65.25,No,0.0,No,Low
0596-BQCEQ,Month-to-month,Electronic check,62,Fiber optic,No,No,100.15,Yes,0.66,Yes,High
1481-ZUWZA,Month-to-month,Credit card (automatic),28,Fiber optic,Yes,No,94.5,Yes,0.71,Yes,High
3043-TYBNO,Month-to-month,Mailed check,3,DSL,No,Yes,60.65,No,0.05,No,Low
4830-FAXFM,Month-to-month,Credit card (automatic),19,No,No internet service,No internet service,24.1,No,0.03,No,Low
5906-BFOZT,Month-to-month,Mailed check,1,No,No internet service,No internet service,19.5,No,0.16,No,Low
2960-NKRSO,Month-to-month,Electronic check,24,Fiber optic,No,Yes,85.95,No,0.44,No,Medium
8996-ZROXE,One year,Electronic check,57,DSL,No,Yes,53.5,No,0.1,No,Low
5598-IKHQQ,Two year,Credit card (automatic),72,No,No internet service,No internet service,25.45,No,0.02,No,Low
0397-ZXWQF,Two year,Bank transfer (automatic),67,No,No internet service,No internet service,20.5,No,0.0,No,Low
5266-PFRQK,One year,Credit card (automatic),52,No,No internet service,No internet service,20.85,No,0.0,No,Low
4674-HGNUA,Two year,Credit card (automatic),71,DSL,Yes,Yes,89.9,No,0.0,No,Low
6765-MBQNU,One year,Mailed check,26,No,No internet service,No internet service,26.0,No,0.01,No,Low
9786-IJYDL,Two year,Mailed check,35,Fiber optic,Yes,Yes,113.2,No,0.05,No,Low
1303-SRDOK,Two year,Credit card (automatic),55,Fiber optic,No,No,69.05,No,0.02,No,Low
3769-MHZNV,Two year,Mailed check,33,No,No internet service,No internet service,20.1,No,0.0,No,Low
6295-OSINB,Two year,Electronic check,72,Fiber optic,Yes,No,109.65,No,0.03,No,Low
3308-MHOOC,Month-to-month,Mailed check,1,No,No internet service,No internet service,19.2,No,0.1,No,Low
2309-OSFEU,Month-to-month,Mailed check,10,DSL,No,No,33.9,Yes,0.35,No,Medium
2207-QPJED,Month-to-month,Electronic check,37,Fiber optic,No,Yes,90.0,No,0.07,No,Low
4177-JPDFU,Month-to-month,Mailed check,12,DSL,No,Yes,34.0,No,0.13,No,Low
2239-CFOUJ,One year,Mailed check,1,No,No internet service,No internet service,20.4,No,0.14,No,Low
8046-DNVTL,Two year,Credit card (automatic),62,DSL,Yes,Yes,38.6,No,0.02,No,Low
2209-XADXF,Month-to-month,Bank transfer (automatic),1,DSL,No,No,25.25,No,0.19,No,Low
6620-JDYNW,Month-to-month,Mailed check,18,DSL,Yes,No,60.6,No,0.08,No,Low
1891-FZYSA,Month-to-month,Electronic check,69,Fiber optic,No,No,89.95,Yes,0.72,Yes,High
4770-UEZOX,Month-to-month,Electronic check,2,Fiber optic,No,No,74.75,No,0.16,No,Low
1038-RQOST,Month-to-month,Mailed check,19,No,No internet service,No internet service,20.6,No,0.01,No,Low
7613-LLQFO,Month-to-month,Electronic check,12,Fiber optic,No,No,84.45,Yes,0.83,Yes,Critical
4568-TTZRT,Month-to-month,Mailed check,9,No,No internet service,No internet service,20.4,No,0.13,No,Low
9513-DXHDA,One year,Electronic check,27,DSL,Yes,Yes,81.7,No,0.05,No,Low
2640-PMGFL,Month-to-month,Electronic check,27,Fiber optic,No,Yes,79.5,Yes,0.83,Yes,Critical
3801-HMYNL,Month-to-month,Mailed check,1,Fiber optic,No,No,89.15,Yes,0.904,Yes,Critical
0516-QREYC,Month-to-month,Mailed check,24,No,No internet service,No internet service,20.3,No,0.02,No,Low
9685-WKZGT,Month-to-month,Electronic check,14,Fiber optic,No,No,74.95,Yes,0.57,Yes,High
6022-UGGSO,Month-to-month,Electronic check,32,Fiber optic,No,No,74.4,Yes,0.4,No,Medium
8084-OIVBS,One year,Mailed check,11,No,No internet service,No internet service,20.0,No,0.0,No,Low
8896-BQTTI,Month-to-month,Mailed check,1,No,No internet service,No internet service,25.0,No,0.17,No,Low
3865-QBWSJ,Month-to-month,Mailed check,38,Fiber optic,Yes,No,80.45,No,0.08,No,Low
3352-RICWQ,Two year,Mailed check,9,No,No internet service,No internet service,19.75,No,0.01,No,Low
2160-GPFXD,Two year,Credit card (automatic),54,DSL,Yes,Yes,65.65,No,0.0,No,Low
2065-MMKGR,One year,Credit card (automatic),29,DSL,No,No,71.0,No,0.05,No,Low
5857-TYBCJ,Month-to-month,Electronic check,44,Fiber optic,No,No,89.2,No,0.14,No,Low
1498-NHTLT,Two year,Electronic check,59,DSL,Yes,Yes,86.75,No,0.0,No,Low
4484-CGXFK,Month-to-month,Electronic check,3,DSL,No,No,55.3,Yes,0.87,Yes,Critical
1402-PTHGN,One year,Mailed check,18,DSL,Yes,Yes,61.5,No,0.03,No,Low
4176-RELJR,Two year,Credit card (automatic),67,No,No internet service,No internet service,25.1,No,0.0,No,Low
6214-EDAKZ,Month-to-month,Electronic check,22,DSL,No,Yes,55.15,Yes,0.68,Yes,High
5199-FPUSP,One year,Credit card (automatic),33,DSL,Yes,Yes,34.05,No,0.03,No,Low
6377-KSLXC,Month-to-month,Mailed check,5,No,No internet service,No internet service,19.95,No,0.02,No,Low
1796-JANOW,Month-to-month,Mailed check,2,No,No internet service,No internet service,19.95,No,0.01,No,Low
0238-WHBIQ,Two year,Credit card (automatic),72,DSL,Yes,Yes,89.7,No,0.0,No,Low
8735-NBLWT,Month-to-month,Mailed check,9,No,No internet service,No internet service,20.4,No,0.03,No,Low
6651-RLGGM,Two year,Mailed check,67,No,No internet service,No internet service,26.3,No,0.0,No,Low
6127-ISGTU,Month-to-month,Electronic check,16,Fiber optic,No,No,84.95,Yes,0.76,Yes,Critical
1614-JBEBI,Month-to-month,Mailed check,8,No,No internet service,No internet service,20.7,No,0.0,No,Low
8740-XLHDR,Month-to-month,Mailed check,5,DSL,Yes,Yes,43.25,Yes,0.78,Yes,Critical
1208-DNHLN,One year,Credit card (automatic),23,DSL,No,No,48.35,Yes,0.67,Yes,High
1761-AEZZR,Month-to-month,Electronic check,1,Fiber optic,No,No,79.55,Yes,0.99,Yes,Critical
3923-CSIHK,Month-to-month,Electronic check,50,Fiber optic,No,No,71.05,Yes,0.4,No,Medium
5696-EXCYS,Two year,Credit card (automatic),17,No,No internet service,No internet service,19.45,No,0.0,No,Low
5795-KTGUD,Two year,Bank transfer (automatic),68,Fiber optic,Yes,No,110.8,No,0.07,No,Low
7120-RFMVS,Month-to-month,Electronic check,1,Fiber optic,No,No,84.5,Yes,0.9,Yes,Critical
7924-GJZFI,Month-to-month,Electronic check,25,Fiber optic,No,No,69.3,No,0.14,No,Low
4702-HDRKD,One year,Bank transfer (automatic),67,DSL,Yes,Yes,49.35,No,0.01,No,Low
8512-WIWYV,One year,Credit card (automatic),32,No,No internet service,No internet service,20.35,No,0.0,No,Low
5897-ZYEKH,One year,Electronic check,67,Fiber optic,Yes,No,105.6,No,0.08,No,Low
5456-ITGIC,Two year,Credit card (automatic),72,DSL,Yes,Yes,64.45,No,0.0,No,Low
7317-GGVPB,Two year,Credit card (automatic),71,Fiber optic,No,Yes,108.6,Yes,0.69,Yes,High
1406-PUQVY,Month-to-month,Electronic check,1,DSL,No,No,49.9,No,0.2,No,Low
1322-AGOQM,Month-to-month,Bank transfer (automatic),46,DSL,No,No,30.3,Yes,0.66,Yes,High
3677-IYRBF,Month-to-month,Electronic check,2,DSL,No,No,30.4,Yes,0.73,Yes,High
5692-FPTAH,Month-to-month,Mailed check,1,DSL,No,No,45.4,Yes,0.23,No,Low
9114-AAFQH,One year,Electronic check,48,DSL,No,No,65.65,No,0.04,No,Low
8715-KKTFG,One year,Bank transfer (automatic),61,Fiber optic,No,Yes,103.3,No,0.12,No,Low
1550-LOAHA,Month-to-month,Bank transfer (automatic),32,Fiber optic,No,No,84.15,Yes,0.39,No,Medium
1728-BQDMA,Month-to-month,Electronic check,2,DSL,No,No,44.45,No,0.13,No,Low
0268-QKIWO,Month-to-month,Electronic check,3,No,No internet service,No internet service,19.75,Yes,0.69,Yes,High
0876-WDUUZ,Month-to-month,Credit card (automatic),5,Fiber optic,No,Yes,85.4,Yes,0.54,Yes,Medium
5117-ZSMHQ,Two year,Bank transfer (automatic),71,DSL,Yes,Yes,89.9,No,0.0,No,Low
5151-HQRDG,Month-to-month,Mailed check,37,DSL,Yes,No,55.05,No,0.01,No,Low
0960-HUWBM,Two year,Bank transfer (automatic),65,Fiber optic,No,Yes,104.1,No,0.05,No,Low
6465-GSRCL,One year,Bank transfer (automatic),67,Fiber optic,No,Yes,106.6,No,0.11,No,Low
0617-FHSGK,Month-to-month,Credit card (automatic),49,Fiber optic,No,No,75.2,Yes,0.81,Yes,Critical
0263-FJTQO,Two year,Credit card (automatic),50,DSL,Yes,Yes,70.5,No,0.02,No,Low
7319-ZNRTR,One year,Electronic check,25,No,No internet service,No internet service,19.6,No,0.0,No,Low
2858-MOFSQ,One year,Mailed check,17,DSL,No,No,55.85,Yes,0.71,Yes,High
7503-EPSZW,Two year,Mailed check,64,No,No internet service,No internet service,24.05,No,0.0,No,Low
7089-XXAYG,One year,Credit card (automatic),25,DSL,No,No,38.1,No,0.12,No,Low
8118-LSUEL,Month-to-month,Electronic check,23,Fiber optic,No,No,106.4,Yes,0.79,Yes,Critical
8070-AAWZP,Month-to-month,Mailed check,24,DSL,No,Yes,34.25,No,0.07,No,Low
1666-JXLKU,Month-to-month,Electronic check,37,Fiber optic,No,No,100.05,No,0.23,No,Low
7855-DIWPO,Month-to-month,Electronic check,21,Fiber optic,No,No,68.65,No,0.36,No,Medium
5133-POWUA,Month-to-month,Mailed check,1,DSL,No,No,45.8,No,0.75,Yes,Critical
5652-MSDEY,Month-to-month,Mailed check,10,Fiber optic,No,No,75.75,No,0.34,No,Medium
7005-CCBKV,Month-to-month,Electronic check,6,Fiber optic,No,No,84.4,Yes,0.61,Yes,High
1810-BOHSY,One year,Credit card (automatic),51,Fiber optic,Yes,No,96.4,No,0.1,No,Low
1784-BXEFA,Month-to-month,Mailed check,10,No,No internet service,No internet service,20.55,No,0.01,No,Low
7351-MHQVU,Month-to-month,Credit card (automatic),6,DSL,Yes,Yes,50.95,No,0.1,No,Low
9224-VTYID,Two year,Mailed check,47,DSL,Yes,Yes,90.5,No,0.0,No,Low
9500-IWPXQ,One year,Electronic check,61,DSL,Yes,Yes,79.4,No,0.01,No,Low
5762-TJXGK,Two year,Bank transfer (automatic),52,DSL,Yes,No,58.75,No,0.01,No,Low
4504-YOULA,Month-to-month,Credit card (automatic),35,DSL,Yes,No,59.45,No,0.07,No,Low
5569-IDSEY,One year,Bank transfer (automatic),71,Fiber optic,No,No,105.7,No,0.1,No,Low
4250-FDVOU,Month-to-month,Electronic check,6,DSL,Yes,No,56.25,Yes,0.74,Yes,High
7284-ZZLOH,Two year,Credit card (automatic),45,DSL,Yes,No,53.3,No,0.01,No,Low
5277-ZLOOR,Month-to-month,Electronic check,2,Fiber optic,No,No,85.55,Yes,0.99,Yes,Critical
2141-RRYGO,Month-to-month,Bank transfer (automatic),4,DSL,No,No,68.65,Yes,0.75,Yes,Critical
1777-JYQPJ,Month-to-month,Mailed check,2,DSL,No,No,24.3,No,0.22,No,Low
6376-GAHQE,Month-to-month,Electronic check,4,Fiber optic,No,No,77.85,Yes,0.69,Yes,High
3401-URHDA,One year,Credit card (automatic),51,DSL,Yes,Yes,59.9,No,0.0,No,Low
1599-EAHXY,One year,Credit card (automatic),60,No,No internet service,No internet service,23.95,No,0.01,No,Low
8631-XVRZL,One year,Mailed check,9,No,No internet service,No internet service,20.15,No,0.0,No,Low
5052-PNLOS,Month-to-month,Bank transfer (automatic),3,Fiber optic,No,No,105.35,Yes,0.75,Yes,Critical
3853-LYGAM,Month-to-month,Bank transfer (automatic),17,Fiber optic,No,Yes,95.65,No,0.1,No,Low
6979-ZNSFF,Month-to-month,Electronic check,8,Fiber optic,No,No,87.05,Yes,0.83,Yes,Critical
5751-USDBL,Two year,Mailed check,46,DSL,Yes,Yes,81.0,No,0.0,No,Low
5680-LQOGP,Two year,Credit card (automatic),68,DSL,Yes,Yes,82.45,No,0.0,No,Low
2386-LAHRK,Month-to-month,Mailed check,1,DSL,No,No,53.5,Yes,0.61,Yes,High
8189-DUKMV,One year,Bank transfer (automatic),4,No,No internet service,No internet service,20.5,No,0.03,No,Low
6032-IGALN,Month-to-month,Mailed check,1,DSL,No,No,25.1,Yes,0.67,Yes,High
9931-DCEZH,One year,Credit card (automatic),28,DSL,No,Yes,54.4,No,0.15,No,Low
1898-JSNDC,One year,Credit card (automatic),39,DSL,No,No,58.6,No,0.02,No,Low
0315-LVCRK,Month-to-month,Electronic check,11,Fiber optic,No,No,84.8,No,0.17,No,Low
3911-RSNHI,Two year,Credit card (automatic),71,DSL,No,Yes,61.4,No,0.01,No,Low
2410-CIYFZ,Month-to-month,Mailed check,2,No,No internet service,No internet service,20.4,No,0.0,No,Low
4248-HCETZ,Month-to-month,Mailed check,30,Fiber optic,No,No,79.65,Yes,0.67,Yes,High
5505-OVWQW,One year,Mailed check,17,No,No internet service,No internet service,20.15,No,0.0,No,Low
7271-AJDTL,Month-to-month,Credit card (automatic),55,Fiber optic,No,No,94.45,No,0.11,No,Low
1867-TJHTS,Month-to-month,Bank transfer (automatic),58,Fiber optic,Yes,No,79.8,No,0.11,No,Low
0516-WJVXC,Month-to-month,Electronic check,5,DSL,Yes,Yes,54.2,Yes,0.7,Yes,High
9174-FKWZE,Month-to-month,Electronic check,1,No,No internet service,No internet service,19.45,Yes,0.77,Yes,Critical
6860-YRJZP,Month-to-month,Electronic check,9,Fiber optic,No,No,74.05,No,0.24,No,Low
4429-WYGFR,Month-to-month,Bank transfer (automatic),26,DSL,No,Yes,49.15,No,0.07,No,Low
2817-LVCPP,Two year,Credit card (automatic),50,No,No internet service,No internet service,19.4,No,0.0,No,Low
5038-ETMLM,Two year,Bank transfer (automatic),72,Fiber optic,Yes,Yes,113.65,No,0.0,No,Low
5056-FIMPT,One year,Credit card (automatic),43,Fiber optic,Yes,Yes,106.0,No,0.15,No,Low
4521-WFJAI,Two year,Bank transfer (automatic),56,No,No internet service,No internet service,25.95,No,0.07,No,Low
6569-KTMDU,Month-to-month,Mailed check,1,No,No internet service,No internet service,19.1,No,0.111,No,Low
8809-RIHDD,Two year,Electronic check,72,Fiber optic,No,No,103.4,Yes,0.66,Yes,High
8809-XKHMD,Two year,Bank transfer (automatic),72,Fiber optic,Yes,Yes,100.55,No,0.03,No,Low
0396-YCHWO,Month-to-month,Electronic check,36,Fiber optic,No,No,95.4,No,0.33,No,Medium
0867-LDTTC,Month-to-month,Bank transfer (automatic),5,DSL,No,Yes,75.15,No,0.08,No,Low
4822-NGOCH,Month-to-month,Electronic check,13,Fiber optic,No,No,84.45,Yes,0.92,Yes,Critical
9391-DXGGG,One year,Credit card (automatic),44,Fiber optic,No,No,89.15,No,0.07,No,Low
9844-FELAJ,One year,Electronic check,70,Fiber optic,No,Yes,107.9,No,0.2,No,Low
2122-SZZZD,One year,Credit card (automatic),44,No,No internet service,No internet service,19.5,No,0.0,No,Low
5307-DZCVC,Month-to-month,Credit card (automatic),32,Fiber optic,No,No,85.95,Yes,0.76,Yes,Critical
3148-AOIQT,Two year,Credit card (automatic),69,No,No internet service,No internet service,24.95,No,0.0,No,Low
8679-JOEVF,Month-to-month,Electronic check,16,DSL,No,Yes,59.4,Yes,0.76,Yes,Critical
8395-ETZKQ,One year,Bank transfer (automatic),68,No,No internet service,No internet service,19.5,No,0.01,No,Low
6692-YQHXC,Month-to-month,Credit card (automatic),16,Fiber optic,No,No,69.95,No,0.19,No,Low
3889-VWBID,Two year,Bank transfer (automatic),68,DSL,Yes,Yes,82.85,No,0.01,No,Low
5222-JCXZT,Month-to-month,Mailed check,4,No,No internet service,No internet service,19.0,No,0.01,No,Low
9754-CLVZW,Month-to-month,Credit card (automatic),26,DSL,Yes,Yes,38.85,No,0.09,No,Low
1432-FPAXX,Month-to-month,Electronic check,29,DSL,No,No,30.6,Yes,0.82,Yes,Critical
2739-CCZMB,Month-to-month,Credit card (automatic),5,No,No internet service,No internet service,20.35,No,0.03,No,Low
7080-TNUWP,One year,Bank transfer (automatic),70,Fiber optic,No,No,95.0,No,0.02,No,Low
0496-AHOOK,One year,Bank transfer (automatic),24,DSL,Yes,Yes,74.4,No,0.04,No,Low
8336-TAVKX,Two year,Bank transfer (automatic),72,DSL,Yes,Yes,78.45,No,0.0,No,Low
2468-SJFLM,Month-to-month,Mailed check,1,Fiber optic,No,Yes,74.3,No,0.25,No,Low
3181-VTHOE,One year,Bank transfer (automatic),70,DSL,No,Yes,51.05,No,0.09,No,Low
7168-HDQHG,Month-to-month,Bank transfer (automatic),36,No,No internet service,No internet service,19.2,No,0.03,No,Low
4803-AXVYP,Month-to-month,Electronic check,38,Fiber optic,No,Yes,99.55,Yes,0.85,Yes,Critical
3884-HCSWG,Month-to-month,Electronic check,17,Fiber optic,No,No,70.0,Yes,0.65,Yes,High
4567-AKPIA,One year,Bank transfer (automatic),41,Fiber optic,No,Yes,109.1,No,0.06,No,Low
5077-DXTCG,Month-to-month,Electronic check,1,DSL,No,No,45.3,Yes,0.9,Yes,Critical
1142-WACZW,Month-to-month,Bank transfer (automatic),2,DSL,No,Yes,29.85,Yes,0.78,Yes,Critical
7901-HXJVA,Month-to-month,Electronic check,14,Fiber optic,No,No,76.45,No,0.16,No,Low
5649-ANRML,Month-to-month,Credit card (automatic),2,Fiber optic,No,Yes,95.1,Yes,0.86,Yes,Critical
4892-VLANZ,Month-to-month,Mailed check,1,No,No internet service,No internet service,19.8,Yes,0.6813571428571428,Yes,High
5924-IFQTT,Month-to-month,Electronic check,13,DSL,No,Yes,72.8,No,0.07,No,Low
7968-QUXNS,Month-to-month,Mailed check,6,No,No internet service,No internet service,18.95,No,0.0,No,Low
2919-HBCJO,Month-to-month,Bank transfer (automatic),4,Fiber optic,No,No,76.65,Yes,0.53,Yes,Medium
4236-XPXAV,Month-to-month,Mailed check,5,Fiber optic,No,Yes,99.15,Yes,0.88,Yes,Critical
8903-WMRNW,Month-to-month,Electronic check,15,Fiber optic,Yes,No,101.75,No,0.26,No,Low
2452-SNHFZ,Month-to-month,Credit card (automatic),47,Fiber optic,Yes,No,75.45,No,0.1,No,Low
3629-WEAAM,Month-to-month,Mailed check,8,DSL,No,Yes,64.1,No,0.06,No,Low
6029-CSMJE,Month-to-month,Mailed check,17,DSL,No,No,25.65,No,0.03,No,Low
7993-NQLJE,Month-to-month,Mailed check,15,Fiber optic,Yes,No,75.1,No,0.08,No,Low
9909-DFRJA,One year,Bank transfer (automatic),26,Fiber optic,Yes,Yes,95.85,No,0.15,No,Low
9099-FTUHS,Month-to-month,Electronic check,23,DSL,Yes,No,54.4,No,0.08,No,Low
0581-BXBUB,Month-to-month,Electronic check,4,Fiber optic,No,No,72.75,No,0.46,No,Medium
4962-CHQPW,One year,Mailed check,29,No,No internet service,No internet service,19.85,No,0.0,No,Low
9467-ROOLM,Month-to-month,Mailed check,25,No,No internet service,No internet service,19.05,No,0.0,No,Low
3030-YZADT,Month-to-month,Mailed check,9,DSL,No,No,44.95,Yes,0.68,Yes,High
7410-KTVFV,Month-to-month,Mailed check,18,DSL,No,No,49.55,Yes,0.16,No,Low
5150-ITWWB,Month-to-month,Electronic check,3,Fiber optic,No,No,94.85,No,0.32,No,Medium
2253-KPMNB,Two year,Bank transfer (automatic),69,DSL,Yes,Yes,46.25,No,0.01,No,Low
1345-ZUKID,One year,Mailed check,14,No,No internet service,No internet service,19.35,No,0.0,No,Low
6429-SHBCB,Month-to-month,Mailed check,19,DSL,No,No,69.6,No,0.21,No,Low
9281-OFDMF,Month-to-month,Electronic check,39,Fiber optic,No,No,90.7,No,0.11,No,Low
2603-HVKCG,Month-to-month,Electronic check,31,Fiber optic,No,No,101.4,No,0.1,No,Low
1834-WULEG,One year,Mailed check,24,No,No internet service,No internet service,20.25,No,0.0,No,Low
9097-ZUBYC,Month-to-month,Bank transfer (automatic),14,DSL,No,Yes,48.8,No,0.3,No,Medium
5148-ORICT,Two year,Mailed check,64,DSL,Yes,Yes,74.35,No,0.01,No,Low
4893-GYUJU,One year,Mailed check,50,No,No internet service,No internet service,19.35,No,0.0,No,Low
4578-PHJYZ,One year,Electronic check,52,DSL,No,Yes,68.75,No,0.01,No,Low
7272-QDCKA,One year,Electronic check,28,Fiber optic,No,No,100.2,No,0.17,No,Low
8908-SLFCJ,Two year,Credit card (automatic),21,No,No internet service,No internet service,20.85,No,0.0,No,Low
8393-DLHGA,Month-to-month,Electronic check,25,Fiber optic,No,No,95.9,Yes,0.41,No,Medium
9766-HGEDE,One year,Mailed check,17,No,No internet service,No internet service,19.35,No,0.01,No,Low
6968-MHOMU,One year,Credit card (automatic),58,DSL,No,No,45.0,No,0.37,No,Medium
7395-IGJOS,Month-to-month,Bank transfer (automatic),17,Fiber optic,No,No,81.5,Yes,0.85,Yes,Critical
5044-XDPYX,Two year,Mailed check,51,No,No internet service,No internet service,25.5,No,0.01,No,Low
1814-WFGVS,Two year,Mailed check,72,DSL,Yes,Yes,48.9,No,0.0,No,Low
2834-SPCJV,Month-to-month,Electronic check,52,Fiber optic,Yes,No,84.1,Yes,0.77,Yes,Critical
3721-WKIIL,Two year,Mailed check,27,No,No internet service,No internet service,19.6,No,0.0,No,Low
6734-CKRSM,Month-to-month,Mailed check,3,No,No internet service,No internet service,20.0,No,0.07,No,Low
1265-ZFOSD,Two year,Mailed check,64,DSL,Yes,Yes,81.3,No,0.0,No,Low
6568-POCUI,Two year,Credit card (automatic),45,Fiber optic,No,Yes,95.2,No,0.03,No,Low
7890-VYYWG,Month-to-month,Mailed check,3,DSL,No,No,36.45,Yes,0.81,Yes,Critical
5197-LQXXH,Two year,Credit card (automatic),71,DSL,No,Yes,83.3,No,0.0,No,Low
9907-SWKKF,Month-to-month,Mailed check,1,DSL,No,No,25.05,Yes,0.78,Yes,Critical
3457-PQBYH,Two year,Credit card (automatic),58,No,No internet service,No internet service,20.3,No,0.0,No,Low
7682-AZNDK,Month-to-month,Electronic check,34,Fiber optic,No,No,89.85,No,0.09,No,Low
0587-DMGBH,Month-to-month,Electronic check,8,DSL,Yes,No,49.85,Yes,0.8,Yes,Critical
5384-ZTTWP,Month-to-month,Mailed check,15,No,No internet service,No internet service,19.8,No,0.02,No,Low
3745-HRPHI,Two year,Bank transfer (automatic),66,DSL,No,Yes,54.65,No,0.0,No,Low
7636-OWBPG,Month-to-month,Credit card (automatic),12,DSL,No,No,29.35,No,0.13,No,Low
1231-YNDEK,Two year,Bank transfer (automatic),58,No,No internet service,No internet service,19.15,No,0.0,No,Low
1407-DIGZV,Two year,Mailed check,3,No,No internet service,No internet service,19.1,No,0.0,No,Low
6397-JNZZG,Month-to-month,Credit card (automatic),43,DSL,No,No,55.55,Yes,0.68,Yes,High
0570-BFQHT,Month-to-month,Electronic check,9,Fiber optic,No,No,80.55,No,0.16,No,Low
4393-OBCRR,One year,Mailed check,3,No,No internet service,No internet service,20.25,No,0.01,No,Low
3523-QRQLL,One year,Bank transfer (automatic),22,DSL,No,No,69.5,Yes,0.19,No,Low
8564-LDKFL,One year,Bank transfer (automatic),40,Fiber optic,No,No,106.0,No,0.09,No,Low
3696-DFHHB,Two year,Bank transfer (automatic),68,No,No internet service,No internet service,25.5,No,0.0,No,Low
0895-DQHEW,Month-to-month,Electronic check,54,Fiber optic,No,No,104.3,Yes,0.85,Yes,Critical
4717-GHADL,Two year,Mailed check,50,DSL,No,Yes,79.6,No,0.02,No,Low
5501-TVMGM,Month-to-month,Electronic check,1,DSL,No,No,55.25,No,0.75,Yes,Critical
5879-HMFFH,Two year,Bank transfer (automatic),72,DSL,Yes,Yes,88.05,No,0.0,No,Low
6772-WFQRD,One year,Bank transfer (automatic),40,No,No internet service,No internet service,20.4,No,0.0,No,Low
3810-DVDQQ,Two year,Bank transfer (automatic),72,Fiber optic,Yes,Yes,117.6,No,0.02,No,Low
6972-SNKKW,Month-to-month,Mailed check,6,No,No internet service,No internet service,20.0,No,0.01,No,Low
3694-GLTJM,Month-to-month,Credit card (automatic),5,No,No internet service,No internet service,19.65,No,0.11,No,Low
8550-XSXUQ,One year,Credit card (automatic),48,DSL,No,No,70.55,No,0.03,No,Low
8149-RSOUN,Month-to-month,Electronic check,1,Fiber optic,No,No,93.85,Yes,1.0,Yes,Critical
9055-MOJJJ,One year,Mailed check,64,DSL,Yes,Yes,65.8,No,0.0,No,Low
4359-INNWN,One year,Credit card (automatic),17,No,No internet service,No internet service,20.05,No,0.0,No,Low
0585-EGDDA,Month-to-month,Electronic check,40,Fiber optic,No,No,80.0,No,0.13,No,Low
4032-RMHCI,One year,Credit card (automatic),41,DSL,Yes,No,35.4,No,0.02,No,Low
0549-CYCQN,One year,Bank transfer (automatic),51,Fiber optic,No,No,79.6,No,0.01,No,Low
3481-JHUZH,Month-to-month,Electronic check,41,Fiber optic,No,No,80.25,No,0.15,No,Low
7250-EQKIY,Month-to-month,Mailed check,1,DSL,No,No,50.45,Yes,0.65,Yes,High
3594-IVHJZ,Month-to-month,Mailed check,2,No,No internet service,No internet service,20.45,No,0.01,No,Low
6869-FGJJC,One year,Credit card (automatic),68,Fiber optic,No,No,79.6,No,0.03,No,Low
3896-ZVNET,Two year,Mailed check,24,No,No internet service,No internet service,24.7,No,0.0,No,Low
8205-VSLRB,Two year,Credit card (automatic),70,DSL,Yes,Yes,77.3,No,0.03,No,Low
5960-MVTUK,Month-to-month,Electronic check,3,DSL,No,Yes,29.75,No,0.24,No,Low
6817-WTYHE,Month-to-month,Bank transfer (automatic),2,DSL,No,No,44.9,No,0.29,No,Low
3082-VQXNH,Month-to-month,Credit card (automatic),3,DSL,No,No,29.8,No,0.22,No,Low
4013-UBXWQ,Month-to-month,Electronic check,7,DSL,No,Yes,74.65,Yes,0.75,Yes,Critical
4931-TRZWN,Month-to-month,Electronic check,13,DSL,Yes,No,71.95,No,0.19,No,Low
0750-EKNGL,Month-to-month,Mailed check,7,No,No internet service,No internet service,20.75,No,0.12,No,Low
7669-LCRSD,Month-to-month,Mailed check,12,DSL,No,No,56.3,No,0.13,No,Low
3567-PQTSO,One year,Electronic check,53,Fiber optic,No,No,105.25,No,0.14,No,Low
5519-NPHVG,Month-to-month,Electronic check,12,Fiber optic,No,No,94.2,Yes,0.91,Yes,Critical
8043-PNYSD,Two year,Mailed check,63,No,No internet service,No internet service,19.55,No,0.0,No,Low
9938-EKRGF,Month-to-month,Mailed check,15,DSL,Yes,Yes,84.45,No,0.09,No,Low
2703-AMTUL,One year,Mailed check,36,DSL,Yes,No,53.65,No,0.0,No,Low
0928-JMXNP,Month-to-month,Electronic check,4,DSL,No,No,29.9,No,0.28,No,Low
8173-RXAYP,Two year,Mailed check,24,No,No internet service,No internet service,19.7,No,0.0,No,Low
4825-XJGDM,One year,Credit card (automatic),61,DSL,Yes,Yes,43.7,No,0.02,No,Low
5402-HTOTQ,Month-to-month,Electronic check,16,DSL,No,No,55.3,No,0.33,No,Medium
6734-JDTTV,Two year,Credit card (automatic),65,No,No internet service,No internet service,19.85,No,0.0,No,Low
7850-THJMU,Two year,Credit card (automatic),26,No,No internet service,No internet service,19.65,No,0.0,No,Low
3890-RTCMS,Month-to-month,Mailed check,16,DSL,No,Yes,49.45,No,0.09,No,Low
8849-GYOKR,One year,Bank transfer (automatic),54,Fiber optic,Yes,No,106.55,Yes,0.22,No,Low
3148-BLQJT,Month-to-month,Mailed check,1,No,No internet service,No internet service,20.1,Yes,0.99,Yes,Critical
3717-FDJFU,Two year,Mailed check,5,No,No internet service,No internet service,20.45,No,0.01,No,Low
3665-JATSN,Month-to-month,Electronic check,19,DSL,No,No,39.7,No,0.15,No,Low
7966-YOTQW,Month-to-month,Credit card (automatic),10,DSL,Yes,No,54.5,No,0.13,No,Low
0461-CVKMU,Month-to-month,Electronic check,23,Fiber optic,No,Yes,83.8,Yes,0.77,Yes,Critical
8806-EAGWC,Month-to-month,Mailed check,3,DSL,No,No,55.15,Yes,0.82,Yes,Critical
8853-TZDGH,Two year,Bank transfer (automatic),72,Fiber optic,No,Yes,111.6,No,0.01,No,Low
7779-LGOVN,Month-to-month,Electronic check,10,Fiber optic,No,No,86.65,Yes,0.97,Yes,Critical
4324-BZCKL,Month-to-month,Mailed check,10,DSL,No,No,55.55,No,0.15,No,Low
6924-TDGMT,One year,Mailed check,11,No,No internet service,No internet service,20.55,No,0.0,No,Low
9710-ZUSHQ,Month-to-month,Bank transfer (automatic),37,Fiber optic,Yes,No,106.75,Yes,0.31,No,Medium
1536-YHDOE,One year,Mailed check,17,DSL,Yes,Yes,62.1,No,0.0,No,Low
8123-QBNAZ,Month-to-month,Credit card (automatic),36,Fiber optic,Yes,No,104.5,No,0.19,No,Low
3629-ZNKXA,Month-to-month,Electronic check,17,Fiber optic,No,No,101.8,No,0.17,No,Low
4827-LTQRJ,One year,Credit card (automatic),66,Fiber optic,Yes,Yes,110.6,No,0.06,No,Low
7711-YIJWC,One year,Bank transfer (automatic),61,DSL,Yes,Yes,84.9,No,0.07,No,Low
5482-VXSXJ,Month-to-month,Mailed check,22,Fiber optic,No,No,93.2,No,0.23,No,Low
7365-BVCJH,Month-to-month,Electronic check,1,DSL,No,No,24.4,No,0.34,No,Medium
9620-ENEJV,Month-to-month,Credit card (automatic),6,Fiber optic,No,No,70.55,No,0.21,No,Low
4183-WCSEP,Month-to-month,Electronic check,31,Fiber optic,No,Yes,78.45,Yes,0.71,Yes,High
2378-YIZKA,Two year,Credit card (automatic),68,DSL,Yes,Yes,85.0,No,0.0,No,Low
5498-TXHLF,Month-to-month,Electronic check,34,Fiber optic,No,No,87.45,Yes,0.8,Yes,Critical
0689-DSXGL,Month-to-month,Bank transfer (automatic),52,Fiber optic,No,Yes,85.8,No,0.05,No,Low
6818-DJXAA,Month-to-month,Electronic check,10,Fiber optic,No,Yes,91.1,No,0.23,No,Low
9722-UJOJR,Month-to-month,Electronic check,29,Fiber optic,No,No,70.75,Yes,0.83,Yes,Critical
0464-WJTKO,Two year,Bank transfer (automatic),72,No,No internet service,No internet service,20.1,No,0.0,No,Low
8902-ZEOVF,One year,Mailed check,47,No,No internet service,No internet service,20.05,No,0.0,No,Low
6778-EICRF,One year,Mailed check,24,DSL,Yes,No,74.8,No,0.01,No,Low
2662-NNTDK,One year,Credit card (automatic),65,No,No internet service,No internet service,24.8,No,0.08,No,Low
4132-KALRO,Month-to-month,Mailed check,4,Fiber optic,No,Yes,100.85,No,0.33,No,Medium
3902-FOIGH,Month-to-month,Electronic check,12,Fiber optic,No,No,101.35,Yes,0.96,Yes,Critical
6772-KSATR,Month-to-month,Electronic check,1,Fiber optic,Yes,No,81.7,Yes,0.84,Yes,Critical
7112-OPOTK,Month-to-month,Electronic check,33,Fiber optic,No,No,68.25,Yes,0.74,Yes,High
2874-YXVVA,Month-to-month,Electronic check,34,Fiber optic,No,Yes,105.1,No,0.1,No,Low
1245-HARPS,Two year,Mailed check,14,No,No internet service,No internet service,20.4,No,0.01,No,Low
4210-QFJMF,Month-to-month,Electronic check,4,Fiber optic,No,No,79.15,Yes,0.98,Yes,Critical
4323-ELYYB,One year,Mailed check,13,No,No internet service,No internet service,20.0,No,0.03,No,Low
4293-ETKAP,Two year,Bank transfer (automatic),65,DSL,No,Yes,79.4,No,0.02,No,Low
6064-PUPMC,One year,Credit card (automatic),23,DSL,Yes,Yes,57.2,No,0.05,No,Low
6504-VBLFL,Two year,Electronic check,55,DSL,Yes,No,58.6,No,0.05,No,Low
6322-PJJDJ,Two year,Electronic check,49,Fiber optic,No,No,94.8,No,0.11,No,Low
0330-BGYZE,One year,Bank transfer (automatic),60,Fiber optic,No,No,102.5,No,0.11,No,Low
1085-LDWAM,One year,Credit card (automatic),69,No,No internet service,No internet service,20.35,No,0.01,No,Low
7586-ZATGZ,Month-to-month,Electronic check,40,Fiber optic,No,No,84.9,No,0.22,No,Low
7197-VOJMM,Two year,Credit card (automatic),67,DSL,Yes,Yes,69.2,No,0.0,No,Low
3318-OSATS,Month-to-month,Electronic check,35,Fiber optic,No,No,95.45,Yes,0.91,Yes,Critical
5828-AVIPD,One year,Electronic check,19,Fiber optic,No,Yes,100.95,Yes,0.49,No,Medium
1843-TLSGD,Two year,Mailed check,13,No,No internet service,No internet service,20.85,No,0.0,No,Low
9626-VFRGG,Month-to-month,Bank transfer (automatic),41,Fiber optic,No,No,88.5,No,0.17,No,Low
7075-BNDVQ,Month-to-month,Mailed check,4,DSL,Yes,No,35.0,No,0.05,No,Low
9143-CANJF,Month-to-month,Electronic check,24,DSL,Yes,Yes,55.15,No,0.19,No,Low
7284-BUYEC,Month-to-month,Credit card (automatic),5,DSL,No,No,50.95,No,0.2,No,Low
2041-JIJCI,Month-to-month,Electronic check,5,DSL,No,No,64.0,No,0.35,No,Medium
1086-LXKFY,Month-to-month,Mailed check,1,Fiber optic,No,No,69.1,Yes,0.95,Yes,Critical
4900-MSOMT,Two year,Bank transfer (automatic),72,DSL,Yes,Yes,80.2,No,0.0,No,Low
2229-VWQJH,Month-to-month,Credit card (automatic),24,DSL,No,No,49.3,No,0.06,No,Low
9194-GFVOI,Two year,Credit card (automatic),42,DSL,Yes,Yes,84.35,No,0.03,No,Low
1336-EZFZY,Month-to-month,Mailed check,4,No,No internet service,No internet service,20.05,No,0.06,No,Low
4282-MSACW,One year,Credit card (automatic),68,Fiber optic,Yes,Yes,117.2,No,0.19,No,Low
1403-LKLIK,One year,Mailed check,33,No,No internet service,No internet service,20.1,No,0.0,No,Low
2636-ALXXZ,Month-to-month,Electronic check,1,Fiber optic,No,No,69.6,Yes,1.0,Yes,Critical
7774-OJSXI,One year,Electronic check,31,Fiber optic,No,No,103.45,Yes,0.73,Yes,High
7786-WBJYI,Month-to-month,Bank transfer (automatic),4,Fiber optic,No,No,77.95,Yes,0.87,Yes,Critical
0136-IFMYD,Two year,Electronic check,69,Fiber optic,No,Yes,109.95,No,0.12,No,Low
5144-TVGLP,Month-to-month,Electronic check,38,Fiber optic,No,No,94.75,No,0.41,No,Medium
9643-AVVWI,Month-to-month,Electronic check,3,Fiber optic,No,Yes,80.0,No,0.73,Yes,High
0253-ZTEOB,Two year,Electronic check,48,DSL,No,Yes,79.65,No,0.0,No,Low
2706-QZIHY,Two year,Mailed check,15,No,No internet service,No internet service,25.2,No,0.01,No,Low
6061-PQHMK,One year,Credit card (automatic),25,No,No internet service,No internet service,19.9,No,0.0,No,Low
9885-CSMWE,Month-to-month,Electronic check,1,Fiber optic,No,No,78.45,Yes,0.95,Yes,Critical
6137-MFAJN,Month-to-month,Electronic check,48,DSL,Yes,No,44.8,No,0.17,No,Low
9122-UMROB,Month-to-month,Mailed check,1,No,No internet service,No internet service,20.3,No,0.025357142857142856,No,Low
4232-JGKIY,Month-to-month,Electronic check,1,No,No internet service,No internet service,19.2,No,0.13,No,Low
2402-TAIRZ,One year,Electronic check,37,Fiber optic,No,No,80.05,No,0.06,No,Low
9659-ZTWSM,One year,Bank transfer (automatic),66,Fiber optic,No,Yes,107.35,No,0.09,No,Low
9139-TWBAS,One year,Bank transfer (automatic),26,DSL,Yes,No,47.85,No,0.04,No,Low
6685-GBWJZ,One year,Credit card (automatic),63,DSL,Yes,Yes,70.8,No,0.03,No,Low
5016-ETTFF,Month-to-month,Mailed check,10,DSL,No,No,29.5,Yes,0.75,Yes,Critical
3866-MDTUB,Month-to-month,Electronic check,2,DSL,Yes,No,70.75,Yes,0.71,Yes,High
2195-VVRJF,Month-to-month,Credit card (automatic),18,DSL,Yes,No,59.1,No,0.21,No,Low
3913-RDSJZ,Two year,Mailed check,64,No,No internet service,No internet service,25.55,No,0.0,No,Low
8058-JMEQO,Month-to-month,Electronic check,9,Fiber optic,No,No,84.45,Yes,0.98,Yes,Critical
4203-QGNZA,Month-to-month,Mailed check,28,No,No internet service,No internet service,20.25,No,0.0,No,Low
5043-TRZWM,Month-to-month,Electronic check,1,Fiber optic,No,No,75.55,No,0.4,No,Medium
0697-ZMSWS,Month-to-month,Electronic check,4,Fiber optic,No,No,85.65,Yes,0.96,Yes,Critical
7657-DYEPJ,One year,Credit card (automatic),38,DSL,No,Yes,70.15,Yes,0.67,Yes,High
9494-BDNNC,One year,Electronic check,66,Fiber optic,No,No,95.3,No,0.18,No,Low
1640-PLFMP,Month-to-month,Electronic check,1,Fiber optic,No,No,70.25,No,0.31,No,Medium
5366-OBVMR,Month-to-month,Mailed check,18,DSL,No,Yes,50.3,No,0.09,No,Low
8276-MQBYC,Month-to-month,Electronic check,51,Fiber optic,No,No,97.8,Yes,0.85,Yes,Critical
7644-OMVMY,Two year,Mailed check,0,No,No internet service,No internet service,19.85,No,0.01,No,Low
7593-XFKDI,Month-to-month,Mailed check,1,DSL,No,No,46.3,Yes,0.85,Yes,Critical
4573-JKNAE,Two year,Bank transfer (automatic),12,No,No internet service,No internet service,19.35,No,0.04,No,Low
0337-CNPZE,Month-to-month,Electronic check,41,Fiber optic,No,No,106.3,Yes,0.81,Yes,Critical
9817-APLHW,Month-to-month,Electronic check,12,No,No internet service,No internet service,25.0,No,0.05,No,Low
8380-MQINP,Two year,Mailed check,55,No,No internet service,No internet service,20.3,No,0.0,No,Low
0840-DFEZH,Month-to-month,Electronic check,7,Fiber optic,No,No,75.35,No,0.28,No,Low
1513-XNPPH,Month-to-month,Electronic check,12,Fiber optic,No,Yes,89.4,Yes,0.71,Yes,High
8690-ZVLCL,Two year,Credit card (automatic),68,DSL,Yes,Yes,88.0,No,0.0,No,Low
6015-VVHHE,Month-to-month,Credit card (automatic),5,Fiber optic,No,No,83.15,Yes,0.94,Yes,Critical
1125-SNVCK,Month-to-month,Mailed check,49,DSL,No,No,43.8,No,0.08,No,Low
0384-LPITE,One year,Credit card (automatic),40,DSL,Yes,No,62.05,No,0.05,No,Low
4616-EWBNJ,One year,Bank transfer (automatic),16,No,No internet service,No internet service,20.1,No,0.08,No,Low
6347-DCUIK,Month-to-month,Mailed check,10,Fiber optic,No,No,74.15,Yes,0.86,Yes,Critical
1335-HQMKX,One year,Electronic check,72,Fiber optic,No,No,101.35,No,0.1,No,Low
2545-EBUPK,Month-to-month,Electronic check,2,Fiber optic,No,No,84.05,No,0.97,Yes,Critical
6923-AQONU,Two year,Mailed check,23,No,No internet service,No internet service,20.9,No,0.0,No,Low
2172-EJXVF,One year,Electronic check,71,Fiber optic,No,No,105.9,No,0.04,No,Low
0897-FEGMU,Month-to-month,Electronic check,11,Fiber optic,No,No,99.5,Yes,0.97,Yes,Critical
7663-RGWBC,Month-to-month,Mailed check,1,DSL,No,No,44.15,Yes,0.14,No,Low
1120-BMWUB,Month-to-month,Mailed check,16,DSL,No,Yes,53.9,Yes,0.67,Yes,High
9124-LHCJQ,Month-to-month,Mailed check,1,Fiber optic,No,No,85.45,Yes,0.99,Yes,Critical
4536-PLEQY,Month-to-month,Credit card (automatic),12,Fiber optic,No,No,85.05,No,0.21,No,Low
7029-IJEJK,One year,Bank transfer (automatic),54,DSL,Yes,Yes,44.1,No,0.02,No,Low
8871-JLMHM,Two year,Credit card (automatic),68,Fiber optic,No,Yes,90.2,No,0.03,No,Low
2235-ZGKPT,Month-to-month,Mailed check,4,DSL,No,No,50.85,Yes,0.75,Yes,Critical
3891-PUQOD,Month-to-month,Electronic check,1,DSL,No,No,59.2,Yes,0.57,Yes,High
5447-VYTKW,Month-to-month,Mailed check,27,DSL,Yes,Yes,53.45,No,0.03,No,Low
3623-FQBOX,Month-to-month,Mailed check,21,No,No internet service,No internet service,19.95,No,0.15,No,Low
0689-NKYLF,Month-to-month,Electronic check,13,Fiber optic,No,No,83.2,Yes,0.81,Yes,Critical
8659-HDIYE,Month-to-month,Credit card (automatic),64,DSL,No,Yes,74.65,No,0.04,No,Low
3658-KIBGF,Month-to-month,Electronic check,1,DSL,Yes,No,54.9,Yes,0.5,No,Medium
3474-BAFSJ,Two year,Bank transfer (automatic),57,DSL,No,Yes,57.5,No,0.0,No,Low
5519-YLDGW,Month-to-month,Electronic check,21,Fiber optic,Yes,No,103.9,Yes,0.92,Yes,Critical
3865-ZFZIB,Two year,Mailed check,19,No,No internet service,No internet service,19.65,No,0.0,No,Low
1855-AGAWH,One year,Electronic check,31,Fiber optic,No,No,93.8,No,0.23,No,Low
7109-CQYUZ,Two year,Mailed check,52,DSL,Yes,Yes,89.25,No,0.0,No,Low
1370-GGAWX,One year,Electronic check,46,Fiber optic,No,No,94.15,No,0.13,No,Low
4680-KUTAJ,Month-to-month,Electronic check,11,DSL,Yes,No,55.6,No,0.15,No,Low
5307-UVGNB,Month-to-month,Bank transfer (automatic),53,DSL,Yes,No,48.7,No,0.04,No,Low
4946-EDSEW,Month-to-month,Mailed check,11,No,No internet service,No internet service,19.25,Yes,0.13,No,Low
2883-ILGWO,Month-to-month,Bank transfer (automatic),57,Fiber optic,No,Yes,104.9,No,0.07,No,Low
2516-VQRRV,Month-to-month,Mailed check,2,Fiber optic,No,No,75.45,Yes,0.91,Yes,Critical
7580-UGXNC,Month-to-month,Mailed check,2,DSL,Yes,No,54.85,Yes,0.83,Yes,Critical
3642-BYHDO,Two year,Bank transfer (automatic),71,No,No internet service,No internet service,19.9,No,0.0,No,Low
9629-NHXFW,Month-to-month,Mailed check,1,No,No internet service,No internet service,19.4,No,0.4,No,Medium
2696-RZVZW,Two year,Credit card (automatic),68,No,No internet service,No internet service,25.05,No,0.0,No,Low
5766-FTRTS,Two year,Mailed check,72,DSL,Yes,Yes,84.45,No,0.0,No,Low
0396-HUJBP,Month-to-month,Mailed check,2,No,No internet service,No internet service,19.3,No,0.04,No,Low
5178-LMXOP,Month-to-month,Electronic check,1,Fiber optic,No,No,95.1,Yes,0.93,Yes,Critical
8879-ZKJOF,One year,Bank transfer (automatic),41,DSL,Yes,Yes,79.85,No,0.03,No,Low
6285-FTQBF,Two year,Credit card (automatic),72,No,No internet service,No internet service,25.55,No,0.0,No,Low
8185-UPYBR,Month-to-month,Electronic check,6,Fiber optic,No,No,75.5,Yes,0.91,Yes,Critical
4585-HETAI,Month-to-month,Electronic check,4,Fiber optic,No,No,73.75,Yes,0.82,Yes,Critical
7526-BEZQB,Month-to-month,Electronic check,12,Fiber optic,No,No,96.05,Yes,0.95,Yes,Critical
1474-JUWSM,One year,Electronic check,58,DSL,Yes,Yes,68.4,No,0.02,No,Low
3530-CRZSB,Month-to-month,Mailed check,7,No,No internet service,No internet service,20.65,No,0.03,No,Low
8498-XXGWA,Month-to-month,Mailed check,65,DSL,Yes,No,55.15,No,0.02,No,Low
9617-INGJY,Month-to-month,Mailed check,1,Fiber optic,No,No,70.6,No,0.33,No,Medium
0621-TSSMU,One year,Credit card (automatic),56,No,No internet service,No internet service,19.95,No,0.0,No,Low
7234-KMNRQ,Month-to-month,Mailed check,4,No,No internet service,No internet service,19.0,No,0.01,No,Low
7636-PEPNS,One year,Mailed check,58,DSL,No,No,44.1,No,0.07,No,Low
4683-WYDOU,Two year,Bank transfer (automatic),62,Fiber optic,No,Yes,107.6,No,0.13,No,Low
9052-DHNKM,One year,Electronic check,26,DSL,Yes,No,61.55,No,0.1,No,Low
6794-HKIAJ,Month-to-month,Bank transfer (automatic),62,Fiber optic,Yes,No,90.7,No,0.03,No,Low
5578-NKCXI,One year,Credit card (automatic),58,Fiber optic,Yes,No,99.25,No,0.06,No,Low
1642-HMARX,Two year,Electronic check,68,DSL,Yes,Yes,91.7,No,0.0,No,Low
3096-WPXBT,One year,Credit card (automatic),61,Fiber optic,Yes,No,100.7,No,0.11,No,Low
8434-PNQZX,Two year,Credit card (automatic),42,DSL,No,Yes,78.45,No,0.0,No,Low
5950-AAAGJ,Month-to-month,Bank transfer (automatic),18,Fiber optic,No,No,84.3,No,0.17,No,Low
4299-OPXEJ,Two year,Bank transfer (automatic),56,No,No internet service,No internet service,19.55,No,0.03,No,Low
4951-UKAAQ,Month-to-month,Electronic check,4,Fiber optic,No,No,88.95,Yes,0.88,Yes,Critical
9618-LFJRU,Month-to-month,Credit card (automatic),4,No,No internet service,No internet service,20.45,No,0.04,No,Low
6693-DJWTY,One year,Credit card (automatic),35,DSL,Yes,No,55.6,No,0.0,No,Low
0744-GKNGE,Month-to-month,Bank transfer (automatic),64,Fiber optic,Yes,Yes,86.8,No,0.05,No,Low
6447-EGDIV,One year,Mailed check,31,No,No internet service,No internet service,20.95,No,0.0,No,Low
1167-OYZJF,Two year,Bank transfer (automatic),67,No,No internet service,No internet service,20.05,No,0.0,No,Low
2108-YKQTY,Month-to-month,Credit card (automatic),4,DSL,No,No,50.7,Yes,0.38,No,Medium
4806-DXQCE,Two year,Electronic check,70,Fiber optic,Yes,Yes,113.65,No,0.0,No,Low
4918-QLLIW,Month-to-month,Credit card (automatic),3,DSL,No,No,53.4,Yes,0.87,Yes,Critical
7056-IMHCC,Month-to-month,Electronic check,53,Fiber optic,No,No,101.9,Yes,0.59,Yes,High
4854-SSLTN,Two year,Mailed check,2,DSL,Yes,Yes,59.5,No,0.04,No,Low
5294-DMSFH,Month-to-month,Credit card (automatic),29,Fiber optic,No,No,87.8,No,0.26,No,Low
4837-PZTIC,Two year,Mailed check,47,DSL,Yes,Yes,41.9,No,0.0,No,Low
1625-JAIIY,One year,Electronic check,68,Fiber optic,No,No,83.0,Yes,0.64,Yes,High
0603-OLQDC,Month-to-month,Mailed check,12,DSL,Yes,No,69.85,No,0.04,No,Low
3272-VUHPV,Month-to-month,Bank transfer (automatic),8,DSL,No,Yes,56.3,No,0.09,No,Low
4176-FXYBO,Month-to-month,Electronic check,54,Fiber optic,Yes,No,109.55,No,0.09,No,Low
1063-DHQJF,Two year,Mailed check,69,Fiber optic,No,Yes,92.15,No,0.02,No,Low
8663-UPDGF,Month-to-month,Bank transfer (automatic),26,DSL,Yes,No,69.5,No,0.09,No,Low
6719-FGEDO,Two year,Bank transfer (automatic),72,Fiber optic,Yes,Yes,97.0,No,0.0,No,Low
1837-YQUCE,Two year,Bank transfer (automatic),70,DSL,Yes,Yes,58.35,No,0.0,No,Low
2947-DOMLJ,Month-to-month,Mailed check,1,DSL,Yes,No,50.6,Yes,0.61,Yes,High
4112-LUEIZ,Month-to-month,Electronic check,10,Fiber optic,No,No,89.5,Yes,0.91,Yes,Critical
0369-ZGOVK,One year,Bank transfer (automatic),28,Fiber optic,No,No,70.4,No,0.08,No,Low
4510-HIMLV,Month-to-month,Electronic check,1,Fiber optic,No,No,69.8,Yes,0.98,Yes,Critical
9919-KNPOO,Month-to-month,Electronic check,21,Fiber optic,No,No,94.3,No,0.25,No,Low
8749-JMNKX,Month-to-month,Bank transfer (automatic),51,Fiber optic,Yes,No,93.8,Yes,0.73,Yes,High
7872-BAAZR,One year,Bank transfer (automatic),53,No,No internet service,No internet service,19.55,No,0.05,No,Low
9391-LMANN,One year,Electronic check,53,Fiber optic,Yes,No,95.95,No,0.05,No,Low
2430-USGXP,Month-to-month,Electronic check,24,Fiber optic,No,No,101.05,Yes,0.87,Yes,Critical
8174-TBVCF,Two year,Credit card (automatic),70,DSL,Yes,Yes,94.8,No,0.0,No,Low
1698-XFZCI,One year,Electronic check,61,Fiber optic,Yes,No,107.75,No,0.07,No,Low
1877-HKBQX,One year,Mailed check,11,DSL,Yes,Yes,54.6,No,0.03,No,Low
4450-DLLMH,Month-to-month,Credit card (automatic),2,Fiber optic,No,No,71.3,No,0.21,No,Low
0428-AXXLJ,One year,Bank transfer (automatic),25,No,No internet service,No internet service,19.5,No,0.0,No,Low
2746-DIJLO,One year,Credit card (automatic),41,DSL,No,No,56.3,No,0.07,No,Low
5955-ERIHD,Month-to-month,Electronic check,18,Fiber optic,No,No,94.7,Yes,0.72,Yes,High
0917-EZOLA,Two year,Bank transfer (automatic),72,Fiber optic,No,No,104.15,Yes,0.74,Yes,High
3508-VLHCZ,Two year,Credit card (automatic),71,DSL,Yes,Yes,90.55,No,0.0,No,Low
4086-ATNFV,One year,Mailed check,34,DSL,Yes,No,60.8,No,0.01,No,Low
0468-YRPXN,Month-to-month,Credit card (automatic),29,Fiber optic,No,Yes,98.8,No,0.1,No,Low
5996-NRVXR,One year,Credit card (automatic),40,Fiber optic,Yes,Yes,98.15,No,0.05,No,Low
3739-YBWAB,One year,Mailed check,36,DSL,Yes,No,35.35,No,0.01,No,Low
7047-FWEYA,One year,Electronic check,46,Fiber optic,No,Yes,103.15,No,0.19,No,Low
2000-MPKCA,One year,Electronic check,58,Fiber optic,Yes,No,107.75,No,0.16,No,Low
9762-YAQAA,One year,Credit card (automatic),39,Fiber optic,No,No,81.4,No,0.06,No,Low
5949-EBSQK,Month-to-month,Credit card (automatic),4,DSL,No,Yes,61.45,Yes,0.28,No,Low
5473-KHBPS,One year,Credit card (automatic),52,Fiber optic,No,No,95.7,No,0.1,No,Low
0100-DUVFC,One year,Electronic check,70,Fiber optic,No,No,104.8,No,0.05,No,Low
5397-TUPSH,One year,Bank transfer (automatic),65,Fiber optic,No,No,70.95,No,0.01,No,Low
8950-MTZNV,Month-to-month,Mailed check,1,DSL,No,No,44.95,No,0.15,No,Low
0326-VDYXE,One year,Electronic check,70,Fiber optic,No,No,97.65,No,0.11,No,Low
6773-LQTVT,Month-to-month,Mailed check,29,DSL,No,No,35.65,No,0.23,No,Low
7274-RTAPZ,Month-to-month,Electronic check,1,Fiber optic,No,No,90.55,Yes,0.94,Yes,Critical
0436-TWFFZ,Two year,Mailed check,67,DSL,Yes,Yes,85.25,No,0.0,No,Low
8566-YPRGL,Month-to-month,Mailed check,1,No,No internet service,No internet service,19.5,No,0.195,No,Low
0311-UNPFF,Month-to-month,Bank transfer (automatic),26,Fiber optic,No,No,88.8,Yes,0.79,Yes,Critical
6609-MXJHJ,Two year,Mailed check,30,No,No internet service,No internet service,25.1,No,0.13,No,Low
2669-OIDSD,Month-to-month,Credit card (automatic),48,Fiber optic,No,Yes,100.05,No,0.13,No,Low
8400-WZICQ,Month-to-month,Electronic check,55,DSL,Yes,No,55.7,No,0.1,No,Low
3834-XUIFC,Month-to-month,Mailed check,7,Fiber optic,No,No,85.2,Yes,0.91,Yes,Critical
9576-SYUHJ,Month-to-month,Electronic check,37,Fiber optic,Yes,No,91.15,No,0.54,Yes,Medium
0410-IPFTY,Month-to-month,Bank transfer (automatic),31,Fiber optic,No,No,83.85,No,0.45,No,Medium
2831-EBWRN,Month-to-month,Electronic check,4,DSL,No,No,45.9,No,0.35,No,Medium
9430-NKQLY,Two year,Credit card (automatic),72,No,No internet service,No internet service,25.1,No,0.02,No,Low
8414-MYSHR,Month-to-month,Electronic check,5,Fiber optic,No,No,91.4,Yes,0.89,Yes,Critical
0247-SLUJI,Month-to-month,Mailed check,1,No,No internet service,No internet service,19.7,No,0.22,No,Low
9402-ORRAH,Month-to-month,Electronic check,15,Fiber optic,No,No,91.5,No,0.19,No,Low
6483-OATDN,Month-to-month,Credit card (automatic),8,DSL,Yes,No,51.3,No,0.18,No,Low
1293-HHSHJ,One year,Mailed check,35,No,No internet service,No internet service,21.1,No,0.01,No,Low
4840-ORQXB,Month-to-month,Electronic check,56,Fiber optic,No,No,104.75,No,0.31,No,Medium
7599-FKVXZ,Month-to-month,Bank transfer (automatic),42,Fiber optic,No,Yes,106.15,Yes,0.85,Yes,Critical
3982-DQLUS,Month-to-month,Electronic check,65,Fiber optic,Yes,No,85.75,No,0.05,No,Low
8610-ZIKJJ,One year,Mailed check,2,No,No internet service,No internet service,20.3,No,0.08,No,Low
3756-VNWDH,One year,Electronic check,65,Fiber optic,Yes,No,100.75,No,0.2,No,Low
7801-KICAO,Month-to-month,Electronic check,18,Fiber optic,No,No,74.15,No,0.13,No,Low
7673-LPRNY,One year,Electronic check,23,DSL,Yes,No,78.55,No,0.1,No,Low
8229-TNIQA,Month-to-month,Mailed check,4,DSL,No,No,45.3,Yes,0.84,Yes,Critical
6060-QBMGV,Two year,Credit card (automatic),70,No,No internet service,No internet service,19.85,No,0.0,No,Low
7339-POGZN,Month-to-month,Electronic check,4,DSL,No,No,50.7,No,0.19,No,Low
2828-SLQPF,Month-to-month,Bank transfer (automatic),19,DSL,No,No,45.0,No,0.34,No,Medium
4465-VDKIQ,Month-to-month,Electronic check,18,Fiber optic,No,No,77.8,No,0.15,No,Low
2921-XWDJH,Month-to-month,Electronic check,38,Fiber optic,Yes,No,83.45,No,0.2,No,Low
6221-AVQYL,Month-to-month,Credit card (automatic),2,Fiber optic,No,No,73.25,Yes,0.86,Yes,Critical
2558-BUOZZ,One year,Bank transfer (automatic),47,Fiber optic,Yes,No,94.8,No,0.02,No,Low
9257-AZMTZ,Two year,Bank transfer (automatic),52,No,No internet service,No internet service,20.1,No,0.0,No,Low
0003-MKNFE,Month-to-month,Mailed check,9,DSL,No,No,59.9,No,0.12,No,Low
0975-UYDTX,One year,Credit card (automatic),26,DSL,Yes,Yes,90.1,No,0.03,No,Low
7743-EXURX,Month-to-month,Electronic check,8,DSL,No,No,51.05,Yes,0.8,Yes,Critical
4682-BLBUC,One year,Electronic check,44,DSL,No,Yes,70.95,No,0.06,No,Low
0975-VOOVL,Month-to-month,Mailed check,3,DSL,No,No,29.2,No,0.12,No,Low
5968-VXZLG,Month-to-month,Bank transfer (automatic),2,DSL,No,No,46.6,No,0.28,No,Low
5569-KGJHX,Month-to-month,Bank transfer (automatic),9,Fiber optic,No,No,85.35,Yes,0.87,Yes,Critical
4988-IQIGL,Month-to-month,Electronic check,1,Fiber optic,No,No,75.35,Yes,0.99,Yes,Critical
5201-FRKKS,Month-to-month,Bank transfer (automatic),25,Fiber optic,Yes,No,74.3,No,0.1,No,Low
9799-CAYJJ,Month-to-month,Electronic check,2,Fiber optic,No,No,69.3,No,0.12,No,Low
7730-IUTDZ,Month-to-month,Electronic check,43,Fiber optic,Yes,No,75.2,Yes,0.78,Yes,Critical
0426-TIRNE,Month-to-month,Mailed check,1,No,No internet service,No internet service,20.9,Yes,0.7059285714285712,Yes,High
5443-SCMKX,One year,Electronic check,58,Fiber optic,No,No,94.3,No,0.07,No,Low
8295-KMENE,Two year,Mailed check,59,DSL,Yes,Yes,76.45,No,0.0,No,Low
6738-ISCBM,One year,Electronic check,44,DSL,Yes,No,54.0,No,0.03,No,Low
9821-BESNZ,One year,Electronic check,66,Fiber optic,No,Yes,104.25,No,0.2,No,Low
3678-MNGZX,Two year,Bank transfer (automatic),68,No,No internet service,No internet service,19.95,No,0.0,No,Low
1335-NTIUC,Month-to-month,Electronic check,9,DSL,No,No,24.95,No,0.66,Yes,High
2916-BQZLN,Month-to-month,Electronic check,19,Fiber optic,Yes,No,84.75,No,0.11,No,Low
4558-CGYCZ,Month-to-month,Mailed check,4,No,No internet service,No internet service,19.75,No,0.01,No,Low
2368-GAKKQ,Two year,Bank transfer (automatic),70,Fiber optic,Yes,Yes,113.65,No,0.01,No,Low
8710-YGLWG,Month-to-month,Mailed check,1,DSL,No,No,44.9,No,0.14,No,Low
3199-XGZCY,Month-to-month,Electronic check,8,Fiber optic,No,No,75.25,No,0.32,No,Medium
3785-KTYSH,Two year,Mailed check,53,No,No internet service,No internet service,24.6,No,0.03,No,Low
6814-ZPWFQ,One year,Bank transfer (automatic),51,No,No internet service,No internet service,25.0,No,0.12,No,Low
4063-EIKNQ,Month-to-month,Bank transfer (automatic),11,No,No internet service,No internet service,20.95,No,0.06,No,Low
6993-YCOBK,Two year,Electronic check,60,Fiber optic,Yes,Yes,110.6,No,0.19,No,Low
5206-HPJKM,Month-to-month,Credit card (automatic),17,DSL,Yes,No,55.5,No,0.06,No,Low
7587-RZNME,Month-to-month,Electronic check,3,DSL,No,No,43.3,Yes,0.81,Yes,Critical
0748-RDGGM,One year,Bank transfer (automatic),70,Fiber optic,Yes,Yes,109.5,Yes,0.69,Yes,High
8393-JMVMB,Month-to-month,Mailed check,1,No,No internet service,No internet service,19.45,No,0.147,No,Low
5019-GQVCR,Month-to-month,Electronic check,43,Fiber optic,No,No,84.85,No,0.13,No,Low
6036-TTFYU,Month-to-month,Mailed check,16,No,No internet service,No internet service,19.6,No,0.04,No,Low
2550-AEVRU,One year,Electronic check,57,DSL,Yes,No,53.45,No,0.01,No,Low
0969-RGKCU,One year,Credit card (automatic),37,No,No internet service,No internet service,19.8,No,0.0,No,Low
0378-CJKPV,Two year,Credit card (automatic),72,Fiber optic,Yes,Yes,112.1,No,0.0,No,Low
4706-AXVKM,Month-to-month,Credit card (automatic),11,Fiber optic,No,No,84.8,Yes,0.71,Yes,High
5889-JTMUL,Month-to-month,Electronic check,50,Fiber optic,No,No,95.05,Yes,0.35,No,Medium
9026-RNUJS,Month-to-month,Electronic check,5,DSL,No,No,50.35,Yes,0.85,Yes,Critical
3746-EUBYR,Month-to-month,Bank transfer (automatic),1,Fiber optic,No,No,74.6,Yes,0.94,Yes,Critical
2332-EFBJY,Month-to-month,Mailed check,16,No,No internet service,No internet service,19.7,Yes,0.6,Yes,High
2880-FPNAE,Month-to-month,Electronic check,2,Fiber optic,No,No,74.2,No,0.17,No,Low
1703-MGIAB,Month-to-month,Mailed check,17,DSL,No,Yes,69.0,No,0.13,No,Low
4311-QTTAI,One year,Credit card (automatic),16,No,No internet service,No internet service,19.35,No,0.01,No,Low
9474-PHLYD,Month-to-month,Electronic check,15,DSL,No,No,59.45,Yes,0.75,Yes,Critical
4318-RAJVY,One year,Mailed check,10,No,No internet service,No internet service,19.8,No,0.01,No,Low
2165-VOEGB,One year,Bank transfer (automatic),46,Fiber optic,Yes,Yes,105.2,Yes,0.19,No,Low
3612-YUNGG,Two year,Credit card (automatic),64,Fiber optic,No,Yes,109.2,No,0.04,No,Low
2254-DLXRI,Month-to-month,Mailed check,1,Fiber optic,No,No,79.15,No,0.9,Yes,Critical
5062-CJJKH,One year,Mailed check,25,DSL,No,No,53.65,No,0.06,No,Low
9028-LIHRP,Two year,Credit card (automatic),71,Fiber optic,Yes,Yes,100.2,No,0.01,No,Low
2219-MVUSO,Month-to-month,Mailed check,8,DSL,No,No,45.15,Yes,0.73,Yes,High
1053-MXTTK,Two year,Bank transfer (automatic),72,Fiber optic,Yes,Yes,108.65,No,0.04,No,Low
1530-ZTDOZ,Month-to-month,Bank transfer (automatic),49,DSL,Yes,No,40.65,No,0.22,No,Low
1301-LOPVR,One year,Credit card (automatic),29,DSL,Yes,Yes,55.35,No,0.02,No,Low
0853-TWRVK,Two year,Bank transfer (automatic),72,Fiber optic,Yes,Yes,105.6,No,0.02,No,Low
8914-RBTSB,Month-to-month,Electronic check,31,Fiber optic,No,No,93.8,Yes,0.34,No,Medium
6212-ATMLK,Month-to-month,Electronic check,50,Fiber optic,No,No,95.7,No,0.3,No,Medium
8200-LGKSR,Two year,Electronic check,71,DSL,Yes,Yes,83.2,No,0.03,No,Low
1568-BEKZM,Two year,Credit card (automatic),70,DSL,Yes,Yes,90.05,No,0.0,No,Low
0670-ANMUU,One year,Credit card (automatic),71,Fiber optic,Yes,Yes,97.65,No,0.05,No,Low
6897-RWMUB,Two year,Bank transfer (automatic),61,DSL,Yes,Yes,68.05,No,0.0,No,Low
0963-ZBDRN,Month-to-month,Electronic check,32,Fiber optic,No,Yes,96.2,Yes,0.56,Yes,High
7594-RQHXR,Month-to-month,Electronic check,1,Fiber optic,No,No,79.6,Yes,0.91,Yes,Critical
6999-CHVCF,Two year,Bank transfer (automatic),68,Fiber optic,Yes,No,102.1,No,0.01,No,Low
6134-KWTBV,Two year,Bank transfer (automatic),62,No,No internet service,No internet service,23.4,No,0.0,No,Low
1077-HUUJM,Month-to-month,Electronic check,7,Fiber optic,No,No,71.05,No,0.69,Yes,High
6331-EWIEB,Month-to-month,Electronic check,20,Fiber optic,No,No,85.25,Yes,0.81,Yes,Critical
0895-LNKRC,One year,Mailed check,6,No,No internet service,No internet service,19.45,No,0.0,No,Low
2045-BMBTJ,Month-to-month,Bank transfer (automatic),33,DSL,Yes,No,59.45,No,0.13,No,Low
8417-GSODA,One year,Bank transfer (automatic),28,Fiber optic,No,No,92.2,No,0.03,No,Low
5171-EPLKN,Two year,Credit card (automatic),27,No,No internet service,No internet service,19.85,No,0.0,No,Low
4452-QIIEB,Month-to-month,Mailed check,7,DSL,No,No,43.9,No,0.11,No,Low
5998-VVEJY,Month-to-month,Electronic check,26,Fiber optic,No,Yes,80.5,Yes,0.85,Yes,Critical
1624-NALOJ,Month-to-month,Electronic check,5,Fiber optic,No,No,89.8,Yes,0.94,Yes,Critical
6741-EGCBI,Month-to-month,Credit card (automatic),30,Fiber optic,Yes,No,90.5,No,0.19,No,Low
7820-ZYGNY,One year,Credit card (automatic),63,Fiber optic,No,No,90.45,No,0.09,No,Low
4317-VTEOA,Month-to-month,Electronic check,1,DSL,No,No,50.75,Yes,0.53,Yes,Medium
9677-AVKED,One year,Electronic check,53,DSL,No,Yes,84.6,No,0.04,No,Low
1670-SVOWZ,Month-to-month,Credit card (automatic),14,Fiber optic,No,Yes,89.65,Yes,0.76,Yes,Critical
2227-JRSJX,Month-to-month,Bank transfer (automatic),21,Fiber optic,No,Yes,99.15,No,0.36,No,Medium
9847-HNVGP,One year,Mailed check,17,No,No internet service,No internet service,19.95,No,0.0,No,Low
6696-YDAYZ,Two year,Mailed check,16,No,No internet service,No internet service,20.5,No,0.0,No,Low
8980-WQFWL,Month-to-month,Electronic check,35,DSL,No,No,62.1,No,0.1,No,Low
1730-ZMAME,Month-to-month,Electronic check,32,Fiber optic,No,No,79.5,No,0.09,No,Low
6506-EYCNH,Month-to-month,Bank transfer (automatic),28,No,No internet service,No internet service,19.55,No,0.05,No,Low
4634-JLRJT,Month-to-month,Mailed check,1,No,No internet service,No internet service,20.35,No,0.2415,No,Low
9501-UKKNL,Month-to-month,Electronic check,59,DSL,No,Yes,51.7,No,0.06,No,Low
2560-QTSBS,One year,Bank transfer (automatic),72,No,No internet service,No internet service,23.3,No,0.01,No,Low
7541-YLXCL,One year,Mailed check,36,DSL,No,Yes,65.4,Yes,0.67,Yes,High
4795-WRNVT,Month-to-month,Mailed check,40,DSL,Yes,No,65.1,No,0.04,No,Low
6080-TCMYC,Month-to-month,Electronic check,40,Fiber optic,No,No,81.2,No,0.48,No,Medium
0260-ZDLGK,Month-to-month,Mailed check,9,DSL,No,Yes,72.9,Yes,0.74,Yes,High
7860-UXCRM,Two year,Credit card (automatic),63,DSL,Yes,Yes,74.5,No,0.0,No,Low
6357-JJPQT,Month-to-month,Electronic check,3,Fiber optic,No,No,80.5,No,0.34,No,Medium
2292-XQWSV,One year,Mailed check,40,DSL,No,Yes,60.3,No,0.03,No,Low
9552-TGUZV,Month-to-month,Mailed check,8,Fiber optic,Yes,No,75.0,No,0.23,No,Low
5913-INRQV,One year,Mailed check,34,Fiber optic,Yes,Yes,90.15,No,0.05,No,Low
8722-NGNBH,Month-to-month,Mailed check,5,DSL,Yes,Yes,40.0,Yes,0.68,Yes,High
6210-KBBPI,Month-to-month,Credit card (automatic),9,Fiber optic,No,No,99.45,Yes,0.93,Yes,Critical
9643-YBLUR,Month-to-month,Credit card (automatic),9,DSL,No,No,69.05,No,0.08,No,Low
8734-FNWVH,Month-to-month,Bank transfer (automatic),31,DSL,No,No,59.7,No,0.03,No,Low
9447-YPTBX,One year,Bank transfer (automatic),50,No,No internet service,No internet service,19.85,No,0.0,No,Low
0133-BMFZO,Month-to-month,Electronic check,2,Fiber optic,Yes,Yes,86.25,Yes,0.79,Yes,Critical
6128-CZOMY,Month-to-month,Electronic check,1,DSL,No,No,45.65,Yes,0.9,Yes,Critical
9540-JYROE,Month-to-month,Mailed check,8,Fiber optic,No,No,70.1,Yes,0.76,Yes,Critical
9026-LHEVG,Month-to-month,Electronic check,9,DSL,No,No,40.75,No,0.06,No,Low
2260-USTRB,Month-to-month,Bank transfer (automatic),2,Fiber optic,No,No,70.2,Yes,0.84,Yes,Critical
3656-TKRVZ,Month-to-month,Electronic check,3,DSL,Yes,No,55.35,Yes,0.77,Yes,Critical
7011-CVEUC,Month-to-month,Credit card (automatic),25,Fiber optic,No,Yes,95.7,No,0.2,No,Low
6185-TASNN,Month-to-month,Electronic check,1,DSL,No,No,46.3,No,0.25,No,Low
7925-PNRGI,Month-to-month,Mailed check,45,DSL,Yes,Yes,81.3,No,0.08,No,Low
8623-TMRBY,Month-to-month,Electronic check,51,Fiber optic,No,No,84.2,Yes,0.72,Yes,High
1552-CZCLL,Month-to-month,Credit card (automatic),55,No,No internet service,No internet service,20.0,No,0.04,No,Low
3038-PQIUY,Month-to-month,Bank transfer (automatic),38,DSL,Yes,No,66.15,No,0.11,No,Low
1501-SGHBW,Month-to-month,Mailed check,2,DSL,No,No,45.85,Yes,0.91,Yes,Critical
9313-CDOGY,Month-to-month,Electronic check,38,No,No internet service,No internet service,19.6,No,0.05,No,Low
8148-BPLZQ,Month-to-month,Electronic check,34,DSL,No,No,49.8,No,0.04,No,Low
2623-DRYAM,One year,Electronic check,70,Fiber optic,No,No,101.75,No,0.07,No,Low
9987-LUTYD,One year,Mailed check,13,DSL,Yes,Yes,55.15,No,0.01,No,Low
3208-YPIOE,Month-to-month,Electronic check,39,Fiber optic,No,No,75.25,Yes,0.84,Yes,Critical
4488-KQFDT,One year,Electronic check,61,Fiber optic,No,No,103.95,No,0.11,No,Low
2612-RANWT,Month-to-month,Bank transfer (automatic),12,Fiber optic,No,No,100.15,Yes,0.94,Yes,Critical
5693-PIPCS,Two year,Credit card (automatic),41,Fiber optic,No,Yes,99.65,No,0.04,No,Low
0491-KAPQG,Month-to-month,Electronic check,21,Fiber optic,No,No,73.7,No,0.14,No,Low
1925-LFCZZ,One year,Bank transfer (automatic),55,DSL,No,No,50.05,No,0.08,No,Low
8039-EQPIM,Two year,Bank transfer (automatic),69,DSL,Yes,Yes,60.25,No,0.01,No,Low
6900-PXRMS,Month-to-month,Electronic check,26,Fiber optic,No,No,105.75,Yes,0.86,Yes,Critical
8707-RMEZH,One year,Credit card (automatic),69,Fiber optic,Yes,No,87.3,No,0.09,No,Low
3346-BRMIS,Month-to-month,Electronic check,18,DSL,No,No,48.35,Yes,0.8,Yes,Critical
3209-ZPKFI,Month-to-month,Electronic check,47,DSL,No,No,54.25,No,0.05,No,Low
6479-VDGRK,Two year,Bank transfer (automatic),72,DSL,Yes,Yes,85.3,No,0.0,No,Low
9373-WSLOY,Month-to-month,Electronic check,33,DSL,No,Yes,50.0,No,0.07,No,Low
2933-FILNV,Month-to-month,Mailed check,2,DSL,No,No,24.4,Yes,0.67,Yes,High
3569-JFODW,Two year,Credit card (automatic),72,DSL,Yes,Yes,90.95,No,0.0,No,Low
9819-FBNSV,Month-to-month,Bank transfer (automatic),37,Fiber optic,No,No,72.25,No,0.44,No,Medium
9544-PYPSJ,Month-to-month,Credit card (automatic),62,Fiber optic,No,No,96.1,No,0.2,No,Low
1591-XWLGB,Two year,Credit card (automatic),71,No,No internet service,No internet service,19.85,No,0.0,No,Low
0396-UKGAI,Month-to-month,Bank transfer (automatic),23,DSL,No,Yes,55.3,No,0.02,No,Low
3243-ZHOHY,One year,Mailed check,16,No,No internet service,No internet service,20.1,No,0.0,No,Low
5186-EJEGL,Month-to-month,Mailed check,9,DSL,Yes,Yes,69.5,No,0.13,No,Low
7527-QNRUS,Two year,Mailed check,17,No,No internet service,No internet service,25.15,No,0.04,No,Low
9986-BONCE,Month-to-month,Bank transfer (automatic),4,No,No internet service,No internet service,20.95,Yes,0.17,No,Low
2722-JMONI,Month-to-month,Electronic check,1,DSL,Yes,No,49.55,Yes,0.82,Yes,Critical
2203-GHNWN,Month-to-month,Mailed check,24,Fiber optic,No,No,79.65,No,0.33,No,Medium
3878-AVSOQ,Month-to-month,Electronic check,1,Fiber optic,No,No,71.25,No,0.38,No,Medium
3258-SYSWS,Two year,Bank transfer (automatic),72,Fiber optic,Yes,Yes,113.8,No,0.03,No,Low
5296-PSYVW,Two year,Electronic check,72,No,No internet service,No internet service,24.55,No,0.0,No,Low
6319-QSUSR,Month-to-month,Credit card (automatic),11,No,No internet service,No internet service,19.7,No,0.16,No,Low
4083-EUGRJ,Month-to-month,Mailed check,9,No,No internet service,No internet service,20.25,Yes,0.66,Yes,High
7579-OOPEC,Month-to-month,Credit card (automatic),2,DSL,No,No,50.15,Yes,0.52,Yes,Medium
0512-FLFDW,One year,Credit card (automatic),60,Fiber optic,No,No,100.5,No,0.11,No,Low
1771-OADNZ,Month-to-month,Electronic check,29,Fiber optic,No,No,95.9,Yes,0.75,Yes,Critical
0487-CRLZF,Two year,Bank transfer (automatic),49,DSL,No,Yes,74.45,No,0.01,No,Low
2107-FBPTK,Month-to-month,Electronic check,30,Fiber optic,No,No,104.1,No,0.22,No,Low
9451-WLYRI,One year,Credit card (automatic),53,No,No internet service,No internet service,19.05,No,0.01,No,Low
8219-VYBVI,Two year,Mailed check,39,No,No internet service,No internet service,25.0,No,0.01,No,Low
1991-VOPLL,Month-to-month,Mailed check,9,No,No internet service,No internet service,19.05,No,0.01,No,Low
9738-QLWTP,One year,Electronic check,39,Fiber optic,No,Yes,81.9,No,0.01,No,Low
1016-DJTSV,Month-to-month,Electronic check,8,Fiber optic,No,No,69.7,No,0.69,Yes,High
9419-IPPBE,One year,Electronic check,51,Fiber optic,No,No,90.15,No,0.14,No,Low
0174-QRVVY,Two year,Credit card (automatic),71,No,No internet service,No internet service,25.35,No,0.0,No,Low
5699-BNCAS,Two year,Mailed check,71,No,No internet service,No internet service,24.65,No,0.0,No,Low
2900-PHPLN,Two year,Credit card (automatic),70,No,No internet service,No internet service,19.55,No,0.0,No,Low
0612-RTZZA,Month-to-month,Electronic check,1,DSL,No,No,25.25,Yes,0.78,Yes,Critical
8106-GWQOK,Two year,Bank transfer (automatic),38,DSL,Yes,Yes,60.0,No,0.03,No,Low
8751-EDEKA,Month-to-month,Credit card (automatic),28,Fiber optic,No,No,89.9,No,0.15,No,Low
6878-GGDWG,Month-to-month,Bank transfer (automatic),32,No,No internet service,No internet service,19.4,No,0.2,No,Low
4039-PIMHX,Two year,Mailed check,49,DSL,No,No,49.8,No,0.16,No,Low
8450-LUGUK,Two year,Bank transfer (automatic),37,No,No internet service,No internet service,24.1,No,0.0,No,Low
3604-WLABM,Month-to-month,Electronic check,10,DSL,No,Yes,54.25,No,0.26,No,Low
0795-GMVQO,One year,Credit card (automatic),67,Fiber optic,Yes,No,109.9,No,0.08,No,Low
2259-OUUSZ,One year,Credit card (automatic),7,DSL,No,Yes,35.5,No,0.11,No,Low
1142-IHLOO,One year,Credit card (automatic),51,Fiber optic,No,No,87.55,No,0.1,No,Low
6410-LEFEN,Month-to-month,Electronic check,9,DSL,No,No,45.15,Yes,0.71,Yes,High
4633-MKHYU,Month-to-month,Mailed check,9,Fiber optic,No,No,88.4,No,0.3,No,Medium
6257-RJOHI,Month-to-month,Mailed check,4,DSL,No,Yes,50.8,No,0.17,No,Low
1545-JFUML,Two year,Electronic check,71,Fiber optic,Yes,No,99.0,No,0.04,No,Low
3194-ORPIK,Month-to-month,Bank transfer (automatic),50,Fiber optic,No,No,84.4,Yes,0.74,Yes,High
7826-VVKWT,Two year,Electronic check,24,Fiber optic,No,No,96.55,No,0.09,No,Low
1353-GHZOS,One year,Bank transfer (automatic),22,DSL,Yes,No,59.75,No,0.01,No,Low
2587-EKXTS,Month-to-month,Electronic check,44,Fiber optic,Yes,No,111.5,No,0.24,No,Low
5442-BXVND,Month-to-month,Bank transfer (automatic),33,No,No internet service,No internet service,24.25,No,0.08,No,Low
8816-VXNZD,Month-to-month,Electronic check,1,Fiber optic,No,No,75.1,Yes,0.9,Yes,Critical
9378-FXTIZ,One year,Credit card (automatic),54,DSL,No,No,70.15,Yes,0.05,No,Low
1723-HKXJQ,Month-to-month,Electronic check,42,Fiber optic,No,No,101.75,Yes,0.94,Yes,Critical
7825-GKXMW,Month-to-month,Electronic check,1,DSL,No,No,45.8,Yes,0.9,Yes,Critical
9753-OYLBX,Month-to-month,Mailed check,1,No,No internet service,No internet service,20.5,No,0.4105952380952381,No,Medium
2364-UFROM,One year,Electronic check,30,DSL,Yes,Yes,70.4,No,0.01,No,Low
6656-JWRQX,Month-to-month,Mailed check,1,DSL,No,Yes,30.55,No,0.18,No,Low
6473-ULUHT,Month-to-month,Electronic check,16,DSL,Yes,Yes,84.9,No,0.2,No,Low
1240-KNSEZ,Month-to-month,Mailed check,1,No,No internet service,No internet service,20.1,Yes,0.8,Yes,Critical
0836-SEYLU,Month-to-month,Mailed check,9,DSL,No,Yes,40.65,Yes,0.67,Yes,High
4433-JCGCG,Month-to-month,Electronic check,46,Fiber optic,No,No,101.0,Yes,0.92,Yes,Critical
3716-BDVDB,Month-to-month,Electronic check,1,Fiber optic,No,No,69.1,Yes,0.97,Yes,Critical
7688-AWMDX,Two year,Bank transfer (automatic),71,DSL,Yes,Yes,54.5,No,0.0,No,Low
2842-BCQGE,Month-to-month,Credit card (automatic),43,Fiber optic,No,No,75.35,No,0.13,No,Low
7244-QWYHG,One year,Bank transfer (automatic),50,DSL,Yes,Yes,44.45,No,0.03,No,Low
5899-MQZZL,Month-to-month,Mailed check,13,Fiber optic,No,No,75.0,Yes,0.81,Yes,Critical
6849-OYAMU,One year,Bank transfer (automatic),19,Fiber optic,No,Yes,100.0,Yes,0.66,Yes,High
5312-UXESG,Month-to-month,Bank transfer (automatic),41,Fiber optic,No,No,98.05,No,0.12,No,Low
9488-HGMJH,Month-to-month,Electronic check,1,Fiber optic,No,No,71.15,Yes,0.71,Yes,High
6038-GCYEC,Month-to-month,Credit card (automatic),24,DSL,No,No,54.15,Yes,0.76,Yes,Critical
2150-WLKUW,One year,Bank transfer (automatic),40,DSL,No,No,63.9,No,0.01,No,Low
7159-FVYPK,Month-to-month,Bank transfer (automatic),3,DSL,No,No,69.15,No,0.19,No,Low
7032-LMBHI,One year,Bank transfer (automatic),37,DSL,Yes,No,64.65,No,0.03,No,Low
1150-WFARN,Two year,Credit card (automatic),67,Fiber optic,Yes,Yes,108.75,Yes,0.11,No,Low
6088-BXMRG,Month-to-month,Electronic check,32,Fiber optic,No,No,98.85,No,0.19,No,Low
3144-AUDBS,Month-to-month,Electronic check,6,DSL,No,Yes,49.15,Yes,0.88,Yes,Critical
4821-SJHJV,Month-to-month,Electronic check,32,Fiber optic,Yes,No,89.6,No,0.17,No,Low
7346-MEDWM,Month-to-month,Electronic check,59,Fiber optic,No,No,83.25,No,0.14,No,Low
1137-DGOWI,One year,Bank transfer (automatic),30,DSL,No,Yes,70.25,No,0.02,No,Low
5616-PRTNT,Month-to-month,Electronic check,20,No,No internet service,No internet service,19.4,Yes,0.61,Yes,High
3812-LRZIR,Two year,Electronic check,27,No,No internet service,No internet service,24.5,No,0.06,No,Low
4818-QIUFN,Month-to-month,Electronic check,20,Fiber optic,Yes,No,79.15,Yes,0.47,No,Medium
9483-GCPWE,One year,Mailed check,9,No,No internet service,No internet service,20.1,No,0.04,No,Low
4227-OJHAL,One year,Credit card (automatic),68,DSL,Yes,No,73.0,No,0.07,No,Low
9220-CXRSC,Two year,Credit card (automatic),69,DSL,Yes,Yes,61.4,No,0.01,No,Low
4993-JCRGJ,Month-to-month,Mailed check,26,Fiber optic,No,Yes,84.3,No,0.3,No,Medium
9537-JALFH,Two year,Bank transfer (automatic),69,No,No internet service,No internet service,19.9,No,0.0,No,Low
6698-OXETB,Two year,Mailed check,11,No,No internet service,No internet service,20.4,No,0.0,No,Low
2103-ZRXFN,Month-to-month,Mailed check,1,DSL,No,No,50.75,No,0.29,No,Low
3724-BSCVH,One year,Mailed check,10,No,No internet service,No internet service,20.45,No,0.0,No,Low
4877-TSOFF,One year,Bank transfer (automatic),55,DSL,Yes,Yes,75.75,No,0.01,No,Low
9209-NWPGU,One year,Electronic check,44,DSL,Yes,Yes,65.4,No,0.05,No,Low
6961-VCPMC,Month-to-month,Electronic check,46,Fiber optic,No,No,80.4,Yes,0.78,Yes,Critical
7306-YDSOI,Two year,Bank transfer (automatic),69,DSL,Yes,No,59.75,No,0.01,No,Low
5288-AHOUP,Month-to-month,Electronic check,11,Fiber optic,No,No,78.5,No,0.27,No,Low
6688-UZPWD,Month-to-month,Electronic check,11,Fiber optic,No,No,102.0,Yes,0.93,Yes,Critical
0655-YDGFJ,Month-to-month,Bank transfer (automatic),29,DSL,No,No,48.95,No,0.06,No,Low
8468-EHYJA,Month-to-month,Electronic check,57,Fiber optic,Yes,No,99.65,No,0.14,No,Low
6823-SIDFQ,One year,Credit card (automatic),28,No,No internet service,No internet service,18.25,No,0.0,No,Low
1097-FSPVW,Month-to-month,Credit card (automatic),42,DSL,Yes,No,54.55,No,0.12,No,Low
2839-RFSQE,Month-to-month,Mailed check,2,No,No internet service,No internet service,20.65,Yes,0.05142857142857142,No,Low
8328-SKJNO,One year,Bank transfer (automatic),23,DSL,Yes,Yes,40.65,No,0.0,No,Low
7010-ZMVBF,Month-to-month,Mailed check,18,No,No internet service,No internet service,20.45,No,0.0,No,Low
5201-CBWYG,One year,Bank transfer (automatic),62,No,No internet service,No internet service,24.8,No,0.0,No,Low
0968-GSIKN,Month-to-month,Mailed check,1,Fiber optic,No,No,70.8,Yes,0.8,Yes,Critical
1965-DDBWU,Month-to-month,Credit card (automatic),16,Fiber optic,No,Yes,89.05,Yes,0.34,No,Medium
9057-SIHCH,Month-to-month,Electronic check,3,Fiber optic,No,No,96.6,Yes,0.87,Yes,Critical
6352-GIGGQ,One year,Bank transfer (automatic),67,DSL,Yes,Yes,88.8,No,0.03,No,Low
3635-QQRQD,Two year,Credit card (automatic),62,No,No internet service,No internet service,20.05,No,0.0,No,Low
6771-XWBDM,Month-to-month,Credit card (automatic),57,Fiber optic,No,No,104.5,Yes,0.78,Yes,Critical
2897-DOVND,Month-to-month,Electronic check,2,Fiber optic,No,No,69.8,No,0.26,No,Low
3082-YVEKW,Two year,Bank transfer (automatic),23,DSL,Yes,Yes,77.15,No,0.01,No,Low
0191-EQUUH,Two year,Bank transfer (automatic),25,DSL,Yes,Yes,35.05,No,0.03,No,Low
7134-HBPBS,Two year,Bank transfer (automatic),72,Fiber optic,No,Yes,108.1,No,0.02,No,Low
3489-HHPFY,Month-to-month,Electronic check,2,Fiber optic,No,No,84.05,No,0.35,No,Medium
2926-JEJJC,One year,Bank transfer (automatic),8,No,No internet service,No internet service,20.2,No,0.05,No,Low
8601-QACRS,Month-to-month,Mailed check,5,DSL,No,No,50.6,Yes,0.61,Yes,High
4950-BDEUX,Month-to-month,Electronic check,35,DSL,No,No,49.2,No,0.15,No,Low
5789-LDFXO,One year,Electronic check,24,No,No internet service,No internet service,24.6,No,0.07,No,Low
0508-OOLTO,Month-to-month,Electronic check,2,Fiber optic,No,No,71.65,No,0.22,No,Low
2984-TBYKU,Two year,Credit card (automatic),72,Fiber optic,Yes,Yes,104.9,No,0.01,No,Low
9822-WMWVG,Month-to-month,Electronic check,41,Fiber optic,Yes,Yes,106.5,No,0.38,No,Medium
2391-SOORI,Month-to-month,Electronic check,4,DSL,Yes,No,49.35,Yes,0.45,No,Medium
9040-KZVWO,One year,Bank transfer (automatic),26,Fiber optic,No,No,75.5,No,0.05,No,Low
2645-QTLMB,Month-to-month,Electronic check,7,Fiber optic,No,No,94.25,Yes,0.97,Yes,Critical
4806-HIPDW,Month-to-month,Electronic check,1,Fiber optic,No,No,68.95,Yes,0.98,Yes,Critical
1548-ARAGG,Month-to-month,Mailed check,4,DSL,No,Yes,58.5,No,0.16,No,Low
6339-RZCBJ,Two year,Credit card (automatic),48,DSL,No,Yes,78.9,No,0.02,No,Low
4424-TKOPW,Month-to-month,Electronic check,2,Fiber optic,No,No,93.85,Yes,0.99,Yes,Critical
4415-WNGVR,One year,Electronic check,12,DSL,Yes,Yes,79.2,No,0.08,No,Low
2522-AHJXR,Month-to-month,Bank transfer (automatic),60,Fiber optic,Yes,Yes,109.45,No,0.17,No,Low
0412-UCCNP,Two year,Electronic check,55,DSL,Yes,Yes,59.2,No,0.04,No,Low
1816-FLZDK,Month-to-month,Mailed check,1,DSL,No,Yes,29.15,No,0.36,No,Medium
7096-UCLNH,Month-to-month,Mailed check,1,No,No internet service,No internet service,20.05,No,0.095,No,Low
8443-ZRDBZ,Month-to-month,Electronic check,4,Fiber optic,No,No,76.05,Yes,0.76,Yes,Critical
9136-ALYBR,Month-to-month,Mailed check,1,DSL,No,No,24.45,Yes,0.73,Yes,High
4615-PIVVU,Two year,Credit card (automatic),42,DSL,No,Yes,66.5,No,0.04,No,Low
8885-QSQBX,Month-to-month,Bank transfer (automatic),1,DSL,Yes,No,49.55,No,0.03,No,Low
7479-NITWS,Month-to-month,Credit card (automatic),7,Fiber optic,No,No,89.35,Yes,0.91,Yes,Critical
8617-ENBDS,Month-to-month,Credit card (automatic),3,Fiber optic,No,No,73.6,No,0.11,No,Low
9385-NXKDA,Two year,Credit card (automatic),72,DSL,Yes,No,82.65,No,0.02,No,Low
0430-IHCDJ,Month-to-month,Electronic check,15,DSL,No,No,49.0,No,0.67,Yes,High
2959-MJHIC,Month-to-month,Electronic check,4,Fiber optic,No,No,80.35,Yes,0.9,Yes,Critical
6674-KVJHG,One year,Electronic check,11,No,No internet service,No internet service,25.2,No,0.03,No,Low
1814-DKOLC,Month-to-month,Mailed check,5,No,No internet service,No internet service,25.45,No,0.04,No,Low
4201-JMNGR,Month-to-month,Electronic check,1,DSL,Yes,No,55.8,Yes,0.8,Yes,Critical
9351-HXDMR,Two year,Credit card (automatic),72,Fiber optic,Yes,Yes,110.9,No,0.11,No,Low
3537-HPKQT,Month-to-month,Credit card (automatic),55,Fiber optic,No,No,77.75,No,0.11,No,Low
2129-ALKBS,Month-to-month,Electronic check,40,No,No internet service,No internet service,26.2,No,0.09,No,Low
5821-MMEIL,Two year,Bank transfer (automatic),57,No,No internet service,No internet service,19.9,No,0.01,No,Low
5960-WPXQM,Month-to-month,Electronic check,1,Fiber optic,No,No,79.05,Yes,1.0,Yes,Critical
0684-AOSIH,Month-to-month,Electronic check,1,Fiber optic,Yes,No,95.0,Yes,0.87,Yes,Critical
8260-NGFNY,Month-to-month,Mailed check,1,DSL,No,No,25.2,Yes,0.69,Yes,High
1309-XGFSN,One year,Electronic check,52,DSL,No,No,80.85,No,0.08,No,Low
1866-RZZQS,Month-to-month,Electronic check,41,Fiber optic,No,No,98.4,Yes,0.96,Yes,Critical
6968-URWQU,One year,Mailed check,43,DSL,No,No,56.35,No,0.19,No,Low
4742-TXUEX,Two year,Bank transfer (automatic),47,No,No internet service,No internet service,19.3,No,0.0,No,Low
9631-XEYKE,Month-to-month,Bank transfer (automatic),3,DSL,No,No,50.4,No,0.26,No,Low
8631-NBHFZ,Two year,Credit card (automatic),66,DSL,Yes,Yes,79.4,Yes,0.59,Yes,High
1335-MXCSE,Two year,Credit card (automatic),55,DSL,No,Yes,55.25,No,0.0,No,Low
8873-TMKGR,One year,Mailed check,29,No,No internet service,No internet service,19.1,No,0.0,No,Low
8800-JOOCF,Month-to-month,Electronic check,12,Fiber optic,No,No,84.05,No,0.18,No,Low
1469-LBJQJ,Month-to-month,Electronic check,66,Fiber optic,No,No,105.2,No,0.33,No,Medium
4958-XCBDQ,Month-to-month,Electronic check,35,Fiber optic,No,No,101.4,Yes,0.95,Yes,Critical
8337-UPOAQ,Month-to-month,Electronic check,10,Fiber optic,No,No,89.8,Yes,0.94,Yes,Critical
0064-YIJGF,Month-to-month,Bank transfer (automatic),27,Fiber optic,No,No,75.75,No,0.08,No,Low
2386-OWURY,Month-to-month,Electronic check,58,Fiber optic,No,Yes,95.3,No,0.44,No,Medium
1725-IQNIY,Two year,Bank transfer (automatic),54,Fiber optic,Yes,Yes,109.75,Yes,0.68,Yes,High
0310-VQXAM,Month-to-month,Mailed check,9,No,No internet service,No internet service,19.85,No,0.17,No,Low
6598-RFFVI,One year,Credit card (automatic),2,No,No internet service,No internet service,19.3,Yes,0.03,No,Low
3453-RTHJQ,Month-to-month,Electronic check,6,Fiber optic,No,No,69.1,No,0.21,No,Low
6712-OAWRH,Month-to-month,Electronic check,26,Fiber optic,No,No,91.25,Yes,0.42,No,Medium
6278-FEPBZ,Month-to-month,Mailed check,9,No,No internet service,No internet service,20.25,No,0.1,No,Low
4280-DLSHD,Month-to-month,Mailed check,8,DSL,No,No,54.75,No,0.16,No,Low
1508-DFXCU,Month-to-month,Electronic check,12,Fiber optic,No,No,81.45,No,0.28,No,Low
8614-VGMMV,Month-to-month,Electronic check,15,DSL,No,No,49.1,Yes,0.7,Yes,High
7868-BGSZA,One year,Electronic check,43,DSL,Yes,No,80.2,No,0.12,No,Low
2800-QQUSO,Month-to-month,Electronic check,42,Fiber optic,No,Yes,100.3,No,0.64,Yes,High
2930-UOTMB,Month-to-month,Credit card (automatic),31,DSL,Yes,Yes,65.25,Yes,0.08,No,Low
7973-DZRKH,Two year,Credit card (automatic),66,Fiber optic,Yes,Yes,90.95,No,0.04,No,Low
5914-DVBWJ,Month-to-month,Electronic check,18,Fiber optic,No,Yes,85.45,Yes,0.88,Yes,Critical
7698-YFGEZ,Month-to-month,Mailed check,1,No,No internet service,No internet service,20.0,No,0.46516666666666656,No,Medium
2533-QVMSK,Two year,Electronic check,61,Fiber optic,No,Yes,94.1,Yes,0.11,No,Low
9773-PEQBZ,Month-to-month,Electronic check,10,Fiber optic,No,No,79.85,No,0.26,No,Low
8644-XLFBW,Month-to-month,Electronic check,1,Fiber optic,No,No,71.65,Yes,0.85,Yes,Critical
0650-BWOZN,Month-to-month,Electronic check,18,Fiber optic,No,No,73.55,No,0.16,No,Low
8625-AZYZY,Month-to-month,Electronic check,24,Fiber optic,No,No,104.65,Yes,0.85,Yes,Critical
7785-RDVIG,Month-to-month,Mailed check,3,No,No internet service,No internet service,19.3,No,0.04,No,Low
9602-WCXPI,One year,Credit card (automatic),50,No,No internet service,No internet service,20.15,No,0.0,No,Low
2903-YYTBW,Month-to-month,Electronic check,1,DSL,No,No,44.55,No,0.16,No,Low
3620-MWJNE,Month-to-month,Mailed check,2,DSL,Yes,Yes,54.45,No,0.09,No,Low
8573-JGCZW,One year,Bank transfer (automatic),17,No,No internet service,No internet service,19.65,No,0.01,No,Low
6837-HAEVO,Two year,Electronic check,69,Fiber optic,No,No,105.0,No,0.15,No,Low
6701-YVNQG,Two year,Credit card (automatic),72,DSL,Yes,Yes,88.7,No,0.0,No,Low
9306-CPCBC,Month-to-month,Electronic check,3,Fiber optic,No,No,74.25,Yes,0.93,Yes,Critical
4304-XUMGI,Two year,Bank transfer (automatic),50,DSL,Yes,No,75.15,No,0.04,No,Low
9504-YAZWB,Two year,Mailed check,53,No,No internet service,No internet service,20.25,No,0.0,No,Low
8819-ZBYNA,Two year,Credit card (automatic),58,Fiber optic,Yes,Yes,109.1,No,0.16,No,Low
6174-NRBTZ,One year,Bank transfer (automatic),46,DSL,Yes,No,30.75,No,0.02,No,Low
9481-IEBZY,Month-to-month,Credit card (automatic),72,Fiber optic,Yes,Yes,112.9,No,0.09,No,Low
1833-VGRUM,Month-to-month,Electronic check,1,Fiber optic,No,No,74.2,Yes,0.9,Yes,Critical
6137-NICCO,Month-to-month,Mailed check,6,Fiber optic,No,No,94.05,No,0.7,Yes,High
9065-ZCPQX,Two year,Bank transfer (automatic),72,DSL,Yes,Yes,78.85,No,0.0,No,Low
6402-EJMWF,Month-to-month,Mailed check,4,DSL,No,No,55.3,No,0.34,No,Medium
3620-EHIMZ,Two year,Mailed check,52,No,No internet service,No internet service,19.35,No,0.0,No,Low
3213-VVOLG,Two year,Mailed check,0,No,No internet service,No internet service,25.35,No,0.02,No,Low
6870-ECSHE,One year,Mailed check,2,No,No internet service,No internet service,20.45,No,0.01,No,Low
8747-UDCOI,Two year,Bank transfer (automatic),65,No,No internet service,No internet service,19.35,No,0.01,No,Low
8374-XGEJJ,Month-to-month,Electronic check,43,Fiber optic,No,No,101.0,Yes,0.94,Yes,Critical
2656-TABEH,Month-to-month,Electronic check,4,Fiber optic,No,No,100.2,Yes,0.96,Yes,Critical
6946-LMSQS,One year,Electronic check,25,Fiber optic,Yes,No,89.05,Yes,0.17,No,Low
4626-OZDTJ,One year,Credit card (automatic),51,DSL,No,Yes,78.65,No,0.01,No,Low
9169-BSVIN,Month-to-month,Bank transfer (automatic),12,DSL,No,No,74.75,No,0.13,No,Low
2325-ZUSFD,One year,Bank transfer (automatic),57,DSL,Yes,No,70.1,Yes,0.03,No,Low
8194-PEEBY,One year,Mailed check,24,No,No internet service,No internet service,19.9,No,0.0,No,Low
6872-HXFNF,One year,Bank transfer (automatic),64,DSL,No,Yes,58.35,No,0.01,No,Low
3932-CMDTD,One year,Electronic check,4,Fiber optic,No,Yes,105.65,Yes,0.38,No,Medium
7714-YXSMB,Month-to-month,Bank transfer (automatic),26,Fiber optic,No,No,100.5,No,0.26,No,Low
8387-UGUSU,Month-to-month,Mailed check,15,No,No internet service,No internet service,20.05,No,0.01,No,Low
1080-BWSYE,Two year,Credit card (automatic),64,No,No internet service,No internet service,25.65,No,0.0,No,Low
4039-HEUNW,Month-to-month,Electronic check,36,Fiber optic,No,No,96.5,Yes,0.83,Yes,Critical
1194-HVAIF,Month-to-month,Credit card (automatic),27,Fiber optic,No,No,95.0,No,0.11,No,Low
0812-WUPTB,Month-to-month,Mailed check,1,Fiber optic,No,No,70.85,Yes,0.8825,Yes,Critical
3594-UVONA,One year,Credit card (automatic),35,DSL,Yes,Yes,85.95,Yes,0.09,No,Low
0004-TLHLJ,Month-to-month,Electronic check,4,Fiber optic,No,No,73.9,Yes,0.34,No,Medium
1767-TGTKO,Month-to-month,Electronic check,8,DSL,No,No,45.45,No,0.13,No,Low
8439-LTUGF,Month-to-month,Credit card (automatic),10,No,No internet service,No internet service,20.0,No,0.0,No,Low
8805-JNRAZ,Month-to-month,Mailed check,2,DSL,No,No,49.2,No,0.28,No,Low
5089-IFSDP,Two year,Bank transfer (automatic),58,Fiber optic,Yes,No,109.45,Yes,0.64,Yes,High
6418-HNFED,Two year,Credit card (automatic),51,DSL,Yes,Yes,83.25,No,0.0,No,Low
0206-OYVOC,Two year,Mailed check,46,No,No internet service,No internet service,19.25,No,0.01,No,Low
7291-CDTMJ,Month-to-month,Bank transfer (automatic),1,No,No internet service,No internet service,19.65,No,0.16,No,Low
7128-GGCNO,Month-to-month,Bank transfer (automatic),46,Fiber optic,No,No,72.8,No,0.07,No,Low
0237-YFUTL,Month-to-month,Bank transfer (automatic),50,Fiber optic,Yes,Yes,109.65,No,0.11,No,Low
7691-KGKGP,Month-to-month,Credit card (automatic),53,DSL,No,Yes,65.0,No,0.02,No,Low
6710-HSJRD,Month-to-month,Electronic check,61,Fiber optic,No,Yes,114.1,No,0.45,No,Medium
3675-EQOZA,Month-to-month,Bank transfer (automatic),5,No,No internet service,No internet service,20.65,No,0.1,No,Low
0840-DCNZE,One year,Bank transfer (automatic),47,DSL,Yes,Yes,86.95,No,0.03,No,Low
1732-FEKLD,One year,Bank transfer (automatic),54,Fiber optic,No,No,94.75,No,0.09,No,Low
9862-KJTYK,Month-to-month,Credit card (automatic),19,DSL,No,No,25.35,No,0.07,No,Low
0479-HMSWA,Two year,Electronic check,26,Fiber optic,No,Yes,105.45,No,0.13,No,Low
5854-KSRBJ,Two year,Mailed check,70,No,No internet service,No internet service,25.4,No,0.0,No,Low
0365-BZUWY,Month-to-month,Electronic check,17,Fiber optic,No,No,102.55,No,0.21,No,Low
4817-VYYWS,Month-to-month,Electronic check,30,Fiber optic,No,No,100.2,Yes,0.82,Yes,Critical
5701-SVCWR,Month-to-month,Mailed check,1,No,No internet service,No internet service,24.0,No,0.08,No,Low
3129-AAQOU,Two year,Mailed check,19,No,No internet service,No internet service,25.6,No,0.0,No,Low
4922-CVPDX,Two year,Credit card (automatic),26,DSL,No,No,73.5,No,0.08,No,Low
1396-QWFBJ,Month-to-month,Bank transfer (automatic),21,Fiber optic,No,No,74.05,Yes,0.77,Yes,Critical
1357-BIJKI,One year,Electronic check,50,Fiber optic,No,No,98.25,No,0.31,No,Medium
1099-BTKWT,One year,Electronic check,68,DSL,Yes,No,54.4,No,0.09,No,Low
5299-SJCZT,Month-to-month,Bank transfer (automatic),3,Fiber optic,No,No,101.55,Yes,0.96,Yes,Critical
2018-PZKMU,Month-to-month,Electronic check,9,Fiber optic,No,Yes,103.1,No,0.17,No,Low
7340-KEFQE,Two year,Bank transfer (automatic),51,DSL,Yes,Yes,34.2,No,0.01,No,Low
4570-QHXHL,Month-to-month,Electronic check,9,DSL,No,No,43.75,No,0.54,Yes,Medium
2403-BCASL,One year,Electronic check,41,Fiber optic,No,Yes,111.95,Yes,0.75,Yes,Critical
7392-YYPYJ,Month-to-month,Electronic check,22,Fiber optic,No,No,100.65,No,0.26,No,Low
2898-LSJGD,One year,Electronic check,21,DSL,Yes,No,55.95,Yes,0.64,Yes,High
2223-GDSHL,Two year,Bank transfer (automatic),71,Fiber optic,Yes,Yes,116.05,No,0.0,No,Low
7359-PTSXY,Month-to-month,Electronic check,1,DSL,No,No,45.75,Yes,0.97,Yes,Critical
9470-RTWDV,One year,Credit card (automatic),26,DSL,No,Yes,82.0,No,0.06,No,Low
2176-OSJUV,Two year,Bank transfer (automatic),71,DSL,Yes,Yes,65.15,No,0.01,No,Low
9348-YVOMK,Month-to-month,Credit card (automatic),4,DSL,No,No,44.8,No,0.23,No,Low
8104-OSKWT,Month-to-month,Electronic check,12,Fiber optic,Yes,No,79.8,No,0.17,No,Low
4521-YEEHE,Month-to-month,Electronic check,18,Fiber optic,No,Yes,88.85,No,0.25,No,Low
4090-KPJIP,Month-to-month,Electronic check,3,Fiber optic,No,No,74.95,No,0.95,Yes,Critical
3786-WOVKF,One year,Bank transfer (automatic),72,Fiber optic,Yes,No,106.85,No,0.06,No,Low
4503-BDXBD,Month-to-month,Electronic check,11,Fiber optic,No,No,74.95,Yes,0.67,Yes,High
6086-ESGRL,Month-to-month,Credit card (automatic),1,Fiber optic,No,No,80.15,Yes,0.904,Yes,Critical
2592-HODOV,One year,Credit card (automatic),13,No,No internet service,No internet service,19.3,No,0.0,No,Low
3886-CERTZ,One year,Electronic check,72,Fiber optic,No,Yes,109.25,Yes,0.87,Yes,Critical
7995-ZHHNZ,One year,Credit card (automatic),42,DSL,Yes,No,56.1,No,0.01,No,Low
3824-RHKVR,Month-to-month,Credit card (automatic),17,No,No internet service,No internet service,19.7,No,0.09,No,Low
5816-SCGFC,Month-to-month,Mailed check,7,DSL,No,No,51.3,No,0.18,No,Low
5989-AXPUC,Two year,Mailed check,68,Fiber optic,Yes,Yes,118.6,No,0.03,No,Low
4979-HPRFL,Two year,Bank transfer (automatic),56,No,No internet service,No internet service,24.15,No,0.01,No,Low
8590-OHDIW,One year,Mailed check,38,No,No internet service,No internet service,20.3,No,0.0,No,Low
8015-IHCGW,Two year,Electronic check,72,Fiber optic,Yes,Yes,115.5,No,0.0,No,Low
2332-TODQS,One year,Credit card (automatic),48,No,No internet service,No internet service,25.05,No,0.03,No,Low
9278-VZKCD,Month-to-month,Electronic check,52,Fiber optic,Yes,No,109.1,No,0.26,No,Low
8008-OTEZX,One year,Mailed check,35,No,No internet service,No internet service,19.65,No,0.0,No,Low
2773-OVBPK,Two year,Bank transfer (automatic),67,Fiber optic,No,Yes,111.3,No,0.12,No,Low
5999-LCXAO,Month-to-month,Mailed check,1,DSL,Yes,No,29.9,No,0.18,No,Low
5206-XZZQI,Month-to-month,Mailed check,53,Fiber optic,No,Yes,80.6,No,0.01,No,Low
4803-LBYPN,Month-to-month,Mailed check,34,No,No internet service,No internet service,20.8,No,0.01,No,Low
5759-RCVCB,Month-to-month,Credit card (automatic),3,DSL,No,No,35.2,Yes,0.27,No,Low
6372-RFVNS,Month-to-month,Electronic check,1,Fiber optic,No,No,78.8,Yes,0.93,Yes,Critical
2139-FQHLM,Month-to-month,Mailed check,19,Fiber optic,No,Yes,89.95,No,0.27,No,Low
8261-GWDBQ,Two year,Bank transfer (automatic),60,Fiber optic,Yes,Yes,116.05,No,0.06,No,Low
1093-YSWCA,Two year,Credit card (automatic),11,No,No internet service,No internet service,19.55,No,0.0,No,Low
8938-UMKPI,Month-to-month,Electronic check,47,Fiber optic,No,No,106.4,Yes,0.35,No,Medium
0991-BRRFB,Month-to-month,Electronic check,18,DSL,Yes,No,49.4,Yes,0.7,Yes,High
3882-IYOIJ,Two year,Credit card (automatic),60,Fiber optic,Yes,Yes,115.25,No,0.02,No,Low
8749-TZYEC,Two year,Credit card (automatic),72,No,No internet service,No internet service,24.8,No,0.0,No,Low
1755-FZQEC,One year,Mailed check,39,No,No internet service,No internet service,19.9,No,0.0,No,Low
3115-JPJDD,One year,Credit card (automatic),59,Fiber optic,Yes,No,81.25,No,0.02,No,Low
5600-KTXFM,Month-to-month,Mailed check,2,Fiber optic,No,No,69.95,No,0.19,No,Low
3871-IKPYH,Month-to-month,Electronic check,1,Fiber optic,No,No,69.1,Yes,0.95,Yes,Critical
6319-IEJWJ,Month-to-month,Electronic check,20,Fiber optic,No,No,90.2,Yes,0.58,Yes,High
9025-AOMKI,Month-to-month,Bank transfer (automatic),6,Fiber optic,No,No,93.55,Yes,0.99,Yes,Critical
6339-TBELP,Two year,Credit card (automatic),71,Fiber optic,No,Yes,86.4,No,0.01,No,Low
7964-YESJC,Month-to-month,Mailed check,24,DSL,Yes,No,66.3,No,0.11,No,Low
6173-GOLSU,Month-to-month,Credit card (automatic),67,Fiber optic,No,No,94.65,No,0.65,Yes,High
5275-SQEIZ,Month-to-month,Mailed check,1,Fiber optic,No,No,80.85,Yes,0.97,Yes,Critical
7716-YTYHG,One year,Mailed check,48,Fiber optic,No,No,82.05,Yes,0.66,Yes,High
9938-ZREHM,One year,Mailed check,37,DSL,No,Yes,72.1,No,0.05,No,Low
7950-XWOVN,Month-to-month,Mailed check,11,DSL,No,No,34.7,No,0.15,No,Low
4390-KYULV,Month-to-month,Credit card (automatic),3,No,No internet service,No internet service,20.55,Yes,0.65,Yes,High
4647-MUZON,Month-to-month,Credit card (automatic),18,Fiber optic,No,No,95.95,No,0.47,No,Medium
9702-AIUJO,One year,Bank transfer (automatic),50,DSL,No,No,44.8,No,0.03,No,Low
8849-PRIQJ,One year,Electronic check,67,Fiber optic,Yes,Yes,109.4,No,0.04,No,Low
8851-RAGOV,Month-to-month,Mailed check,25,DSL,Yes,Yes,71.05,No,0.0,No,Low
1304-NECVQ,Month-to-month,Electronic check,2,Fiber optic,No,No,78.55,Yes,0.92,Yes,Critical
5396-IZEPB,Month-to-month,Credit card (automatic),9,No,No internet service,No internet service,19.7,No,0.01,No,Low
1729-VLAZJ,One year,Mailed check,10,DSL,Yes,Yes,40.25,No,0.03,No,Low
8285-ABVLB,Two year,Credit card (automatic),70,No,No internet service,No internet service,19.85,No,0.0,No,Low
0701-TJSEF,Month-to-month,Bank transfer (automatic),9,DSL,Yes,Yes,68.25,No,0.13,No,Low
5712-VBOXD,Month-to-month,Credit card (automatic),4,No,No internet service,No internet service,20.15,No,0.03,No,Low
6629-LADHQ,Month-to-month,Mailed check,2,DSL,Yes,No,50.95,No,0.13,No,Low
8945-GRKHX,Month-to-month,Electronic check,1,Fiber optic,No,No,78.65,Yes,0.96,Yes,Critical
1559-DTODC,Month-to-month,Bank transfer (automatic),19,DSL,No,No,25.15,No,0.13,No,Low
4797-MIWUM,Month-to-month,Bank transfer (automatic),7,No,No internet service,No internet service,20.25,No,0.0,No,Low
6959-UWKHF,Month-to-month,Electronic check,1,DSL,No,No,42.9,Yes,0.78,Yes,Critical
8720-RQSBJ,Month-to-month,Electronic check,1,DSL,No,No,44.0,No,0.08,No,Low
4537-CIBHB,One year,Mailed check,9,No,No internet service,No internet service,20.25,No,0.05,No,Low
3815-SLMEF,Month-to-month,Mailed check,3,DSL,Yes,Yes,34.25,Yes,0.73,Yes,High
5154-VEKBL,Month-to-month,Mailed check,9,DSL,Yes,Yes,58.5,Yes,0.76,Yes,Critical
4324-AHJKS,Month-to-month,Credit card (automatic),5,DSL,Yes,No,55.8,No,0.05,No,Low
4355-CVPVS,One year,Bank transfer (automatic),56,Fiber optic,No,No,88.9,No,0.06,No,Low
4495-LHSSK,Month-to-month,Mailed check,18,DSL,Yes,No,57.65,No,0.01,No,Low
5655-JSMZM,Month-to-month,Electronic check,49,Fiber optic,No,No,96.2,Yes,0.94,Yes,Critical
5915-ANOEI,Two year,Mailed check,70,DSL,Yes,Yes,79.15,No,0.01,No,Low
9861-PDSZP,Two year,Credit card (automatic),72,Fiber optic,No,Yes,108.05,No,0.03,No,Low
4505-EXZHB,Month-to-month,Electronic check,6,Fiber optic,No,No,74.4,Yes,0.75,Yes,Critical
7225-CBZPL,Month-to-month,Electronic check,17,Fiber optic,No,No,94.8,No,0.2,No,Low
6704-UTUKK,Month-to-month,Electronic check,29,DSL,No,No,45.9,No,0.36,No,Medium
4587-VVTOX,Month-to-month,Electronic check,6,Fiber optic,No,No,105.3,Yes,0.81,Yes,Critical
2019-HDCZY,Two year,Electronic check,63,Fiber optic,No,No,102.6,No,0.13,No,Low
4652-NNHNY,Month-to-month,Bank transfer (automatic),16,Fiber optic,No,No,73.85,Yes,0.8,Yes,Critical
8788-DOXSU,One year,Bank transfer (automatic),59,DSL,No,No,61.35,No,0.0,No,Low
7404-JLKQG,Month-to-month,Electronic check,3,DSL,No,No,57.55,No,0.39,No,Medium
7421-ZLUPA,Month-to-month,Mailed check,8,DSL,No,No,29.25,No,0.11,No,Low
8972-HJWNV,Month-to-month,Electronic check,7,Fiber optic,No,No,84.55,Yes,0.98,Yes,Critical
3274-NSDWE,Two year,Credit card (automatic),68,No,No internet service,No internet service,19.6,No,0.0,No,Low
2632-IVXVF,Two year,Credit card (automatic),68,Fiber optic,Yes,Yes,111.75,No,0.03,No,Low
3692-JHONH,One year,Electronic check,52,Fiber optic,No,No,106.5,No,0.12,No,Low
8915-NNTRC,Two year,Credit card (automatic),72,Fiber optic,Yes,Yes,107.7,No,0.03,No,Low
5914-GXMDA,One year,Mailed check,32,No,No internet service,No internet service,19.3,No,0.0,No,Low
7463-IFMQU,Two year,Bank transfer (automatic),72,No,No internet service,No internet service,20.05,No,0.0,No,Low
2920-RNCEZ,Month-to-month,Credit card (automatic),1,Fiber optic,No,No,69.95,No,0.3,No,Medium
2541-YGPKE,One year,Credit card (automatic),42,DSL,Yes,Yes,63.7,No,0.05,No,Low
8515-OCTJS,Two year,Credit card (automatic),25,No,No internet service,No internet service,24.75,Yes,0.67,Yes,High
5382-TEMLV,Month-to-month,Bank transfer (automatic),45,DSL,Yes,No,50.9,No,0.08,No,Low
3441-CGZJH,One year,Credit card (automatic),43,DSL,Yes,Yes,60.4,No,0.01,No,Low
9592-ERDKV,One year,Mailed check,37,DSL,Yes,No,79.25,No,0.03,No,Low
2860-RANUS,Month-to-month,Credit card (automatic),20,Fiber optic,No,No,85.8,Yes,0.58,Yes,High
5261-QSHQM,Month-to-month,Electronic check,4,DSL,No,No,24.45,Yes,0.87,Yes,Critical
4778-IZARL,Two year,Credit card (automatic),63,Fiber optic,Yes,Yes,110.1,No,0.05,No,Low
0432-CAJZV,Month-to-month,Mailed check,3,Fiber optic,No,No,90.7,No,0.63,Yes,High
7008-LZVOZ,Two year,Credit card (automatic),66,No,No internet service,No internet service,25.3,No,0.0,No,Low
8868-WOZGU,Month-to-month,Electronic check,28,Fiber optic,No,No,105.7,Yes,0.9,Yes,Critical
1200-TUZHR,Month-to-month,Electronic check,8,Fiber optic,No,No,85.2,No,0.29,No,Low
9365-CSLBQ,Two year,Mailed check,71,No,No internet service,No internet service,24.35,No,0.0,No,Low
1334-FJSVR,Month-to-month,Electronic check,1,DSL,No,No,24.25,Yes,0.8,Yes,Critical
5884-FBCTL,Two year,Bank transfer (automatic),72,No,No internet service,No internet service,25.1,No,0.0,No,Low
7130-CTCUS,Month-to-month,Bank transfer (automatic),16,DSL,Yes,No,54.55,No,0.24,No,Low
6242-FEGFD,Two year,Mailed check,66,Fiber optic,Yes,Yes,96.6,No,0.01,No,Low
7625-XCQRH,Month-to-month,Electronic check,11,Fiber optic,No,No,76.5,Yes,0.83,Yes,Critical
6194-HBGQN,One year,Credit card (automatic),51,DSL,Yes,Yes,81.15,No,0.06,No,Low
7634-WSWDB,Month-to-month,Electronic check,8,DSL,Yes,No,38.5,No,0.06,No,Low
6986-IXNDM,Month-to-month,Electronic check,14,Fiber optic,No,No,92.9,No,0.23,No,Low
1731-TVIUK,Month-to-month,Electronic check,4,Fiber optic,No,Yes,93.5,Yes,0.71,Yes,High
2987-BJXIK,Two year,Mailed check,70,DSL,Yes,No,84.7,No,0.0,No,Low
9769-TSBZE,Two year,Electronic check,70,DSL,Yes,Yes,66.0,No,0.0,No,Low
0406-BPDVR,One year,Credit card (automatic),54,Fiber optic,No,No,101.5,Yes,0.68,Yes,High
0618-XWMSS,Month-to-month,Bank transfer (automatic),28,Fiber optic,Yes,No,74.9,Yes,0.68,Yes,High
1395-WSWXR,Two year,Mailed check,24,No,No internet service,No internet service,20.75,No,0.0,No,Low
6023-GSSXW,Two year,Credit card (automatic),69,DSL,No,No,61.45,No,0.0,No,Low
6752-APNJL,Month-to-month,Mailed check,42,DSL,Yes,No,54.5,No,0.04,No,Low
5276-KQWHG,Month-to-month,Electronic check,2,Fiber optic,No,No,69.6,Yes,0.84,Yes,Critical
0420-HLGXF,Month-to-month,Electronic check,39,Fiber optic,No,No,99.75,No,0.13,No,Low
7446-KQISO,Two year,Bank transfer (automatic),45,Fiber optic,No,Yes,109.75,No,0.13,No,Low
9823-EALYC,Two year,Bank transfer (automatic),72,DSL,Yes,Yes,80.85,No,0.01,No,Low
0582-AVCLN,Two year,Mailed check,38,No,No internet service,No internet service,20.3,No,0.0,No,Low
5803-NQJZO,Two year,Bank transfer (automatic),72,DSL,Yes,Yes,67.8,No,0.0,No,Low
2565-JSLRY,Month-to-month,Mailed check,1,No,No internet service,No internet service,24.05,Yes,0.59,Yes,High
2607-DHDAK,Two year,Credit card (automatic),72,No,No internet service,No internet service,19.8,No,0.0,No,Low
1073-XXCZD,Two year,Bank transfer (automatic),55,No,No internet service,No internet service,25.7,No,0.01,No,Low
0743-HRVFF,One year,Electronic check,51,DSL,No,Yes,56.15,No,0.14,No,Low
4006-HKYHO,Two year,Bank transfer (automatic),63,DSL,Yes,Yes,86.7,No,0.0,No,Low
3727-JEZTU,Month-to-month,Mailed check,1,No,No internet service,No internet service,20.4,No,0.03666666666666667,No,Low
8143-ETQTI,Two year,Mailed check,23,No,No internet service,No internet service,19.65,No,0.0,No,Low
6689-KXGBO,Month-to-month,Electronic check,1,DSL,No,No,50.55,Yes,0.72,Yes,High
9667-TKTVZ,Month-to-month,Mailed check,2,DSL,No,Yes,54.35,No,0.25,No,Low
3657-COGMW,Month-to-month,Credit card (automatic),52,Fiber optic,Yes,No,108.1,No,0.1,No,Low
8570-KLJYJ,One year,Mailed check,36,DSL,Yes,No,54.45,No,0.01,No,Low
7754-IXRMC,Month-to-month,Mailed check,1,DSL,No,No,45.35,No,0.04,No,Low
9473-CBZOP,One year,Mailed check,28,DSL,Yes,No,59.0,No,0.04,No,Low
2969-WGHQO,One year,Electronic check,7,DSL,Yes,No,69.45,No,0.17,No,Low
6615-NGGZJ,Month-to-month,Electronic check,14,Fiber optic,No,No,100.55,Yes,0.91,Yes,Critical
4334-HOWRP,Two year,Credit card (automatic),72,DSL,Yes,Yes,64.95,No,0.0,No,Low
4255-DDUOU,Month-to-month,Mailed check,1,No,No internet service,No internet service,20.5,Yes,0.77,Yes,Critical
5863-OOKCL,Month-to-month,Mailed check,10,No,No internet service,No internet service,18.85,No,0.07,No,Low
1686-STUHN,One year,Bank transfer (automatic),42,No,No internet service,No internet service,19.8,No,0.0,No,Low
1329-VHWNP,Month-to-month,Bank transfer (automatic),7,DSL,No,No,25.05,No,0.09,No,Low
2984-MIIZL,Month-to-month,Bank transfer (automatic),4,Fiber optic,No,No,74.8,Yes,0.78,Yes,Critical
0266-GMEAO,Two year,Credit card (automatic),72,Fiber optic,Yes,Yes,114.3,No,0.0,No,Low
5590-YRFJT,Month-to-month,Electronic check,20,DSL,No,No,24.45,Yes,0.78,Yes,Critical
5574-NXZIU,Two year,Credit card (automatic),63,Fiber optic,Yes,Yes,109.2,No,0.26,No,Low
0019-GFNTW,Two year,Bank transfer (automatic),56,DSL,Yes,Yes,45.05,No,0.0,No,Low
4256-ZWTZI,Month-to-month,Mailed check,5,DSL,No,Yes,51.0,No,0.41,No,Medium
8309-PPCED,Two year,Bank transfer (automatic),72,Fiber optic,No,Yes,110.45,No,0.0,No,Low
4098-NAUKP,Month-to-month,Electronic check,68,Fiber optic,No,No,84.65,No,0.2,No,Low
5196-WPYOW,One year,Mailed check,67,DSL,Yes,Yes,60.05,No,0.02,No,Low
4608-LCIMN,Month-to-month,Bank transfer (automatic),8,DSL,No,No,44.65,No,0.08,No,Low
1485-YDHMM,Month-to-month,Bank transfer (automatic),52,Fiber optic,No,Yes,93.25,No,0.07,No,Low
4054-CUMIA,Month-to-month,Mailed check,18,No,No internet service,No internet service,20.25,No,0.05,No,Low
0603-TPMIB,Two year,Mailed check,59,No,No internet service,No internet service,25.45,No,0.0,No,Low
2525-GVKQU,Two year,Mailed check,60,No,No internet service,No internet service,20.6,No,0.1,No,Low
8161-QYMTT,Month-to-month,Electronic check,7,Fiber optic,No,No,94.1,No,0.92,Yes,Critical
9581-GVBXT,One year,Mailed check,59,DSL,Yes,No,34.8,No,0.05,No,Low
5862-BRIXZ,Two year,Bank transfer (automatic),46,DSL,Yes,Yes,60.75,No,0.02,No,Low
5404-GGUKR,Month-to-month,Electronic check,5,DSL,No,No,51.35,No,0.12,No,Low
3308-JSGML,Two year,Credit card (automatic),59,DSL,Yes,Yes,64.05,No,0.01,No,Low
2126-GSEGL,Two year,Bank transfer (automatic),70,DSL,No,Yes,84.8,No,0.0,No,Low
3677-TNKIO,Month-to-month,Credit card (automatic),14,Fiber optic,No,No,71.0,Yes,0.76,Yes,Critical
0440-QEXBZ,Month-to-month,Mailed check,44,DSL,No,No,50.15,No,0.07,No,Low
2434-EEVDB,Two year,Credit card (automatic),64,Fiber optic,Yes,No,94.6,No,0.01,No,Low
6762-QVYJO,Two year,Mailed check,58,DSL,Yes,Yes,59.75,No,0.0,No,Low
6199-IWKGC,One year,Electronic check,46,Fiber optic,No,Yes,100.25,No,0.05,No,Low
2675-DHUTR,Month-to-month,Electronic check,58,Fiber optic,No,No,98.9,No,0.22,No,Low
8152-VETUR,Two year,Credit card (automatic),72,Fiber optic,No,No,97.7,No,0.09,No,Low
9667-EQRXU,Month-to-month,Electronic check,30,DSL,No,No,40.3,Yes,0.7,Yes,High
7446-YPODE,Month-to-month,Bank transfer (automatic),11,DSL,Yes,No,60.25,No,0.11,No,Low
9522-BNTHX,Month-to-month,Electronic check,34,DSL,No,No,56.25,No,0.19,No,Low
4676-WLUHT,Two year,Bank transfer (automatic),54,DSL,Yes,No,46.2,No,0.02,No,Low
3329-WDIOK,Month-to-month,Electronic check,3,DSL,No,No,50.6,Yes,0.81,Yes,Critical
7980-MHFLQ,Two year,Mailed check,72,No,No internet service,No internet service,24.9,No,0.0,No,Low
2873-ZLIWT,Month-to-month,Electronic check,40,Fiber optic,No,Yes,84.85,Yes,0.86,Yes,Critical
3415-TAILE,Month-to-month,Mailed check,2,DSL,No,No,65.7,Yes,0.76,Yes,Critical
0757-WCUUZ,Two year,Credit card (automatic),54,DSL,No,No,63.35,No,0.01,No,Low
1629-DQQVB,Month-to-month,Bank transfer (automatic),14,DSL,Yes,No,50.1,No,0.11,No,Low
1915-IOFGU,Month-to-month,Electronic check,1,Fiber optic,No,No,70.5,Yes,0.83,Yes,Critical
3045-XETSH,Month-to-month,Electronic check,10,Fiber optic,No,No,94.85,Yes,0.78,Yes,Critical
0374-AACSZ,Month-to-month,Electronic check,1,DSL,Yes,No,50.15,No,0.06,No,Low
7239-HZZCX,Month-to-month,Mailed check,1,No,No internet service,No internet service,19.75,Yes,0.6896904761904762,Yes,High
4872-VXRIL,One year,Bank transfer (automatic),56,DSL,Yes,Yes,64.65,No,0.01,No,Low
9140-CZQZZ,Two year,Bank transfer (automatic),68,DSL,Yes,Yes,79.6,No,0.0,No,Low
3423-HHXAO,One year,Mailed check,14,No,No internet service,No internet service,19.5,No,0.11,No,Low
9938-TKDGL,Two year,Electronic check,68,Fiber optic,Yes,Yes,99.55,No,0.02,No,Low
0531-ZZJWQ,Month-to-month,Electronic check,55,Fiber optic,No,No,74.0,No,0.52,Yes,Medium
6537-QLGEX,Month-to-month,Electronic check,16,DSL,Yes,No,38.9,No,0.23,No,Low
2688-BHGOG,Month-to-month,Electronic check,9,Fiber optic,No,No,79.55,No,0.34,No,Medium
7683-CBDKJ,Month-to-month,Electronic check,14,DSL,Yes,No,65.45,Yes,0.71,Yes,High
0946-CLJTI,Month-to-month,Electronic check,58,Fiber optic,No,No,98.7,Yes,0.88,Yes,Critical
3160-TYXLT,Month-to-month,Bank transfer (automatic),53,DSL,Yes,No,46.3,No,0.06,No,Low
1325-USMEC,Two year,Credit card (automatic),70,Fiber optic,Yes,No,99.35,No,0.01,No,Low
0916-QOFDP,Month-to-month,Electronic check,14,Fiber optic,No,No,95.8,No,0.27,No,Low
0628-CNQRM,One year,Bank transfer (automatic),22,DSL,Yes,Yes,67.5,Yes,0.06,No,Low
5606-AMZBO,Month-to-month,Credit card (automatic),10,Fiber optic,Yes,No,78.15,No,0.6,Yes,High
6199-IPCAO,Two year,Mailed check,29,No,No internet service,No internet service,26.1,No,0.0,No,Low
7665-TOALD,Month-to-month,Electronic check,1,Fiber optic,No,No,69.6,Yes,0.99,Yes,Critical
0112-QWPNC,One year,Electronic check,49,DSL,Yes,Yes,84.35,Yes,0.64,Yes,High
0324-BRPCJ,Month-to-month,Electronic check,68,Fiber optic,No,No,100.2,Yes,0.7,Yes,High
2777-PHDEI,Month-to-month,Electronic check,1,Fiber optic,No,No,78.05,Yes,0.97,Yes,Critical
5640-CAXOA,One year,Credit card (automatic),30,DSL,No,Yes,40.35,No,0.07,No,Low
2235-EZAIK,Two year,Credit card (automatic),72,DSL,Yes,Yes,79.2,No,0.03,No,Low
3847-BAERP,Month-to-month,Mailed check,10,No,No internet service,No internet service,20.9,No,0.0,No,Low
1196-AMORA,Month-to-month,Electronic check,7,Fiber optic,No,No,73.6,Yes,0.72,Yes,High
4282-YMKNA,Month-to-month,Electronic check,9,Fiber optic,No,No,74.75,Yes,0.84,Yes,Critical
1453-RZFON,Month-to-month,Mailed check,1,DSL,Yes,No,49.9,No,0.13,No,Low
8263-OKETD,Month-to-month,Credit card (automatic),20,DSL,No,Yes,68.9,No,0.08,No,Low
0670-KDOMA,Month-to-month,Mailed check,1,No,No internet service,No internet service,20.25,No,0.5331666666666667,Yes,Medium
2476-YGEFM,Month-to-month,Credit card (automatic),29,Fiber optic,No,No,76.0,No,0.2,No,Low
8687-BAFGU,Month-to-month,Electronic check,1,Fiber optic,No,Yes,74.0,No,0.18,No,Low
0641-EVBOJ,Month-to-month,Mailed check,3,Fiber optic,Yes,Yes,82.3,No,0.12,No,Low
0829-XXPLX,Month-to-month,Bank transfer (automatic),20,Fiber optic,Yes,No,89.4,No,0.12,No,Low
9974-JFBHQ,Month-to-month,Credit card (automatic),64,Fiber optic,No,Yes,99.15,No,0.07,No,Low
5356-RHIPP,Month-to-month,Mailed check,1,No,No internet service,No internet service,20.2,Yes,0.925,Yes,Critical
6624-JDRDS,Month-to-month,Bank transfer (automatic),6,DSL,Yes,No,29.45,No,0.02,No,Low
0608-JDVEC,Two year,Electronic check,50,No,No internet service,No internet service,19.8,No,0.0,No,Low
9780-FKVVF,Month-to-month,Bank transfer (automatic),6,DSL,Yes,No,59.15,No,0.07,No,Low
1919-RTPQD,Month-to-month,Electronic check,7,DSL,No,No,44.75,No,0.15,No,Low
5214-NLTIT,Two year,Credit card (automatic),72,Fiber optic,No,No,90.8,No,0.03,No,Low
3345-PBBFH,Month-to-month,Bank transfer (automatic),8,DSL,No,No,49.55,No,0.07,No,Low
5055-BRMNE,Two year,Credit card (automatic),67,Fiber optic,Yes,Yes,106.7,No,0.03,No,Low
9189-JWSHV,Month-to-month,Electronic check,24,Fiber optic,No,No,93.55,Yes,0.82,Yes,Critical
2190-PHBHR,Two year,Credit card (automatic),72,Fiber optic,Yes,No,94.45,No,0.04,No,Low
2650-GYRYL,One year,Bank transfer (automatic),33,No,No internet service,No internet service,19.45,No,0.01,No,Low
0746-JTRFU,Month-to-month,Electronic check,2,DSL,No,No,25.05,Yes,0.93,Yes,Critical
5208-FVQKB,Two year,Mailed check,70,DSL,Yes,Yes,67.95,No,0.0,No,Low
7184-LRUUR,One year,Bank transfer (automatic),22,DSL,No,No,65.25,No,0.03,No,Low
6627-CFOSN,Month-to-month,Bank transfer (automatic),59,Fiber optic,Yes,No,99.45,No,0.09,No,Low
3982-JGSFD,One year,Credit card (automatic),36,No,No internet service,No internet service,20.35,No,0.0,No,Low
1574-DYCWE,Two year,Mailed check,51,No,No internet service,No internet service,19.95,No,0.0,No,Low
7247-XOZPB,One year,Bank transfer (automatic),53,DSL,Yes,Yes,77.4,No,0.03,No,Low
2466-FCCPT,One year,Bank transfer (automatic),20,No,No internet service,No internet service,19.7,No,0.04,No,Low
6211-WWLTF,Two year,Credit card (automatic),63,Fiber optic,Yes,No,99.7,No,0.07,No,Low
4826-TZEVA,Month-to-month,Credit card (automatic),40,Fiber optic,No,No,74.8,No,0.18,No,Low
6016-NXBNJ,One year,Mailed check,35,No,No internet service,No internet service,19.15,No,0.01,No,Low
9138-EFSMO,One year,Bank transfer (automatic),26,Fiber optic,No,No,78.95,No,0.12,No,Low
0576-WNXXC,Month-to-month,Electronic check,27,Fiber optic,No,No,95.55,Yes,0.73,Yes,High
4632-XJMEX,One year,Credit card (automatic),53,DSL,Yes,Yes,62.85,No,0.02,No,Low
8910-LEDAG,Month-to-month,Credit card (automatic),34,Fiber optic,No,No,71.55,No,0.09,No,Low
3452-GWUIN,Month-to-month,Electronic check,19,Fiber optic,No,No,94.95,No,0.12,No,Low
2716-GFZOR,Month-to-month,Credit card (automatic),43,Fiber optic,Yes,No,86.1,No,0.08,No,Low
3724-UCSHY,Month-to-month,Mailed check,6,No,No internet service,No internet service,19.55,No,0.01,No,Low
8626-XHBIE,Two year,Mailed check,56,No,No internet service,No internet service,24.8,No,0.0,No,Low
4628-CTTLA,Month-to-month,Electronic check,57,DSL,No,No,39.3,Yes,0.8,Yes,Critical
3192-LNKRK,Month-to-month,Mailed check,34,Fiber optic,No,No,84.05,No,0.21,No,Low
4439-YRNVD,Month-to-month,Electronic check,10,DSL,No,Yes,36.25,No,0.03,No,Low
2876-VBBBL,Month-to-month,Mailed check,1,No,No internet service,No internet service,20.25,Yes,0.5331666666666667,Yes,Medium
6834-NXDCA,Month-to-month,Electronic check,13,DSL,No,No,23.9,Yes,0.65,Yes,High
2208-UGTGR,Month-to-month,Electronic check,56,Fiber optic,No,No,98.6,No,0.08,No,Low
3005-TYFRD,Month-to-month,Credit card (automatic),55,Fiber optic,No,No,103.65,No,0.36,No,Medium
8670-MEFCP,Two year,Credit card (automatic),36,DSL,Yes,Yes,92.9,No,0.01,No,Low
3079-BCHLN,One year,Bank transfer (automatic),47,No,No internet service,No internet service,19.9,No,0.0,No,Low
7777-UNYHB,Month-to-month,Credit card (automatic),12,No,No internet service,No internet service,20.1,No,0.04,No,Low
5597-GLBUC,Month-to-month,Electronic check,1,Fiber optic,No,No,85.45,Yes,0.92,Yes,Critical
7278-CKDNC,Month-to-month,Electronic check,24,Fiber optic,No,No,80.5,No,0.88,Yes,Critical
2748-MYRVK,One year,Bank transfer (automatic),63,Fiber optic,No,No,99.9,Yes,0.12,No,Low
8450-UYIBU,Month-to-month,Electronic check,35,DSL,No,No,39.85,No,0.27,No,Low
2969-VAPYH,One year,Credit card (automatic),67,DSL,Yes,Yes,60.5,No,0.0,No,Low
4822-YCXMX,Month-to-month,Electronic check,25,Fiber optic,No,No,84.8,Yes,0.92,Yes,Critical
7181-OQCUT,Month-to-month,Mailed check,21,Fiber optic,Yes,No,103.85,No,0.53,Yes,Medium
8474-UMLNT,Month-to-month,Bank transfer (automatic),13,DSL,Yes,Yes,67.8,No,0.03,No,Low
9821-POOTN,Month-to-month,Electronic check,35,Fiber optic,No,No,75.2,Yes,0.78,Yes,Critical
3836-FZSDJ,Two year,Bank transfer (automatic),71,No,No internet service,No internet service,24.85,No,0.0,No,Low
9142-XMYJH,Month-to-month,Credit card (automatic),29,No,No internet service,No internet service,19.35,No,0.04,No,Low
6559-ILWKJ,Two year,Electronic check,71,DSL,No,No,49.35,Yes,0.62,Yes,High
0187-QSXOE,Month-to-month,Electronic check,7,Fiber optic,No,No,89.0,No,0.32,No,Medium
7733-UDMTP,Month-to-month,Electronic check,57,DSL,No,No,55.0,No,0.46,No,Medium
2649-HWLYB,Two year,Bank transfer (automatic),65,DSL,Yes,Yes,76.15,No,0.05,No,Low
5214-CHIWJ,One year,Mailed check,27,No,No internet service,No internet service,20.3,No,0.0,No,Low
4229-CZMLL,Month-to-month,Electronic check,6,Fiber optic,No,No,74.9,Yes,0.68,Yes,High
6904-JLBGY,Two year,Credit card (automatic),72,Fiber optic,Yes,Yes,117.35,No,0.01,No,Low
2465-BLLEU,Month-to-month,Mailed check,1,No,No internet service,No internet service,19.75,No,0.255,No,Low
1685-VAYJF,Month-to-month,Credit card (automatic),11,DSL,No,No,45.2,No,0.09,No,Low
8874-EJNSR,Two year,Mailed check,39,No,No internet service,No internet service,25.2,No,0.0,No,Low
6917-YACBP,Month-to-month,Electronic check,59,Fiber optic,Yes,No,89.75,No,0.03,No,Low
5049-MUBWG,One year,Bank transfer (automatic),26,DSL,Yes,Yes,75.0,No,0.04,No,Low
4223-WOZCM,Month-to-month,Mailed check,2,DSL,No,No,49.95,No,0.68,Yes,High
0769-MURVM,Two year,Bank transfer (automatic),72,DSL,Yes,Yes,65.7,No,0.0,No,Low
9253-VIFJQ,One year,Credit card (automatic),65,DSL,Yes,No,67.05,No,0.14,No,Low
7030-FZTFM,Two year,Credit card (automatic),72,Fiber optic,No,Yes,110.9,No,0.01,No,Low
9741-YLNTD,Month-to-month,Bank transfer (automatic),6,Fiber optic,No,Yes,87.95,No,0.54,Yes,Medium
5917-RYRMG,One year,Credit card (automatic),32,No,No internet service,No internet service,19.8,No,0.01,No,Low
5120-ZBLAI,One year,Bank transfer (automatic),50,DSL,No,No,75.7,No,0.02,No,Low
1194-BHJYC,Two year,Mailed check,61,DSL,Yes,Yes,62.15,No,0.0,No,Low
3663-MITLP,Month-to-month,Electronic check,15,Fiber optic,No,No,101.25,Yes,0.81,Yes,Critical
0906-QVPMS,Two year,Bank transfer (automatic),72,Fiber optic,Yes,Yes,115.15,No,0.0,No,Low
9025-ZRPVR,Month-to-month,Mailed check,9,No,No internet service,No internet service,18.95,Yes,0.04,No,Low
1905-OEILC,Month-to-month,Mailed check,1,No,No internet service,No internet service,19.5,No,0.46716666666666673,No,Medium
7858-GTZSP,Month-to-month,Electronic check,12,Fiber optic,No,No,86.55,No,0.22,No,Low
3285-UCQVC,Month-to-month,Credit card (automatic),37,DSL,No,Yes,28.6,Yes,0.63,Yes,High
6248-BSHKG,One year,Mailed check,61,No,No internet service,No internet service,20.4,No,0.01,No,Low
4685-TFLLS,One year,Bank transfer (automatic),18,No,No internet service,No internet service,19.8,No,0.0,No,Low
3470-BTGQO,Month-to-month,Mailed check,21,DSL,No,No,45.65,No,0.04,No,Low
1209-VFFOC,Two year,Mailed check,68,DSL,Yes,Yes,56.4,No,0.0,No,Low
8224-DWCKX,Month-to-month,Credit card (automatic),12,Fiber optic,No,No,73.3,No,0.13,No,Low
5482-PLVPE,Month-to-month,Electronic check,2,DSL,No,No,24.35,Yes,0.89,Yes,Critical
4553-DVPZG,Month-to-month,Electronic check,62,Fiber optic,No,No,101.35,No,0.09,No,Low
4902-OHLSK,Month-to-month,Electronic check,29,Fiber optic,No,Yes,98.65,Yes,0.88,Yes,Critical
6917-IAYHD,Month-to-month,Mailed check,1,DSL,No,Yes,33.6,No,0.17,No,Low
0495-ZBNGW,Month-to-month,Bank transfer (automatic),5,Fiber optic,No,No,79.9,Yes,0.93,Yes,Critical
8620-RJPZN,Month-to-month,Electronic check,1,No,No internet service,No internet service,20.7,No,0.13583333333333333,No,Low
7572-KPVKK,Two year,Electronic check,62,Fiber optic,No,Yes,104.05,No,0.35,No,Medium
2642-MAWLJ,Two year,Bank transfer (automatic),36,No,No internet service,No internet service,20.25,No,0.0,No,Low
2357-COQEK,Month-to-month,Electronic check,28,Fiber optic,No,Yes,103.3,Yes,0.77,Yes,Critical
7103-ZGVNT,One year,Credit card (automatic),69,DSL,Yes,Yes,73.7,No,0.0,No,Low
3737-GCSPV,Month-to-month,Credit card (automatic),11,Fiber optic,Yes,Yes,96.2,Yes,0.85,Yes,Critical
2027-WKXMW,Month-to-month,Electronic check,63,Fiber optic,No,Yes,108.75,No,0.08,No,Low
7137-NAXML,One year,Bank transfer (automatic),23,No,No internet service,No internet service,20.15,No,0.03,No,Low
2428-ZMCTB,Month-to-month,Credit card (automatic),10,No,No internet service,No internet service,19.75,No,0.02,No,Low
2961-VNFKL,Two year,Credit card (automatic),71,No,No internet service,No internet service,25.95,No,0.01,No,Low
1768-HNVGJ,Month-to-month,Electronic check,45,DSL,Yes,Yes,70.05,No,0.03,No,Low
6963-KQYQB,Two year,Mailed check,70,No,No internet service,No internet service,24.05,No,0.0,No,Low
5934-RMPOV,Month-to-month,Electronic check,22,Fiber optic,No,No,84.75,No,0.27,No,Low
1207-BLKSA,Two year,Mailed check,52,No,No internet service,No internet service,23.05,No,0.0,No,Low
4088-YLDSU,One year,Electronic check,55,Fiber optic,No,Yes,104.15,Yes,0.78,Yes,Critical
8316-BBQAY,Two year,Credit card (automatic),65,DSL,Yes,Yes,59.95,No,0.02,No,Low
1166-PQLGG,Two year,Bank transfer (automatic),72,No,No internet service,No internet service,19.55,No,0.0,No,Low
3146-JTQHR,One year,Bank transfer (automatic),10,No,No internet service,No internet service,19.6,No,0.03,No,Low
4291-YZODP,One year,Mailed check,7,No,No internet service,No internet service,20.05,No,0.0,No,Low
4395-PZMSN,Month-to-month,Electronic check,5,Fiber optic,No,No,85.55,No,0.27,No,Low
6427-FEFIG,Two year,Credit card (automatic),24,DSL,Yes,No,78.6,No,0.01,No,Low
0017-IUDMW,Two year,Credit card (automatic),72,Fiber optic,Yes,Yes,116.8,No,0.0,No,Low
8706-HRADD,Month-to-month,Mailed check,21,DSL,Yes,Yes,43.55,No,0.15,No,Low
9955-QOPOY,One year,Credit card (automatic),69,DSL,No,Yes,60.8,No,0.05,No,Low
4385-ZKVNW,Month-to-month,Bank transfer (automatic),44,DSL,No,Yes,54.9,No,0.07,No,Low
5446-DKWYW,One year,Electronic check,61,DSL,No,No,65.2,No,0.19,No,Low
2034-CGRHZ,Month-to-month,Credit card (automatic),24,Fiber optic,No,No,102.95,Yes,0.81,Yes,Critical
5797-APWZC,Month-to-month,Electronic check,1,Fiber optic,No,No,90.6,Yes,0.99,Yes,Critical
3683-QKIUE,Month-to-month,Bank transfer (automatic),6,DSL,No,Yes,50.8,Yes,0.87,Yes,Critical
4228-ZGYUW,Month-to-month,Electronic check,4,Fiber optic,No,No,90.05,Yes,0.9,Yes,Critical
9031-ZVQPT,Two year,Electronic check,72,Fiber optic,No,Yes,108.2,No,0.01,No,Low
2990-IAJSV,Two year,Bank transfer (automatic),72,DSL,Yes,Yes,92.0,No,0.0,No,Low
8107-KNCIM,Month-to-month,Electronic check,14,Fiber optic,No,No,75.1,No,0.36,No,Medium
9027-YFHQJ,Month-to-month,Bank transfer (automatic),7,No,No internet service,No internet service,25.05,No,0.05,No,Low
5176-LDKUH,One year,Electronic check,48,Fiber optic,No,No,75.15,No,0.05,No,Low
4644-OBGFZ,One year,Mailed check,55,No,No internet service,No internet service,19.5,No,0.0,No,Low
7926-IJOOU,Month-to-month,Credit card (automatic),1,No,No internet service,No internet service,19.3,No,0.02,No,Low
6480-YAGIY,One year,Credit card (automatic),45,Fiber optic,Yes,Yes,112.2,No,0.03,No,Low
4029-HPFVY,Month-to-month,Mailed check,3,Fiber optic,No,No,70.3,No,0.7,Yes,High
7602-DBTOU,Two year,Mailed check,71,No,No internet service,No internet service,19.6,No,0.0,No,Low
5345-BMKWB,Month-to-month,Mailed check,8,No,No internet service,No internet service,20.25,No,0.19,No,Low
3519-ZKXGG,Month-to-month,Electronic check,3,Fiber optic,No,No,75.85,Yes,0.82,Yes,Critical
5457-COLHT,Two year,Bank transfer (automatic),69,DSL,Yes,Yes,80.65,No,0.01,No,Low
6416-TVAIH,Month-to-month,Electronic check,1,Fiber optic,No,No,68.5,Yes,0.97,Yes,Critical
5451-YHYPW,Two year,Credit card (automatic),72,Fiber optic,Yes,Yes,115.75,No,0.0,No,Low
5108-ADXWO,Month-to-month,Electronic check,11,Fiber optic,Yes,No,73.5,Yes,0.85,Yes,Critical
7998-WNZEM,Two year,Bank transfer (automatic),71,DSL,Yes,Yes,80.6,No,0.0,No,Low
3066-RRJIO,Month-to-month,Mailed check,1,Fiber optic,No,No,69.95,Yes,0.98,Yes,Critical
4664-NJCMS,Two year,Bank transfer (automatic),33,DSL,Yes,Yes,59.55,No,0.0,No,Low
0307-BCOPK,One year,Mailed check,16,No,No internet service,No internet service,19.05,No,0.01,No,Low
7629-WFGLW,One year,Electronic check,56,Fiber optic,Yes,Yes,95.65,No,0.04,No,Low
2542-HYGIQ,Month-to-month,Credit card (automatic),1,No,No internet service,No internet service,19.95,No,0.04,No,Low
6715-OFDBP,Month-to-month,Electronic check,5,DSL,No,No,70.05,Yes,0.83,Yes,Critical
5016-LIPDW,One year,Mailed check,57,No,No internet service,No internet service,19.4,No,0.0,No,Low
6481-LXPWL,One year,Credit card (automatic),56,DSL,No,No,36.1,No,0.07,No,Low
1567-DSCIC,Month-to-month,Electronic check,8,Fiber optic,No,No,94.0,Yes,0.89,Yes,Critical
2150-UWTFY,Month-to-month,Mailed check,22,DSL,Yes,No,61.15,Yes,0.67,Yes,High
6124-ACRHJ,Month-to-month,Mailed check,1,No,No internet service,No internet service,19.75,No,0.11161904761904763,No,Low
9362-MWODR,Month-to-month,Credit card (automatic),40,DSL,Yes,Yes,64.1,No,0.05,No,Low
9975-GPKZU,Two year,Credit card (automatic),46,No,No internet service,No internet service,19.75,No,0.0,No,Low
9625-RZFUK,Two year,Mailed check,63,No,No internet service,No internet service,19.7,No,0.0,No,Low
5153-LXKDT,Two year,Electronic check,68,Fiber optic,Yes,No,110.2,No,0.04,No,Low
5161-UBZXI,Two year,Credit card (automatic),69,Fiber optic,Yes,Yes,106.35,No,0.02,No,Low
1020-JPQOW,Month-to-month,Electronic check,56,Fiber optic,No,Yes,90.55,No,0.08,No,Low
7919-ZODZZ,One year,Mailed check,10,DSL,No,No,65.9,No,0.23,No,Low
0565-JUPYD,One year,Credit card (automatic),63,Fiber optic,Yes,Yes,104.5,No,0.02,No,Low
6867-ACCZI,Two year,Mailed check,24,DSL,Yes,Yes,52.5,No,0.01,No,Low
5939-XAIXZ,Month-to-month,Mailed check,19,DSL,No,No,56.1,No,0.1,No,Low
9054-FOWNV,Month-to-month,Electronic check,22,Fiber optic,No,No,88.75,No,0.55,Yes,High
2683-BPJSO,Month-to-month,Electronic check,29,Fiber optic,Yes,No,84.45,Yes,0.74,Yes,High
2157-MXBJS,One year,Mailed check,13,DSL,No,No,75.3,Yes,0.83,Yes,Critical
8207-VVMYB,Two year,Bank transfer (automatic),70,No,No internet service,No internet service,26.0,No,0.0,No,Low
9732-EQMWY,Month-to-month,Electronic check,49,Fiber optic,No,No,99.4,No,0.15,No,Low
9360-AHGNL,One year,Mailed check,43,Fiber optic,Yes,Yes,109.55,Yes,0.65,Yes,High
1087-UDSIH,Month-to-month,Mailed check,3,No,No internet service,No internet service,19.6,Yes,0.1,No,Low
5269-NRGDP,One year,Electronic check,42,DSL,No,Yes,73.15,No,0.07,No,Low
6195-MELTI,One year,Mailed check,57,DSL,No,Yes,54.65,No,0.1,No,Low
5485-WUYWF,Month-to-month,Bank transfer (automatic),2,DSL,Yes,No,66.4,Yes,0.71,Yes,High
2121-JAFOM,Two year,Credit card (automatic),72,Fiber optic,Yes,Yes,115.55,No,0.0,No,Low
8818-DOPVL,Month-to-month,Electronic check,46,Fiber optic,No,No,104.45,No,0.29,No,Low
2632-UCGVD,Month-to-month,Credit card (automatic),66,Fiber optic,No,Yes,100.05,Yes,0.76,Yes,Critical
5445-PZWGX,One year,Electronic check,62,Fiber optic,Yes,Yes,102.0,Yes,0.07,No,Low
1227-UDMZR,Two year,Bank transfer (automatic),72,DSL,Yes,Yes,91.15,No,0.0,No,Low
5198-HQAEN,One year,Electronic check,35,Fiber optic,No,Yes,89.7,No,0.04,No,Low
9170-CCKOU,Month-to-month,Credit card (automatic),17,Fiber optic,Yes,No,90.2,Yes,0.66,Yes,High
2167-FQSTQ,Two year,Electronic check,72,DSL,Yes,Yes,92.4,No,0.0,No,Low
2819-GWENI,One year,Mailed check,28,No,No internet service,No internet service,19.9,No,0.0,No,Low
1043-YCUTE,Two year,Credit card (automatic),56,No,No internet service,No internet service,25.15,Yes,0.64,Yes,High
3814-MLAXC,Month-to-month,Credit card (automatic),31,Fiber optic,No,Yes,79.85,Yes,0.69,Yes,High
3572-UUHRS,One year,Bank transfer (automatic),45,No,No internet service,No internet service,18.85,No,0.0,No,Low
2692-PFYTJ,Month-to-month,Mailed check,1,No,No internet service,No internet service,25.75,No,0.1975,No,Low
1226-UDFZR,Month-to-month,Mailed check,2,DSL,No,No,49.6,Yes,0.78,Yes,Critical
5955-EPOAZ,Month-to-month,Mailed check,6,No,No internet service,No internet service,20.95,No,0.01,No,Low
6821-JPCDC,One year,Electronic check,48,Fiber optic,No,No,97.05,No,0.11,No,Low
8815-LMFLX,Month-to-month,Bank transfer (automatic),25,No,No internet service,No internet service,25.4,No,0.05,No,Low
9135-HSWOC,Two year,Bank transfer (automatic),64,No,No internet service,No internet service,19.7,No,0.02,No,Low
8582-KRHPJ,Month-to-month,Mailed check,50,DSL,Yes,No,35.0,No,0.14,No,Low
5811-IWXYM,One year,Bank transfer (automatic),52,Fiber optic,No,No,101.25,No,0.07,No,Low
7044-YAACC,Month-to-month,Electronic check,4,Fiber optic,No,No,70.2,No,0.15,No,Low
8189-XRIKE,Month-to-month,Electronic check,32,Fiber optic,No,No,90.95,No,0.14,No,Low
1506-YJTYT,Two year,Credit card (automatic),45,DSL,Yes,Yes,73.85,No,0.03,No,Low
4123-DVHPH,Month-to-month,Electronic check,9,Fiber optic,Yes,No,88.05,No,0.18,No,Low
6425-YQLLO,One year,Credit card (automatic),66,Fiber optic,No,Yes,105.95,Yes,0.65,Yes,High
5442-UTCVD,Month-to-month,Electronic check,3,Fiber optic,No,No,91.85,Yes,0.89,Yes,Critical
2228-BZDEE,Two year,Mailed check,54,No,No internet service,No internet service,20.1,No,0.02,No,Low
7734-DBOAI,Month-to-month,Electronic check,1,DSL,No,Yes,40.1,Yes,0.72,Yes,High
2789-CZANW,Two year,Bank transfer (automatic),64,Fiber optic,Yes,Yes,110.3,No,0.02,No,Low
2091-RFFBA,Month-to-month,Electronic check,31,Fiber optic,No,No,73.9,Yes,0.73,Yes,High
2114-MGINA,Month-to-month,Mailed check,14,Fiber optic,No,No,89.8,Yes,0.78,Yes,Critical
7596-LDUXP,One year,Credit card (automatic),12,Fiber optic,Yes,No,85.15,No,0.12,No,Low
3740-RLMVT,One year,Bank transfer (automatic),67,DSL,Yes,Yes,60.95,No,0.02,No,Low
4489-SNOJF,Month-to-month,Electronic check,35,DSL,Yes,Yes,72.25,Yes,0.15,No,Low
2192-OZITF,Two year,Mailed check,45,DSL,Yes,Yes,73.55,No,0.01,No,Low
5651-CPDND,Month-to-month,Mailed check,10,DSL,No,No,46.0,No,0.12,No,Low
2186-QZEYA,Month-to-month,Bank transfer (automatic),29,DSL,Yes,No,58.55,No,0.02,No,Low
1131-ALZWV,One year,Bank transfer (automatic),24,No,No internet service,No internet service,24.6,No,0.08,No,Low
7729-XBTWX,Two year,Mailed check,66,No,No internet service,No internet service,19.75,No,0.02,No,Low
9134-WYRVP,One year,Mailed check,51,Fiber optic,Yes,No,86.35,No,0.07,No,Low
3284-SVCRO,Two year,Mailed check,45,No,No internet service,No internet service,25.5,No,0.0,No,Low
9732-OUYRN,One year,Credit card (automatic),49,No,No internet service,No internet service,19.0,No,0.0,No,Low
0559-CKHUS,Two year,Mailed check,29,No,No internet service,No internet service,19.55,No,0.01,No,Low
2931-SVLTV,Month-to-month,Credit card (automatic),40,Fiber optic,Yes,Yes,110.1,No,0.1,No,Low
6899-PPEEA,Month-to-month,Electronic check,37,Fiber optic,No,No,96.55,Yes,0.63,Yes,High
7504-UWHNB,Month-to-month,Electronic check,25,Fiber optic,No,No,69.75,No,0.48,No,Medium
2582-FFFZR,Month-to-month,Electronic check,22,DSL,No,No,50.6,No,0.15,No,Low
8908-NMQTX,Two year,Bank transfer (automatic),72,DSL,Yes,Yes,65.6,No,0.0,No,Low
2187-LZGPL,Month-to-month,Credit card (automatic),7,DSL,No,No,40.1,Yes,0.74,Yes,High
1431-AIDJQ,Two year,Credit card (automatic),33,DSL,No,Yes,82.1,No,0.03,No,Low
6288-LBEAR,Month-to-month,Mailed check,23,Fiber optic,No,Yes,79.1,No,0.11,No,Low
4597-NUCQV,Month-to-month,Electronic check,24,Fiber optic,No,No,101.25,Yes,0.9,Yes,Critical
9019-QVLZD,Month-to-month,Electronic check,1,Fiber optic,No,No,79.55,Yes,0.95,Yes,Critical
8413-YNHNV,Two year,Mailed check,69,DSL,Yes,Yes,90.65,No,0.0,No,Low
5808-TOTXO,One year,Credit card (automatic),3,No,No internet service,No internet service,20.55,No,0.04,No,Low
4369-NYSCF,One year,Bank transfer (automatic),56,DSL,No,Yes,75.75,No,0.02,No,Low
6333-YDVLT,One year,Credit card (automatic),65,Fiber optic,Yes,Yes,110.0,No,0.1,No,Low
5324-KTGCG,One year,Electronic check,71,No,No internet service,No internet service,20.85,No,0.1,No,Low
5599-HVLTW,Month-to-month,Bank transfer (automatic),14,Fiber optic,No,No,80.35,No,0.2,No,Low
7394-LWLYN,Month-to-month,Electronic check,2,Fiber optic,No,No,70.15,No,0.14,No,Low
3707-LRWZD,One year,Electronic check,32,Fiber optic,No,No,84.05,Yes,0.75,Yes,Critical
6873-UDNLD,Month-to-month,Electronic check,40,DSL,Yes,No,67.45,No,0.07,No,Low
2700-LUEVA,Month-to-month,Credit card (automatic),1,No,No internet service,No internet service,20.75,No,0.08,No,Low
1455-ESIQH,Month-to-month,Electronic check,1,Fiber optic,No,No,89.1,Yes,0.77,Yes,Critical
0958-YHXGP,Month-to-month,Mailed check,7,Fiber optic,No,No,69.9,No,0.67,Yes,High
1101-SSWAG,Month-to-month,Electronic check,15,DSL,No,No,51.1,No,0.22,No,Low
2979-SXESE,Month-to-month,Electronic check,17,Fiber optic,Yes,No,94.4,Yes,0.86,Yes,Critical
4013-TLDHQ,Month-to-month,Electronic check,19,Fiber optic,No,No,78.25,Yes,0.81,Yes,Critical
5743-KHMNA,Two year,Bank transfer (automatic),71,No,No internet service,No internet service,25.55,No,0.0,No,Low
4194-FJARJ,Two year,Bank transfer (automatic),54,DSL,Yes,Yes,60.0,No,0.0,No,Low
5325-UWTWJ,Month-to-month,Credit card (automatic),31,Fiber optic,Yes,Yes,90.55,No,0.06,No,Low
3969-GYXEL,Month-to-month,Electronic check,11,Fiber optic,Yes,No,76.4,No,0.14,No,Low
9208-OLGAQ,Month-to-month,Electronic check,18,Fiber optic,No,No,84.95,No,0.17,No,Low
3244-CQPHU,Two year,Bank transfer (automatic),72,Fiber optic,Yes,Yes,110.1,No,0.03,No,Low
2674-MLXMN,Month-to-month,Credit card (automatic),71,Fiber optic,No,No,99.65,No,0.12,No,Low
9708-HPXWZ,Month-to-month,Credit card (automatic),5,DSL,No,Yes,45.4,No,0.19,No,Low
6992-TKNYO,One year,Credit card (automatic),38,DSL,No,Yes,69.0,No,0.02,No,Low
4468-YDOVK,Month-to-month,Bank transfer (automatic),5,DSL,No,Yes,48.65,No,0.42,No,Medium
3754-DXMRT,Month-to-month,Electronic check,2,DSL,No,No,44.15,Yes,0.88,Yes,Critical
5792-JALQC,Two year,Bank transfer (automatic),52,DSL,Yes,No,59.85,No,0.05,No,Low
7130-VTEWQ,Month-to-month,Electronic check,8,Fiber optic,No,No,75.75,Yes,0.68,Yes,High
2200-DSAAL,Two year,Electronic check,68,DSL,No,No,80.65,No,0.06,No,Low
4302-ZYFEL,One year,Credit card (automatic),69,No,No internet service,No internet service,20.55,No,0.0,No,Low
9351-LZYGF,Month-to-month,Credit card (automatic),42,DSL,Yes,Yes,66.4,No,0.07,No,Low
4366-CTOUZ,Two year,Mailed check,50,Fiber optic,No,Yes,100.2,No,0.01,No,Low
6121-VZNQB,Month-to-month,Mailed check,1,No,No internet service,No internet service,19.1,Yes,0.7,Yes,High
7903-CMPEY,Month-to-month,Electronic check,1,Fiber optic,Yes,No,80.3,Yes,0.92,Yes,Critical
1518-OMDIK,Month-to-month,Credit card (automatic),33,DSL,No,No,44.55,No,0.03,No,Low
6671-NGWON,Month-to-month,Mailed check,7,No,No internet service,No internet service,20.35,No,0.08,No,Low
0595-ITUDF,Month-to-month,Electronic check,64,Fiber optic,Yes,No,91.8,No,0.09,No,Low
6996-KNSML,Month-to-month,Electronic check,1,Fiber optic,No,No,74.9,Yes,0.88,Yes,Critical
1955-IBMMB,Two year,Bank transfer (automatic),59,No,No internet service,No internet service,20.2,No,0.02,No,Low
0096-BXERS,Month-to-month,Electronic check,6,DSL,No,No,50.35,No,0.25,No,Low
3806-YAZOV,Month-to-month,Mailed check,3,No,No internet service,No internet service,18.8,No,0.07,No,Low
7998-ZLXWN,Month-to-month,Credit card (automatic),15,No,No internet service,No internet service,20.45,No,0.1,No,Low
6253-WRFHY,One year,Electronic check,13,DSL,No,No,64.75,No,0.13,No,Low
9133-AYJZG,Month-to-month,Credit card (automatic),23,Fiber optic,No,No,98.7,No,0.21,No,Low
2675-OTVVJ,Month-to-month,Electronic check,31,Fiber optic,Yes,No,89.45,No,0.14,No,Low
8680-CGLTP,One year,Electronic check,29,DSL,Yes,Yes,58.75,No,0.06,No,Low
8430-TWCBX,One year,Credit card (automatic),49,No,No internet service,No internet service,20.7,No,0.07,No,Low
5018-GWURO,Month-to-month,Bank transfer (automatic),56,Fiber optic,No,No,85.6,No,0.19,No,Low
6741-QRLUP,Two year,Credit card (automatic),63,DSL,Yes,Yes,80.3,No,0.01,No,Low
4737-HOBAX,Two year,Credit card (automatic),63,DSL,No,Yes,79.8,No,0.01,No,Low
0537-QYZZN,Month-to-month,Electronic check,24,Fiber optic,Yes,No,79.85,No,0.22,No,Low
3340-QBBFM,One year,Credit card (automatic),36,DSL,No,Yes,54.1,No,0.04,No,Low
1704-NRWYE,Month-to-month,Electronic check,9,Fiber optic,No,No,80.85,Yes,0.79,Yes,Critical
2592-SEIFQ,Month-to-month,Electronic check,3,DSL,No,No,24.75,Yes,0.76,Yes,Critical
8200-KLNYW,One year,Mailed check,21,DSL,Yes,Yes,80.9,No,0.05,No,Low
3372-CDXFJ,One year,Bank transfer (automatic),13,No,No internet service,No internet service,24.5,No,0.05,No,Low
4781-ZXYGU,Month-to-month,Bank transfer (automatic),1,No,No internet service,No internet service,20.15,No,0.18,No,Low
7632-YUTXB,One year,Mailed check,25,No,No internet service,No internet service,20.05,No,0.0,No,Low
2718-YSKCS,Two year,Bank transfer (automatic),71,No,No internet service,No internet service,19.6,No,0.02,No,Low
9896-UYMIE,One year,Bank transfer (automatic),66,Fiber optic,Yes,Yes,114.3,No,0.08,No,Low
0853-NWIFK,One year,Electronic check,45,Fiber optic,Yes,No,100.3,No,0.09,No,Low
8212-CRQXP,Month-to-month,Credit card (automatic),22,Fiber optic,No,No,80.0,No,0.19,No,Low
6980-CDGFC,One year,Bank transfer (automatic),67,No,No internet service,No internet service,20.85,No,0.05,No,Low
7691-XVTZH,Two year,Bank transfer (automatic),68,Fiber optic,No,No,89.95,No,0.16,No,Low
2520-SGTTA,Two year,Mailed check,0,No,No internet service,No internet service,20.0,No,0.02,No,Low
7481-ATQQS,Month-to-month,Credit card (automatic),49,Fiber optic,No,No,90.85,Yes,0.65,Yes,High
2277-VWCNI,Month-to-month,Mailed check,4,DSL,No,No,48.75,No,0.67,Yes,High
1088-CNNKB,One year,Credit card (automatic),63,DSL,Yes,Yes,80.0,No,0.07,No,Low
8642-GVWRF,Month-to-month,Bank transfer (automatic),2,Fiber optic,No,No,79.7,Yes,0.8340000000000001,Yes,Critical
1930-BZLHI,One year,Mailed check,21,No,No internet service,No internet service,20.35,No,0.0,No,Low
3400-ESFUW,Two year,Bank transfer (automatic),55,DSL,Yes,Yes,57.55,Yes,0.0,No,Low
5868-YTYKS,Month-to-month,Mailed check,1,No,No internet service,No internet service,20.25,No,0.102,No,Low
3525-DVKFN,Two year,Mailed check,17,No,No internet service,No internet service,19.4,No,0.0,No,Low
1482-OXZSY,Month-to-month,Bank transfer (automatic),30,Fiber optic,Yes,No,100.4,No,0.24,No,Low
0377-JBKKT,Month-to-month,Mailed check,22,DSL,Yes,Yes,57.95,No,0.1,No,Low
5778-BVOFB,Month-to-month,Bank transfer (automatic),9,DSL,No,Yes,59.5,No,0.13,No,Low
3373-YZZYM,Month-to-month,Mailed check,1,No,No internet service,No internet service,19.2,No,0.11,No,Low
2057-ZBLPD,Month-to-month,Electronic check,21,Fiber optic,No,No,86.5,Yes,0.41,No,Medium
0228-MAUWC,Month-to-month,Electronic check,19,DSL,No,Yes,59.55,No,0.1,No,Low
5502-RLUYV,Month-to-month,Electronic check,69,Fiber optic,No,No,103.95,Yes,0.83,Yes,Critical
0023-HGHWL,Month-to-month,Electronic check,1,DSL,No,No,25.1,Yes,0.96,Yes,Critical
7663-YJHSN,Two year,Bank transfer (automatic),72,Fiber optic,Yes,Yes,103.95,No,0.01,No,Low
4915-BFSXL,Two year,Credit card (automatic),70,DSL,Yes,No,68.95,No,0.02,No,Low
3086-RUCRN,Month-to-month,Bank transfer (automatic),66,Fiber optic,Yes,Yes,103.1,No,0.04,No,Low
5215-LNLDJ,Month-to-month,Electronic check,7,DSL,No,No,24.7,No,0.11,No,Low
7576-JMYWV,Month-to-month,Electronic check,46,Fiber optic,Yes,Yes,110.2,No,0.04,No,Low
9039-RBEEE,Month-to-month,Credit card (automatic),39,DSL,Yes,Yes,48.95,Yes,0.12,No,Low
0257-KXZGU,Month-to-month,Bank transfer (automatic),32,DSL,No,No,62.45,No,0.04,No,Low
1307-ATKGB,Month-to-month,Electronic check,24,Fiber optic,No,No,89.55,No,0.17,No,Low
8417-FMLZI,Month-to-month,Credit card (automatic),6,Fiber optic,No,No,83.55,Yes,0.85,Yes,Critical
3714-XPXBW,Month-to-month,Credit card (automatic),37,DSL,Yes,Yes,78.9,No,0.01,No,Low
1850-AKQEP,Month-to-month,Mailed check,8,No,No internet service,No internet service,20.35,No,0.01,No,Low
2824-DXNKN,Two year,Bank transfer (automatic),72,DSL,Yes,No,71.45,No,0.08,No,Low
5227-JSCFE,Two year,Credit card (automatic),71,DSL,Yes,Yes,46.35,No,0.02,No,Low
0848-ZGQIJ,Month-to-month,Bank transfer (automatic),16,Fiber optic,No,No,94.65,No,0.18,No,Low
3621-CHYVB,Month-to-month,Bank transfer (automatic),57,DSL,Yes,Yes,49.9,No,0.04,No,Low
8042-RNLKO,One year,Bank transfer (automatic),66,No,No internet service,No internet service,25.45,No,0.06,No,Low
1792-UXAFY,Month-to-month,Electronic check,17,Fiber optic,No,No,89.15,Yes,0.84,Yes,Critical
5372-FBKBN,Month-to-month,Mailed check,21,No,No internet service,No internet service,20.75,No,0.0,No,Low
0420-TXVSG,Two year,Credit card (automatic),66,DSL,Yes,No,66.1,No,0.04,No,Low
6217-TOWGS,Month-to-month,Bank transfer (automatic),17,DSL,No,No,75.4,No,0.11,No,Low
0515-YPMCW,Month-to-month,Mailed check,1,Fiber optic,No,No,70.45,Yes,0.82,Yes,Critical
0378-XSZPU,One year,Credit card (automatic),58,DSL,Yes,No,60.3,Yes,0.6,Yes,High
1045-LTCYT,Month-to-month,Credit card (automatic),8,No,No internet service,No internet service,21.05,No,0.02,No,Low
1544-JJMYL,One year,Credit card (automatic),27,DSL,Yes,Yes,69.35,No,0.03,No,Low
4636-JGAAI,Month-to-month,Mailed check,34,Fiber optic,No,No,88.85,No,0.14,No,Low
6874-SGLHU,One year,Bank transfer (automatic),30,Fiber optic,No,No,97.0,No,0.28,No,Low
5951-AOFIH,Month-to-month,Credit card (automatic),33,DSL,No,No,66.4,No,0.2,No,Low
4729-XKASR,Month-to-month,Electronic check,1,DSL,No,No,24.75,Yes,0.79,Yes,Critical
3059-NGMXB,Month-to-month,Mailed check,14,DSL,Yes,No,69.2,No,0.02,No,Low
8652-YHIYU,One year,Credit card (automatic),16,Fiber optic,No,Yes,79.5,No,0.11,No,Low
5278-PNYOX,Two year,Credit card (automatic),49,Fiber optic,No,Yes,100.65,No,0.01,No,Low
5449-FIBXJ,Month-to-month,Electronic check,19,Fiber optic,No,Yes,103.3,Yes,0.77,Yes,Critical
3486-HOOGQ,Two year,Bank transfer (automatic),70,DSL,Yes,Yes,79.7,No,0.0,No,Low
5061-PBXFW,Month-to-month,Bank transfer (automatic),32,DSL,Yes,Yes,61.4,No,0.05,No,Low
8630-FJLIB,Month-to-month,Electronic check,18,Fiber optic,No,No,69.8,No,0.18,No,Low
3891-NLXJB,Two year,Mailed check,37,DSL,Yes,Yes,40.55,No,0.0,No,Low
4749-OJKQU,Month-to-month,Electronic check,4,Fiber optic,No,No,75.65,No,0.19,No,Low
0577-WHMEV,Month-to-month,Electronic check,16,Fiber optic,Yes,No,90.7,No,0.12,No,Low
5453-AXEPF,Month-to-month,Bank transfer (automatic),17,Fiber optic,No,No,80.5,No,0.19,No,Low
3639-XJHKQ,Month-to-month,Electronic check,19,DSL,Yes,No,60.6,No,0.25,No,Low
3716-LRGXK,Two year,Credit card (automatic),60,Fiber optic,No,No,101.15,No,0.05,No,Low
2263-SFSQZ,Two year,Mailed check,51,No,No internet service,No internet service,24.95,No,0.01,No,Low
9950-MTGYX,Two year,Credit card (automatic),28,No,No internet service,No internet service,20.3,No,0.0,No,Low
3397-AVTKU,Two year,Electronic check,43,DSL,No,No,60.0,No,0.02,No,Low
4825-FUREZ,Two year,Electronic check,42,No,No internet service,No internet service,20.25,No,0.0,No,Low
9837-BMCLM,Month-to-month,Electronic check,3,Fiber optic,No,No,78.5,Yes,0.88,Yes,Critical
2672-OJQZP,Month-to-month,Mailed check,1,DSL,No,No,44.75,No,0.55,Yes,High
0137-UDEUO,Month-to-month,Mailed check,3,No,No internet service,No internet service,19.85,Yes,0.62,Yes,High
3134-DSHVC,Two year,Credit card (automatic),63,Fiber optic,Yes,No,98.0,No,0.0,No,Low
6161-UUUTA,Month-to-month,Electronic check,3,Fiber optic,No,No,79.9,Yes,0.85,Yes,Critical
7821-DPRQE,Month-to-month,Electronic check,68,Fiber optic,Yes,Yes,107.7,No,0.11,No,Low
6543-XRMYR,Month-to-month,Electronic check,30,Fiber optic,No,No,99.7,Yes,0.77,Yes,Critical
2001-EWBQU,Two year,Electronic check,60,Fiber optic,No,No,104.7,No,0.14,No,Low
4925-LMHOK,Month-to-month,Credit card (automatic),15,DSL,No,Yes,58.6,Yes,0.72,Yes,High
1608-GMEWB,Month-to-month,Bank transfer (automatic),45,Fiber optic,No,No,93.9,No,0.23,No,Low
6695-AMZUF,Two year,Credit card (automatic),70,DSL,Yes,Yes,86.45,No,0.0,No,Low
1455-UGQVH,Month-to-month,Electronic check,10,Fiber optic,No,No,98.5,Yes,0.95,Yes,Critical
8410-BGQXN,Month-to-month,Mailed check,4,No,No internet service,No internet service,19.4,No,0.02,No,Low
8280-MQRQN,Month-to-month,Mailed check,1,DSL,No,No,50.45,Yes,0.68,Yes,High
1619-YWUBB,Two year,Credit card (automatic),68,No,No internet service,No internet service,24.95,No,0.0,No,Low
7611-YKYTC,Month-to-month,Bank transfer (automatic),22,Fiber optic,Yes,No,75.0,No,0.1,No,Low
2037-SGXHH,Month-to-month,Electronic check,38,Fiber optic,No,No,94.65,Yes,0.72,Yes,High
3178-FESZO,Month-to-month,Credit card (automatic),1,Fiber optic,No,No,100.25,Yes,0.96,Yes,Critical
0365-GXEZS,Month-to-month,Electronic check,18,Fiber optic,No,Yes,78.2,No,0.24,No,Low
0082-OQIQY,Month-to-month,Electronic check,29,Fiber optic,No,Yes,94.2,No,0.5,No,Medium
6087-MVHJH,Month-to-month,Electronic check,16,Fiber optic,No,No,88.45,Yes,0.91,Yes,Critical
4603-JANFB,Month-to-month,Electronic check,1,Fiber optic,No,No,69.85,Yes,0.98,Yes,Critical
3018-TFTSU,Month-to-month,Bank transfer (automatic),12,Fiber optic,Yes,No,81.7,Yes,0.2,No,Low
3606-SBKRY,One year,Electronic check,31,DSL,No,No,50.05,No,0.09,No,Low
4806-KEXQR,Month-to-month,Electronic check,4,Fiber optic,No,No,79.9,Yes,0.57,Yes,High
0667-NSRGI,One year,Mailed check,48,DSL,No,Yes,69.55,No,0.02,No,Low
7083-YNSKY,Month-to-month,Credit card (automatic),15,No,No internet service,No internet service,25.4,Yes,0.62,Yes,High
6893-ODYYE,One year,Credit card (automatic),50,Fiber optic,Yes,Yes,90.1,No,0.02,No,Low
8242-JSVBO,Month-to-month,Bank transfer (automatic),7,DSL,No,No,44.65,No,0.25,No,Low
2479-BRAMR,Month-to-month,Bank transfer (automatic),41,Fiber optic,Yes,No,83.75,Yes,0.71,Yes,High
9541-ZPSEA,Two year,Credit card (automatic),68,Fiber optic,Yes,No,80.35,No,0.01,No,Low
2665-NPTGL,Month-to-month,Bank transfer (automatic),26,Fiber optic,No,No,98.1,No,0.73,Yes,High
1139-WUOAH,Two year,Credit card (automatic),57,DSL,No,Yes,53.35,No,0.01,No,Low
4693-VWVBO,Month-to-month,Electronic check,3,No,No internet service,No internet service,19.55,No,0.48,No,Medium
7434-SHXLS,Month-to-month,Mailed check,1,No,No internet service,No internet service,20.9,Yes,0.7059285714285712,Yes,High
6937-GCDGQ,One year,Bank transfer (automatic),19,DSL,Yes,No,48.95,No,0.04,No,Low
0988-JRWWP,Month-to-month,Electronic check,3,DSL,No,No,54.2,No,0.32,No,Medium
5075-JSDKI,Two year,Electronic check,59,No,No internet service,No internet service,24.45,No,0.02,No,Low
7908-QCBCA,Month-to-month,Mailed check,1,Fiber optic,No,No,69.4,Yes,0.96,Yes,Critical
8644-XYTSV,Month-to-month,Bank transfer (automatic),42,DSL,Yes,No,40.15,No,0.04,No,Low
6711-FLDFB,Month-to-month,Electronic check,7,Fiber optic,No,No,74.9,Yes,0.87,Yes,Critical
3873-WOSBC,Two year,Credit card (automatic),67,No,No internet service,No internet service,25.6,No,0.0,No,Low
7465-ZZRVX,Month-to-month,Electronic check,1,Fiber optic,No,No,70.35,No,0.4,No,Medium
7975-JMZNT,Two year,Bank transfer (automatic),66,DSL,Yes,Yes,91.7,No,0.0,No,Low
7251-XFOIL,Month-to-month,Mailed check,61,Fiber optic,No,No,89.2,No,0.31,No,Medium
4116-IQRFR,One year,Credit card (automatic),4,No,No internet service,No internet service,24.1,No,0.04,No,Low
3714-JTVOV,Month-to-month,Credit card (automatic),42,Fiber optic,Yes,No,74.15,Yes,0.76,Yes,Critical
8259-DZLIZ,One year,Bank transfer (automatic),64,DSL,No,No,53.85,No,0.02,No,Low
0442-ZXKVS,One year,Bank transfer (automatic),54,Fiber optic,Yes,Yes,115.6,No,0.03,No,Low
7853-WNZSY,Month-to-month,Credit card (automatic),1,No,No internet service,No internet service,19.75,No,0.26,No,Low
3120-FAZKD,Two year,Bank transfer (automatic),54,No,No internet service,No internet service,24.05,No,0.01,No,Low
8606-OEGQZ,Two year,Credit card (automatic),18,No,No internet service,No internet service,25.3,No,0.01,No,Low
0225-ZORZP,Month-to-month,Electronic check,3,Fiber optic,No,No,84.3,No,0.2,No,Low
4702-IOQDC,Month-to-month,Electronic check,1,Fiber optic,No,No,70.1,Yes,0.95,Yes,Critical
9489-JMTTN,Two year,Credit card (automatic),72,DSL,Yes,Yes,89.75,No,0.0,No,Low
0575-CUQOV,One year,Electronic check,60,Fiber optic,No,No,97.95,No,0.08,No,Low
0967-BMLBD,One year,Mailed check,11,No,No internet service,No internet service,20.0,No,0.07,No,Low
6178-KFNHS,Month-to-month,Electronic check,12,Fiber optic,Yes,No,78.3,Yes,0.78,Yes,Critical
2830-LEWOA,One year,Credit card (automatic),61,Fiber optic,No,Yes,103.9,No,0.02,No,Low
5006-MXVRN,Two year,Credit card (automatic),39,No,No internet service,No internet service,20.7,No,0.0,No,Low
1264-BYWMS,Month-to-month,Electronic check,55,Fiber optic,No,No,96.8,Yes,0.81,Yes,Critical
9658-WYUFB,Month-to-month,Electronic check,17,Fiber optic,Yes,No,94.4,Yes,0.91,Yes,Critical
8327-WKMIE,One year,Credit card (automatic),37,No,No internet service,No internet service,20.15,No,0.0,No,Low
6917-FIJHC,Two year,Mailed check,72,No,No internet service,No internet service,26.0,No,0.0,No,Low
5329-KRDTM,Two year,Credit card (automatic),72,DSL,No,Yes,77.35,No,0.06,No,Low
7797-EJMDP,Month-to-month,Bank transfer (automatic),8,DSL,Yes,Yes,66.05,No,0.03,No,Low
3530-VWVGU,Month-to-month,Mailed check,22,No,No internet service,No internet service,19.9,No,0.02,No,Low
2013-SGDXK,Month-to-month,Electronic check,1,Fiber optic,No,No,84.3,Yes,0.91,Yes,Critical
6368-NWMCE,Month-to-month,Credit card (automatic),38,DSL,No,Yes,68.15,No,0.03,No,Low
3633-CDBUW,One year,Electronic check,17,DSL,No,Yes,80.85,No,0.07,No,Low
0707-HOVVN,Two year,Bank transfer (automatic),70,DSL,No,Yes,75.5,No,0.06,No,Low
8580-QVLOC,Two year,Credit card (automatic),72,DSL,Yes,Yes,92.45,Yes,0.01,No,Low
3956-MGXOG,Month-to-month,Electronic check,28,Fiber optic,No,No,80.6,No,0.08,No,Low
9274-UARKJ,Month-to-month,Bank transfer (automatic),15,Fiber optic,No,No,83.2,No,0.13,No,Low
4077-HWUYD,Two year,Bank transfer (automatic),72,DSL,Yes,Yes,87.55,No,0.0,No,Low
2012-NWRPA,Month-to-month,Electronic check,11,Fiber optic,No,No,99.55,Yes,0.98,Yes,Critical
8808-ELEHO,Month-to-month,Electronic check,8,Fiber optic,No,No,81.25,Yes,0.78,Yes,Critical
0103-CSITQ,One year,Bank transfer (automatic),57,Fiber optic,No,Yes,109.4,No,0.03,No,Low
3506-LCJDC,Month-to-month,Bank transfer (automatic),1,No,No internet service,No internet service,19.95,Yes,0.77,Yes,Critical
8671-KKKOS,Month-to-month,Electronic check,46,DSL,Yes,No,45.55,No,0.29,No,Low
7305-ZWMAJ,One year,Credit card (automatic),30,No,No internet service,No internet service,20.7,No,0.0,No,Low
9518-XXBXE,Month-to-month,Electronic check,10,Fiber optic,Yes,No,75.3,No,0.16,No,Low
3934-HXCFZ,Month-to-month,Electronic check,23,Fiber optic,Yes,No,99.25,Yes,0.87,Yes,Critical
6578-KRMAW,Month-to-month,Credit card (automatic),32,Fiber optic,Yes,No,93.4,No,0.12,No,Low
4860-IJUDE,Month-to-month,Credit card (automatic),13,Fiber optic,Yes,No,73.75,No,0.2,No,Low
7666-WKRON,Two year,Electronic check,39,Fiber optic,No,Yes,80.45,Yes,0.11,No,Low
9688-YGXVR,Month-to-month,Credit card (automatic),44,Fiber optic,No,No,88.15,No,0.15,No,Low
0423-UDIJQ,Month-to-month,Mailed check,9,DSL,No,Yes,49.2,No,0.11,No,Low
1945-XISKS,Two year,Mailed check,67,No,No internet service,No internet service,19.65,No,0.0,No,Low
4910-AQFFX,Month-to-month,Bank transfer (automatic),9,Fiber optic,No,No,79.35,Yes,0.87,Yes,Critical
2154-KVJFF,Month-to-month,Electronic check,15,Fiber optic,No,No,79.75,Yes,0.94,Yes,Critical
5360-LJCNJ,Two year,Bank transfer (automatic),71,Fiber optic,No,No,105.15,No,0.19,No,Low
2607-FBDFF,Month-to-month,Credit card (automatic),1,DSL,No,Yes,49.0,No,0.16,No,Low
9647-ERGBE,Month-to-month,Electronic check,30,Fiber optic,No,No,100.05,Yes,0.74,Yes,High
3428-XZMAZ,Month-to-month,Electronic check,1,Fiber optic,No,No,69.35,Yes,1.0,Yes,Critical
1100-DDVRV,Month-to-month,Mailed check,17,DSL,No,No,49.8,No,0.35,No,Medium
0378-TOVMS,Month-to-month,Electronic check,3,Fiber optic,No,Yes,85.8,Yes,0.89,Yes,Critical
4355-HBJHH,Two year,Electronic check,67,DSL,Yes,No,79.7,Yes,0.64,Yes,High
6728-WYQBC,Month-to-month,Bank transfer (automatic),1,No,No internet service,No internet service,20.95,No,0.16333333333333336,No,Low
9058-CBREO,Month-to-month,Mailed check,1,DSL,No,No,50.55,Yes,0.79,Yes,Critical
9029-FEGVJ,Month-to-month,Mailed check,32,Fiber optic,No,No,79.3,No,0.14,No,Low
7216-KAOID,One year,Bank transfer (automatic),41,No,No internet service,No internet service,19.5,No,0.0,No,Low
0318-QUUOB,Month-to-month,Electronic check,1,Fiber optic,No,No,80.55,Yes,0.91,Yes,Critical
6145-NNPNO,Month-to-month,Bank transfer (automatic),1,DSL,No,No,44.15,No,0.17,No,Low
5520-FVEWJ,Month-to-month,Electronic check,12,Fiber optic,No,No,84.5,Yes,0.89,Yes,Critical
5339-TJFEK,Month-to-month,Electronic check,62,Fiber optic,Yes,No,105.5,No,0.03,No,Low
5572-ZDXHY,Month-to-month,Mailed check,22,Fiber optic,No,No,84.3,Yes,0.67,Yes,High
2074-GUHPQ,Month-to-month,Credit card (automatic),17,Fiber optic,No,Yes,92.7,No,0.12,No,Low
4625-XMOYM,Two year,Bank transfer (automatic),72,No,No internet service,No internet service,26.25,No,0.0,No,Low
5827-MWCZK,Month-to-month,Credit card (automatic),56,Fiber optic,No,Yes,96.95,No,0.03,No,Low
1385-TQOZW,Month-to-month,Credit card (automatic),9,No,No internet service,No internet service,20.45,No,0.04,No,Low
5914-XRFQB,Two year,Bank transfer (automatic),72,Fiber optic,Yes,Yes,115.8,No,0.0,No,Low
4329-YPDDQ,Month-to-month,Bank transfer (automatic),20,Fiber optic,Yes,Yes,108.2,No,0.32,No,Medium
4804-NCPET,Two year,Mailed check,19,No,No internet service,No internet service,20.2,No,0.0,No,Low
3750-CKVKH,Month-to-month,Electronic check,2,Fiber optic,No,No,67.75,Yes,0.44,No,Medium
5944-UGLLK,One year,Credit card (automatic),53,DSL,No,Yes,54.9,No,0.03,No,Low
8063-GBATB,Month-to-month,Electronic check,27,Fiber optic,No,No,85.25,Yes,0.82,Yes,Critical
7787-BNTZM,Month-to-month,Bank transfer (automatic),6,No,No internet service,No internet service,20.15,No,0.09,No,Low
2252-ISRNH,One year,Electronic check,9,Fiber optic,No,No,90.35,No,0.17,No,Low
9415-TPKRV,Month-to-month,Electronic check,8,DSL,No,No,55.75,No,0.07,No,Low
5322-TEUJK,Two year,Bank transfer (automatic),71,Fiber optic,Yes,Yes,114.6,No,0.03,No,Low
4547-KQRTM,Month-to-month,Bank transfer (automatic),10,Fiber optic,No,No,80.05,Yes,0.87,Yes,Critical
4877-EVATK,Month-to-month,Mailed check,1,No,No internet service,No internet service,20.0,Yes,0.46516666666666656,No,Medium
1866-DIOQZ,One year,Bank transfer (automatic),71,DSL,Yes,Yes,66.8,No,0.01,No,Low
8375-KVTHK,One year,Electronic check,68,Fiber optic,No,Yes,100.3,No,0.13,No,Low
2697-NQBPF,Month-to-month,Electronic check,34,Fiber optic,No,Yes,105.35,No,0.15,No,Low
3709-OIJEA,One year,Electronic check,26,Fiber optic,No,Yes,85.2,No,0.07,No,Low
7639-SUPCW,Month-to-month,Credit card (automatic),22,DSL,Yes,No,48.8,Yes,0.72,Yes,High
1386-ZIKUV,Month-to-month,Mailed check,7,No,No internet service,No internet service,18.95,No,0.03,No,Low
0599-XNYDO,Month-to-month,Bank transfer (automatic),20,Fiber optic,No,No,69.8,No,0.57,Yes,High
6377-WHAOX,Month-to-month,Electronic check,60,Fiber optic,No,No,106.15,No,0.39,No,Medium
6855-VLGOS,Two year,Electronic check,72,No,No internet service,No internet service,20.55,No,0.01,No,Low
8999-XXGNS,One year,Credit card (automatic),72,Fiber optic,No,No,105.75,No,0.06,No,Low
8746-OQQRW,Month-to-month,Mailed check,4,No,No internet service,No internet service,25.25,No,0.04,No,Low
3181-MIZBN,Month-to-month,Electronic check,16,No,No internet service,No internet service,19.75,No,0.18,No,Low
0471-ARVMX,One year,Electronic check,62,Fiber optic,Yes,No,104.85,No,0.18,No,Low
7766-CLTIC,Month-to-month,Mailed check,10,DSL,No,Yes,60.95,No,0.11,No,Low
5650-YLIBA,Month-to-month,Electronic check,31,Fiber optic,No,No,81.15,No,0.31,No,Medium
0825-CPPQH,Two year,Credit card (automatic),71,No,No internet service,No internet service,19.1,No,0.0,No,Low
9084-OAYKL,Two year,Mailed check,58,No,No internet service,No internet service,20.8,No,0.03,No,Low
6122-LJADA,Two year,Credit card (automatic),70,DSL,Yes,Yes,90.15,No,0.0,No,Low
2400-XIWIO,Two year,Electronic check,71,DSL,Yes,Yes,90.1,No,0.0,No,Low
7524-VRLPL,Two year,Credit card (automatic),69,DSL,Yes,Yes,74.1,No,0.01,No,Low
1069-XAIEM,Month-to-month,Electronic check,1,Fiber optic,No,No,85.05,Yes,0.97,Yes,Critical
7569-NMZYQ,Two year,Bank transfer (automatic),72,Fiber optic,Yes,Yes,118.75,No,0.03,No,Low
5201-USSQZ,Month-to-month,Credit card (automatic),26,Fiber optic,No,Yes,85.9,No,0.16,No,Low
2105-PHWON,Month-to-month,Credit card (automatic),33,Fiber optic,No,Yes,95.0,No,0.09,No,Low
1494-EJZDW,Two year,Mailed check,10,No,No internet service,No internet service,20.15,No,0.02,No,Low
4884-TVUQF,Two year,Credit card (automatic),57,Fiber optic,Yes,Yes,101.3,No,0.01,No,Low
8003-EWNDZ,Month-to-month,Electronic check,10,No,No internet service,No internet service,21.2,No,0.01,No,Low
1897-RCFUM,One year,Mailed check,39,No,No internet service,No internet service,24.2,No,0.01,No,Low
9256-JTBNZ,Month-to-month,Bank transfer (automatic),11,No,No internet service,No internet service,20.3,No,0.17,No,Low
4658-HCOHW,Month-to-month,Electronic check,21,Fiber optic,No,Yes,102.8,Yes,0.44,No,Medium
2211-RMNHO,Two year,Bank transfer (automatic),68,DSL,No,Yes,85.3,No,0.0,No,Low
2432-TFSMK,One year,Credit card (automatic),18,Fiber optic,No,No,89.6,No,0.13,No,Low
3440-JPSCL,Month-to-month,Mailed check,6,Fiber optic,No,Yes,99.95,Yes,0.83,Yes,Critical
4929-ROART,Month-to-month,Mailed check,18,DSL,Yes,No,56.25,No,0.11,No,Low
1834-ABKHQ,One year,Bank transfer (automatic),52,DSL,No,No,50.95,No,0.0,No,Low
1741-WTPON,Two year,Mailed check,56,Fiber optic,Yes,Yes,115.85,No,0.07,No,Low
3932-IJWDZ,Month-to-month,Bank transfer (automatic),45,Fiber optic,No,Yes,103.65,No,0.18,No,Low
1240-HCBOH,Two year,Mailed check,67,No,No internet service,No internet service,26.1,No,0.0,No,Low
3594-KADLU,Month-to-month,Mailed check,3,DSL,Yes,Yes,35.1,No,0.45,No,Medium
8065-BVEPF,Month-to-month,Bank transfer (automatic),65,Fiber optic,No,No,99.1,No,0.05,No,Low
3796-ENZGF,Two year,Mailed check,63,DSL,No,Yes,67.25,No,0.01,No,Low
1734-ZMNTZ,Two year,Mailed check,11,No,No internet service,No internet service,25.0,No,0.0,No,Low
2853-CWQFQ,Month-to-month,Mailed check,1,DSL,No,Yes,59.55,No,0.14,No,Low
0813-TAXXS,Two year,Bank transfer (automatic),55,DSL,No,No,77.8,No,0.06,No,Low
2519-TWKFS,One year,Mailed check,25,DSL,No,Yes,55.1,No,0.07,No,Low
2889-FPWRM,One year,Bank transfer (automatic),72,Fiber optic,Yes,Yes,117.8,Yes,0.73,Yes,High
0626-QXNGV,Two year,Credit card (automatic),72,No,No internet service,No internet service,24.15,No,0.0,No,Low
6723-CEGQI,Two year,Mailed check,65,DSL,No,Yes,45.25,No,0.02,No,Low
6987-XQSJT,Month-to-month,Electronic check,54,Fiber optic,No,No,79.5,Yes,0.78,Yes,Critical
4732-RRJZC,Month-to-month,Mailed check,7,No,No internet service,No internet service,20.25,No,0.0,No,Low
9499-XPZXM,Two year,Bank transfer (automatic),72,DSL,Yes,Yes,64.75,No,0.01,No,Low
4338-EYCER,Month-to-month,Bank transfer (automatic),21,DSL,No,No,54.6,No,0.03,No,Low
3007-FDPEA,Month-to-month,Bank transfer (automatic),2,No,No internet service,No internet service,20.7,No,0.01,No,Low
6350-XFYGW,Month-to-month,Electronic check,4,Fiber optic,No,No,94.75,No,0.32,No,Medium
4290-BSXUX,Month-to-month,Bank transfer (automatic),3,Fiber optic,No,Yes,79.65,Yes,0.86,Yes,Critical
8513-OLYGY,Two year,Credit card (automatic),72,Fiber optic,Yes,Yes,115.8,No,0.0,No,Low
0311-QYWSS,Month-to-month,Electronic check,6,DSL,Yes,No,49.45,No,0.22,No,Low
8705-DWKTI,Month-to-month,Credit card (automatic),52,Fiber optic,No,No,83.8,No,0.1,No,Low
8755-IWJHN,Month-to-month,Bank transfer (automatic),69,Fiber optic,No,No,95.35,No,0.06,No,Low
0325-XBFAC,Month-to-month,Electronic check,8,Fiber optic,No,No,94.7,Yes,0.74,Yes,High
4480-QQRHC,Month-to-month,Bank transfer (automatic),8,Fiber optic,No,No,74.05,No,0.19,No,Low
0929-PECLO,Month-to-month,Bank transfer (automatic),63,Fiber optic,No,No,89.6,No,0.19,No,Low
3680-CTHUH,One year,Credit card (automatic),60,Fiber optic,Yes,Yes,116.6,No,0.1,No,Low
1202-KKGFU,Month-to-month,Bank transfer (automatic),12,DSL,Yes,Yes,54.2,No,0.05,No,Low
6112-KTHFQ,Month-to-month,Mailed check,13,No,No internet service,No internet service,19.3,No,0.02,No,Low
1852-XEMDW,Month-to-month,Mailed check,22,DSL,Yes,No,65.05,No,0.14,No,Low
2462-XIIJB,Month-to-month,Electronic check,5,Fiber optic,No,No,92.5,Yes,0.94,Yes,Critical
4760-XOHVN,Month-to-month,Mailed check,1,No,No internet service,No internet service,19.45,Yes,0.7466666666666666,Yes,High
1820-DJFPH,Two year,Bank transfer (automatic),72,No,No internet service,No internet service,24.05,No,0.0,No,Low
9426-SXNHE,Month-to-month,Bank transfer (automatic),2,No,No internet service,No internet service,18.75,No,0.08,No,Low
9068-FHQHD,Two year,Bank transfer (automatic),40,No,No internet service,No internet service,20.15,No,0.0,No,Low
1269-FOYWN,One year,Bank transfer (automatic),44,No,No internet service,No internet service,20.0,No,0.0,No,Low
9470-YFUYI,One year,Bank transfer (automatic),71,DSL,Yes,Yes,71.0,No,0.02,No,Low
7817-BOQPW,Month-to-month,Electronic check,2,Fiber optic,No,No,75.55,Yes,0.83,Yes,Critical
7402-EYFXX,Month-to-month,Electronic check,26,Fiber optic,No,No,93.6,No,0.13,No,Low
1853-UDXBW,Month-to-month,Electronic check,1,Fiber optic,No,No,70.0,Yes,0.79,Yes,Critical
9895-VFOXH,Month-to-month,Mailed check,1,DSL,No,No,24.4,No,0.2,No,Low
5458-CQJTA,Two year,Bank transfer (automatic),65,DSL,Yes,Yes,74.8,Yes,0.57,Yes,High
1230-QAJDW,Month-to-month,Mailed check,3,DSL,No,Yes,65.25,No,0.07,No,Low
5701-ZIKJE,Month-to-month,Mailed check,13,DSL,No,Yes,50.55,No,0.1,No,Low
5219-YIPTK,Month-to-month,Electronic check,33,Fiber optic,No,No,104.4,Yes,0.84,Yes,Critical
5032-MIYKT,Month-to-month,Mailed check,1,Fiber optic,No,No,70.7,No,0.28,No,Low
7396-VJUZB,Month-to-month,Mailed check,4,DSL,No,No,45.25,No,0.24,No,Low
9717-QEBGU,Month-to-month,Electronic check,2,Fiber optic,No,No,70.3,No,0.51,Yes,Medium
5172-RKOCB,Two year,Credit card (automatic),72,Fiber optic,Yes,Yes,108.95,No,0.01,No,Low
6509-TSGWN,Month-to-month,Mailed check,37,No,No internet service,No internet service,26.45,No,0.09,No,Low
3540-RZJYU,Month-to-month,Electronic check,15,Fiber optic,Yes,No,86.2,Yes,0.57,Yes,High
3178-CIFOT,One year,Credit card (automatic),23,No,No internet service,No internet service,19.65,No,0.0,No,Low
2091-MJTFX,Month-to-month,Credit card (automatic),30,DSL,No,Yes,51.2,Yes,0.17,No,Low
4530-NDRKU,One year,Electronic check,42,No,No internet service,No internet service,19.05,No,0.04,No,Low
5985-TBABQ,One year,Mailed check,32,DSL,Yes,No,74.75,No,0.01,No,Low
9800-ONTFE,Month-to-month,Bank transfer (automatic),22,Fiber optic,No,No,75.8,No,0.19,No,Low
6743-HHQPF,Month-to-month,Credit card (automatic),42,DSL,No,No,25.1,No,0.07,No,Low
8455-HIRAQ,Month-to-month,Mailed check,8,DSL,No,No,44.45,No,0.24,No,Low
6616-AALSR,Two year,Credit card (automatic),65,Fiber optic,Yes,No,104.3,No,0.07,No,Low
0883-EIBTI,Month-to-month,Mailed check,2,No,No internet service,No internet service,19.5,Yes,0.6275,Yes,High
9415-ZNBSX,Two year,Bank transfer (automatic),70,DSL,Yes,Yes,89.0,No,0.0,No,Low
4018-KJYUY,Month-to-month,Credit card (automatic),22,No,No internet service,No internet service,20.15,No,0.0,No,Low
0722-TROQR,Month-to-month,Electronic check,4,Fiber optic,No,No,74.9,Yes,0.78,Yes,Critical
7571-YXDAD,Month-to-month,Credit card (automatic),2,Fiber optic,No,No,74.9,Yes,0.81,Yes,Critical
3884-UEBXB,Two year,Bank transfer (automatic),67,DSL,Yes,No,36.15,No,0.04,No,Low
8780-RSYYU,Month-to-month,Credit card (automatic),25,No,No internet service,No internet service,19.2,No,0.03,No,Low
5537-UXXVS,Month-to-month,Bank transfer (automatic),20,No,No internet service,No internet service,19.25,No,0.29,No,Low
1791-PQHBB,Month-to-month,Credit card (automatic),2,DSL,Yes,No,61.2,No,0.18,No,Low
8701-DGLVH,Two year,Mailed check,51,No,No internet service,No internet service,20.45,No,0.0,No,Low
8741-LQOBK,Month-to-month,Bank transfer (automatic),46,DSL,Yes,No,35.05,No,0.33,No,Medium
3393-FMZPV,Month-to-month,Electronic check,25,Fiber optic,No,No,100.25,Yes,0.86,Yes,Critical
8082-GHXOP,Month-to-month,Mailed check,13,DSL,No,No,44.0,No,0.07,No,Low
6402-ZFPPI,Month-to-month,Mailed check,25,Fiber optic,Yes,No,102.8,Yes,0.78,Yes,Critical
0980-FEXWF,One year,Mailed check,26,DSL,No,No,50.35,No,0.04,No,Low
7486-KSRVI,One year,Electronic check,43,Fiber optic,No,Yes,100.0,Yes,0.75,Yes,Critical
3011-WQKSZ,Month-to-month,Electronic check,19,No,No internet service,No internet service,20.0,No,0.52,Yes,Medium
8443-WVPSS,Month-to-month,Electronic check,10,Fiber optic,No,Yes,99.85,Yes,0.73,Yes,High
3006-XIMLN,Month-to-month,Bank transfer (automatic),2,Fiber optic,No,No,94.2,Yes,0.92,Yes,Critical
8218-FFJDS,Two year,Bank transfer (automatic),72,DSL,Yes,Yes,86.4,No,0.0,No,Low
1986-PHGZF,Month-to-month,Credit card (automatic),18,DSL,Yes,No,58.4,No,0.07,No,Low
9965-YOKZB,Month-to-month,Electronic check,9,Fiber optic,No,No,83.85,Yes,0.95,Yes,Critical
0504-HHAPI,Month-to-month,Credit card (automatic),27,Fiber optic,No,No,88.3,Yes,0.81,Yes,Critical
9360-OMDZZ,Month-to-month,Electronic check,24,Fiber optic,No,No,94.1,No,0.17,No,Low
6305-YLBMM,One year,Bank transfer (automatic),69,Fiber optic,No,Yes,104.05,Yes,0.86,Yes,Critical
0345-XMMUG,Two year,Credit card (automatic),46,Fiber optic,No,Yes,108.9,No,0.1,No,Low
8024-XNAFQ,Two year,Bank transfer (automatic),72,Fiber optic,Yes,Yes,107.4,No,0.01,No,Low
3647-GMGDH,Month-to-month,Credit card (automatic),22,Fiber optic,No,No,94.7,Yes,0.74,Yes,High
2988-GBIVW,Month-to-month,Electronic check,70,Fiber optic,Yes,No,90.85,No,0.14,No,Low
2832-SCUCO,Month-to-month,Electronic check,2,No,No internet service,No internet service,19.9,No,0.2,No,Low
7036-ZZKBD,Month-to-month,Credit card (automatic),31,DSL,No,Yes,66.4,No,0.03,No,Low
3791-LGQCY,Month-to-month,Bank transfer (automatic),56,Fiber optic,No,No,100.65,Yes,0.75,Yes,Critical
0265-PSUAE,Month-to-month,Bank transfer (automatic),16,Fiber optic,Yes,No,100.7,No,0.41,No,Medium
0463-TXOAK,Two year,Credit card (automatic),52,No,No internet service,No internet service,25.6,No,0.02,No,Low
0594-UFTUL,Month-to-month,Mailed check,13,No,No internet service,No internet service,19.85,No,0.0,No,Low
9509-MPYOD,One year,Mailed check,35,No,No internet service,No internet service,20.75,No,0.0,No,Low
9128-CPXKI,Two year,Electronic check,59,Fiber optic,No,No,95.8,No,0.34,No,Medium
0129-KPTWJ,Month-to-month,Electronic check,72,Fiber optic,No,No,94.65,No,0.14,No,Low
8166-ZZTFS,Two year,Bank transfer (automatic),66,DSL,No,No,80.55,Yes,0.63,Yes,High
5855-EIBDE,Two year,Credit card (automatic),49,Fiber optic,Yes,Yes,106.65,No,0.02,No,Low
5365-LLFYV,Month-to-month,Mailed check,2,DSL,No,No,45.85,No,0.19,No,Low
5956-YHHRX,Month-to-month,Electronic check,21,Fiber optic,No,No,104.35,No,0.27,No,Low
6008-NAIXK,One year,Electronic check,54,DSL,No,No,55.45,No,0.14,No,Low
2956-GGUCQ,Month-to-month,Electronic check,24,Fiber optic,Yes,No,78.85,Yes,0.83,Yes,Critical
1928-BXYIV,Month-to-month,Electronic check,1,DSL,Yes,No,61.15,No,0.21,No,Low
5760-FXFVO,Month-to-month,Electronic check,6,Fiber optic,Yes,No,78.95,No,0.63,Yes,High
6595-COKXZ,Month-to-month,Mailed check,1,DSL,No,No,44.45,Yes,0.78,Yes,Critical
0961-ZWLVI,One year,Credit card (automatic),49,Fiber optic,Yes,No,109.2,No,0.12,No,Low
5181-OABFK,Two year,Credit card (automatic),56,DSL,Yes,No,61.3,No,0.0,No,Low
4007-NHVHI,Month-to-month,Electronic check,56,Fiber optic,Yes,No,96.85,No,0.12,No,Low
7816-VGHTO,Two year,Mailed check,6,DSL,No,Yes,40.55,No,0.1,No,Low
5871-DGTXZ,One year,Mailed check,32,No,No internet service,No internet service,19.8,No,0.0,No,Low
7550-WIQVA,One year,Electronic check,50,Fiber optic,Yes,No,108.25,No,0.11,No,Low
7544-ZVIKX,One year,Bank transfer (automatic),58,Fiber optic,No,Yes,105.05,No,0.16,No,Low
0016-QLJIS,Two year,Mailed check,65,DSL,Yes,Yes,90.45,No,0.0,No,Low
7508-DQAKK,Two year,Credit card (automatic),64,DSL,Yes,Yes,86.4,No,0.0,No,Low
5176-OLSKT,Two year,Bank transfer (automatic),66,DSL,Yes,No,66.9,No,0.01,No,Low
9356-AXGMP,One year,Electronic check,38,Fiber optic,Yes,Yes,110.7,No,0.2,No,Low
3556-BVQGL,One year,Mailed check,20,No,No internet service,No internet service,20.0,No,0.0,No,Low
0362-ZBZWJ,Month-to-month,Electronic check,36,Fiber optic,No,No,84.9,Yes,0.87,Yes,Critical
8979-CAMGB,One year,Electronic check,64,Fiber optic,No,Yes,102.1,No,0.16,No,Low
4211-MMAZN,Month-to-month,Mailed check,1,No,No internet service,No internet service,20.25,Yes,0.06614285714285714,No,Low
7581-EBBOU,One year,Credit card (automatic),60,DSL,No,Yes,70.15,No,0.11,No,Low
4274-OWWYO,Month-to-month,Electronic check,1,Fiber optic,No,No,74.35,Yes,0.83,Yes,Critical
5073-RZGBK,One year,Bank transfer (automatic),50,DSL,Yes,Yes,80.05,No,0.02,No,Low
1541-ETJZO,Month-to-month,Mailed check,1,DSL,No,Yes,62.05,Yes,0.3,No,Medium
2192-CKRLV,Two year,Electronic check,72,DSL,Yes,No,49.2,No,0.05,No,Low
3154-HMWUU,Two year,Bank transfer (automatic),60,No,No internet service,No internet service,20.5,No,0.0,No,Low
6119-SPUDB,Two year,Mailed check,46,DSL,Yes,Yes,38.25,No,0.02,No,Low
6522-OIQSX,Two year,Credit card (automatic),69,DSL,No,No,54.95,No,0.03,No,Low
7813-ZGGAW,Month-to-month,Bank transfer (automatic),31,Fiber optic,No,Yes,96.6,No,0.05,No,Low
8748-HFWBO,One year,Mailed check,19,No,No internet service,No internet service,19.9,No,0.0,No,Low
1052-QJIBV,Two year,Credit card (automatic),71,No,No internet service,No internet service,19.9,No,0.0,No,Low
1319-YLZJG,Month-to-month,Electronic check,12,Fiber optic,Yes,No,84.6,No,0.54,Yes,Medium
4106-HADHQ,One year,Credit card (automatic),39,DSL,Yes,Yes,80.0,Yes,0.71,Yes,High
0723-FDLAY,One year,Bank transfer (automatic),44,DSL,No,Yes,85.25,No,0.07,No,Low
3050-RLLXC,Two year,Credit card (automatic),56,DSL,Yes,Yes,81.25,No,0.0,No,Low
9298-WGMRW,Two year,Bank transfer (automatic),72,Fiber optic,Yes,Yes,115.5,No,0.0,No,Low
2369-UAPKZ,Month-to-month,Mailed check,5,Fiber optic,No,No,104.1,Yes,0.74,Yes,High
3088-LHEFH,Month-to-month,Bank transfer (automatic),11,Fiber optic,Yes,No,79.0,No,0.22,No,Low
2778-OCLGR,Month-to-month,Bank transfer (automatic),24,DSL,Yes,No,39.1,Yes,0.57,Yes,High
6583-KQJLK,Month-to-month,Electronic check,15,Fiber optic,No,No,94.65,No,0.29,No,Low
8544-JNBOX,Two year,Mailed check,72,No,No internet service,No internet service,20.8,No,0.0,No,Low
6681-ZSEXG,Two year,Credit card (automatic),56,DSL,No,No,59.5,No,0.04,No,Low
6139-ZZRBQ,Two year,Bank transfer (automatic),64,No,No internet service,No internet service,20.05,No,0.0,No,Low
6116-RFVHN,Month-to-month,Electronic check,34,Fiber optic,No,No,100.45,No,0.21,No,Low
0637-KVDLV,Month-to-month,Electronic check,2,Fiber optic,No,No,76.5,Yes,0.95,Yes,Critical
8884-FEEWR,One year,Bank transfer (automatic),35,No,No internet service,No internet service,20.6,No,0.0,No,Low
3125-RAHBV,One year,Credit card (automatic),22,No,No internet service,No internet service,20.3,No,0.0,No,Low
6633-MPWBS,Month-to-month,Electronic check,5,DSL,No,Yes,49.2,Yes,0.77,Yes,Critical
0373-AIVNJ,One year,Mailed check,9,DSL,Yes,No,39.55,No,0.1,No,Low
8785-EPNCG,Month-to-month,Credit card (automatic),11,No,No internet service,No internet service,23.15,Yes,0.66,Yes,High
1682-VCOIO,One year,Mailed check,23,No,No internet service,No internet service,20.45,No,0.0,No,Low
5729-KLZAR,Month-to-month,Electronic check,4,Fiber optic,No,No,80.85,Yes,0.91,Yes,Critical
2072-ZVJJX,Two year,Bank transfer (automatic),68,No,No internet service,No internet service,25.25,No,0.0,No,Low
8849-AYPTR,Month-to-month,Electronic check,33,Fiber optic,No,No,91.25,No,0.3,No,Medium
9518-IMLHK,Month-to-month,Bank transfer (automatic),31,DSL,Yes,Yes,72.45,No,0.0,No,Low
1582-RAFML,Month-to-month,Mailed check,1,DSL,No,Yes,60.1,Yes,0.73,Yes,High
3646-ITDGM,Two year,Bank transfer (automatic),56,No,No internet service,No internet service,19.7,No,0.04,No,Low
8740-CRYFY,Month-to-month,Electronic check,1,Fiber optic,No,No,78.95,Yes,1.0,Yes,Critical
3569-VLDHH,One year,Electronic check,66,DSL,Yes,Yes,75.1,No,0.01,No,Low
8224-KDLKN,Two year,Bank transfer (automatic),72,No,No internet service,No internet service,25.0,No,0.0,No,Low
7594-LZNWR,Month-to-month,Credit card (automatic),34,Fiber optic,No,No,69.15,No,0.08,No,Low
4001-TSBTV,Month-to-month,Electronic check,58,Fiber optic,No,No,91.55,No,0.15,No,Low
2962-XPMCQ,Month-to-month,Electronic check,2,DSL,No,No,45.15,Yes,0.95,Yes,Critical
8727-XDPUD,Two year,Credit card (automatic),37,DSL,No,No,35.8,No,0.1,No,Low
1043-UXOVO,Two year,Credit card (automatic),71,Fiber optic,Yes,Yes,113.15,No,0.0,No,Low
1064-FBXNK,One year,Credit card (automatic),1,No,No internet service,No internet service,19.85,No,0.05,No,Low
3996-ZNWYK,Two year,Credit card (automatic),71,No,No internet service,No internet service,19.8,No,0.0,No,Low
2878-DHMIN,One year,Electronic check,35,No,No internet service,No internet service,19.9,No,0.0,No,Low
7762-ONLJY,One year,Mailed check,6,No,No internet service,No internet service,19.7,No,0.04,No,Low
1678-FYZOW,Month-to-month,Electronic check,3,Fiber optic,No,No,79.4,Yes,0.86,Yes,Critical
5795-BKOYE,One year,Bank transfer (automatic),69,DSL,No,Yes,59.1,No,0.02,No,Low
8627-EHGIP,One year,Mailed check,44,DSL,No,No,53.95,Yes,0.77,Yes,Critical
7402-PWYJJ,One year,Electronic check,53,Fiber optic,No,Yes,91.15,No,0.09,No,Low
5480-TBGPH,Month-to-month,Credit card (automatic),24,Fiber optic,No,No,99.3,Yes,0.83,Yes,Critical
0018-NYROU,Month-to-month,Electronic check,5,Fiber optic,No,No,68.95,No,0.12,No,Low
7501-VTYLJ,Month-to-month,Mailed check,2,DSL,No,No,51.55,No,0.21,No,Low
7608-RGIRO,Two year,Mailed check,62,No,No internet service,No internet service,24.4,No,0.0,No,Low
0480-BIXDE,Month-to-month,Electronic check,19,Fiber optic,No,No,96.8,No,0.26,No,Low
5895-QSXOD,Month-to-month,Mailed check,9,Fiber optic,No,No,70.05,No,0.12,No,Low
9814-AOUDH,Two year,Credit card (automatic),53,No,No internet service,No internet service,19.5,No,0.04,No,Low
6175-IRFIT,Month-to-month,Mailed check,5,Fiber optic,No,No,78.75,No,0.595,Yes,High
8760-ZRHKE,One year,Electronic check,71,DSL,Yes,No,69.2,No,0.06,No,Low
1622-HSHSF,Month-to-month,Mailed check,1,No,No internet service,No internet service,19.55,No,0.27,No,Low
8854-CCVSQ,Month-to-month,Electronic check,18,Fiber optic,No,No,80.65,Yes,0.9,Yes,Critical
6749-UTDVX,Two year,Electronic check,72,Fiber optic,No,No,103.65,No,0.06,No,Low
5542-DHSXL,Month-to-month,Mailed check,4,DSL,Yes,No,54.7,No,0.11,No,Low
9102-OXKFY,Two year,Credit card (automatic),59,DSL,No,No,54.15,No,0.01,No,Low
0511-JTEOY,Month-to-month,Mailed check,1,Fiber optic,No,No,71.1,Yes,0.6389999999999999,Yes,High
5216-WASFJ,Month-to-month,Electronic check,31,Fiber optic,No,No,84.85,No,0.22,No,Low
7808-DVWEP,Month-to-month,Bank transfer (automatic),3,No,No internet service,No internet service,20.0,No,0.15,No,Low
7067-KSAZT,One year,Electronic check,65,Fiber optic,No,No,106.25,Yes,0.25,No,Low
2284-VFLKH,One year,Credit card (automatic),49,Fiber optic,No,Yes,99.25,No,0.08,No,Low
0366-NQSHS,Month-to-month,Mailed check,2,No,No internet service,No internet service,19.35,No,0.0,No,Low
6532-YLWSI,One year,Bank transfer (automatic),53,No,No internet service,No internet service,20.8,Yes,0.59,Yes,High
3807-BPOMJ,One year,Electronic check,55,Fiber optic,Yes,No,94.75,No,0.06,No,Low
3892-NXAZG,Two year,Credit card (automatic),72,Fiber optic,Yes,Yes,114.05,No,0.0,No,Low
4948-WBBKL,Month-to-month,Bank transfer (automatic),36,Fiber optic,No,No,74.9,No,0.21,No,Low
4182-BGSIQ,Month-to-month,Bank transfer (automatic),10,No,No internet service,No internet service,19.8,No,0.02,No,Low
9300-AGZNL,Month-to-month,Electronic check,1,Fiber optic,No,No,94.0,Yes,1.0,Yes,Critical
0988-AADSA,Two year,Bank transfer (automatic),72,DSL,Yes,Yes,80.85,No,0.0,No,Low
9972-NKTFD,Month-to-month,Bank transfer (automatic),28,DSL,No,Yes,54.65,No,0.03,No,Low
3717-LNXKW,Month-to-month,Bank transfer (automatic),38,Fiber optic,Yes,No,91.7,No,0.07,No,Low
5734-EJKXG,One year,Electronic check,61,Fiber optic,Yes,Yes,118.6,No,0.08,No,Low
2207-RYYRL,Two year,Mailed check,52,No,No internet service,No internet service,24.55,No,0.0,No,Low
6729-FZWSY,One year,Mailed check,67,No,No internet service,No internet service,19.45,No,0.01,No,Low
9695-IDRZR,Two year,Credit card (automatic),34,Fiber optic,Yes,Yes,116.15,No,0.07,No,Low
8144-DGHXP,Two year,Electronic check,54,DSL,Yes,Yes,80.6,No,0.03,No,Low
7814-LEEVE,Month-to-month,Bank transfer (automatic),1,No,No internet service,No internet service,20.3,No,0.064,No,Low
1112-CUNAO,Month-to-month,Electronic check,15,Fiber optic,No,No,89.85,Yes,0.4,No,Medium
5175-AOBHI,Month-to-month,Mailed check,4,DSL,No,No,46.0,Yes,0.87,Yes,Critical
5174-RNGBH,Month-to-month,Mailed check,9,DSL,No,Yes,66.25,Yes,0.67,Yes,High
8631-WUXGY,Month-to-month,Electronic check,46,Fiber optic,No,No,99.8,No,0.23,No,Low
7270-BDIOA,Month-to-month,Electronic check,22,Fiber optic,No,Yes,90.0,Yes,0.91,Yes,Critical
9565-JSNFM,One year,Bank transfer (automatic),38,Fiber optic,No,No,70.45,Yes,0.03,No,Low
5906-DVAPM,One year,Credit card (automatic),55,DSL,Yes,Yes,75.0,No,0.0,No,Low
6654-QGBZZ,Month-to-month,Mailed check,1,No,No internet service,No internet service,19.9,No,0.41471428571428576,No,Medium
8348-JLBUG,One year,Credit card (automatic),64,Fiber optic,Yes,No,80.3,No,0.05,No,Low
0607-DAAHE,Two year,Bank transfer (automatic),53,No,No internet service,No internet service,19.75,Yes,0.62,Yes,High
5641-DMBFJ,Two year,Electronic check,58,DSL,Yes,Yes,84.3,No,0.02,No,Low
9200-NLNPD,One year,Bank transfer (automatic),56,DSL,No,Yes,54.05,No,0.03,No,Low
2664-XJZNO,Two year,Credit card (automatic),72,Fiber optic,Yes,Yes,104.9,No,0.02,No,Low
9732-KPKBW,Month-to-month,Electronic check,1,DSL,Yes,Yes,53.95,Yes,0.35,No,Medium
3339-EAQNV,One year,Credit card (automatic),72,Fiber optic,No,No,97.25,No,0.17,No,Low
0921-OHLVP,Month-to-month,Electronic check,22,Fiber optic,No,No,83.05,No,0.17,No,Low
3389-YGYAI,Month-to-month,Electronic check,8,Fiber optic,No,No,105.5,Yes,0.93,Yes,Critical
9560-ARGQJ,Month-to-month,Electronic check,16,Fiber optic,No,No,81.0,Yes,0.8,Yes,Critical
8350-NYMVI,Month-to-month,Bank transfer (automatic),39,DSL,No,Yes,41.1,No,0.01,No,Low
1600-DILPE,Month-to-month,Bank transfer (automatic),12,DSL,No,No,45.0,No,0.18,No,Low
0536-ESJEP,Two year,Bank transfer (automatic),54,DSL,Yes,No,74.55,No,0.01,No,Low
4654-GGUII,One year,Mailed check,18,DSL,Yes,Yes,40.2,No,0.0,No,Low
6478-HRRCZ,One year,Mailed check,32,DSL,Yes,Yes,70.5,No,0.03,No,Low
8510-BBWMU,One year,Mailed check,41,No,No internet service,No internet service,19.75,No,0.0,No,Low
6857-TKDJV,Two year,Bank transfer (automatic),67,No,No internet service,No internet service,24.65,No,0.0,No,Low
2360-RDGRO,Month-to-month,Electronic check,65,Fiber optic,Yes,No,104.25,No,0.08,No,Low
0584-BJQGZ,Month-to-month,Bank transfer (automatic),25,DSL,Yes,Yes,78.35,No,0.02,No,Low
5134-IKDAY,Month-to-month,Electronic check,1,Fiber optic,No,No,69.8,Yes,0.95,Yes,Critical
1360-XFJMR,One year,Credit card (automatic),67,Fiber optic,No,Yes,109.7,No,0.09,No,Low
3070-DVEYC,Month-to-month,Mailed check,7,Fiber optic,No,No,73.75,Yes,0.79,Yes,Critical
5730-RIITO,Month-to-month,Credit card (automatic),43,DSL,Yes,No,33.45,No,0.07,No,Low
9058-MJLZC,Month-to-month,Electronic check,24,Fiber optic,Yes,No,94.6,No,0.22,No,Low
5707-ORNDZ,Month-to-month,Electronic check,9,DSL,Yes,No,54.55,Yes,0.75,Yes,Critical
0902-XKXPN,Two year,Bank transfer (automatic),69,No,No internet service,No internet service,20.2,No,0.0,No,Low
5177-RVZNU,One year,Bank transfer (automatic),37,No,No internet service,No internet service,20.3,No,0.07,No,Low
0056-EPFBG,Two year,Credit card (automatic),20,DSL,Yes,Yes,39.4,No,0.06,No,Low
8993-IZEUX,Month-to-month,Bank transfer (automatic),7,Fiber optic,No,No,69.15,No,0.14,No,Low
8696-JKZNU,Month-to-month,Electronic check,37,Fiber optic,No,No,76.25,Yes,0.59,Yes,High
5380-AFSSK,Month-to-month,Mailed check,5,Fiber optic,No,No,93.9,Yes,0.93,Yes,Critical
8190-ZTQFB,One year,Electronic check,41,DSL,No,No,51.35,No,0.27,No,Low
0931-MHTEM,One year,Credit card (automatic),54,Fiber optic,Yes,No,100.05,No,0.15,No,Low
2055-PDADH,Month-to-month,Electronic check,3,Fiber optic,No,No,70.4,Yes,0.94,Yes,Critical
7515-LODFU,Two year,Credit card (automatic),69,No,No internet service,No internet service,20.3,No,0.01,No,Low
0440-UEDAI,One year,Credit card (automatic),53,Fiber optic,No,Yes,94.45,No,0.12,No,Low
1337-BOZWO,One year,Credit card (automatic),18,DSL,No,No,46.4,No,0.08,No,Low
0868-VJRDR,Two year,Credit card (automatic),64,Fiber optic,Yes,Yes,104.05,No,0.08,No,Low
8714-EUHJO,Month-to-month,Electronic check,31,Fiber optic,No,No,91.15,Yes,0.32,No,Medium
6344-SFJVH,Month-to-month,Credit card (automatic),20,DSL,No,No,24.9,No,0.12,No,Low
3950-VPYJB,One year,Mailed check,57,DSL,Yes,Yes,59.6,No,0.01,No,Low
8041-TMEID,Two year,Credit card (automatic),63,Fiber optic,Yes,No,108.5,No,0.07,No,Low
7321-ZNSLA,Two year,Mailed check,13,DSL,Yes,Yes,40.55,No,0.0,No,Low
6941-KXRRV,One year,Bank transfer (automatic),48,DSL,No,No,58.95,No,0.08,No,Low
3721-CNEYS,Month-to-month,Electronic check,2,Fiber optic,No,No,70.95,Yes,0.71,Yes,High
8727-JQFHV,Two year,Mailed check,57,No,No internet service,No internet service,20.75,No,0.0,No,Low
9475-NNDGC,One year,Bank transfer (automatic),71,Fiber optic,No,Yes,113.15,No,0.12,No,Low
1355-KUSBG,Month-to-month,Electronic check,7,DSL,No,No,48.8,No,0.14,No,Low
3688-FTHLT,Month-to-month,Bank transfer (automatic),16,DSL,No,No,63.05,No,0.25,No,Low
0899-LIIBW,Month-to-month,Electronic check,34,Fiber optic,No,No,100.85,No,0.51,Yes,Medium
2568-OIADY,Month-to-month,Electronic check,37,Fiber optic,No,No,99.5,Yes,0.68,Yes,High
1384-RCUXW,Month-to-month,Mailed check,16,Fiber optic,No,No,80.55,No,0.18,No,Low
5825-XJOCM,One year,Bank transfer (automatic),48,DSL,Yes,No,64.4,No,0.07,No,Low
6848-YLDFR,One year,Credit card (automatic),58,DSL,No,Yes,75.2,No,0.12,No,Low
8125-QPFJD,Two year,Bank transfer (automatic),72,DSL,Yes,Yes,84.9,No,0.0,No,Low
2320-YKQBO,Month-to-month,Mailed check,7,No,No internet service,No internet service,19.3,No,0.05,No,Low
1193-RTSLK,Month-to-month,Credit card (automatic),38,Fiber optic,Yes,No,83.9,Yes,0.7,Yes,High
2302-ANTDP,Month-to-month,Electronic check,48,Fiber optic,Yes,Yes,117.45,Yes,0.74,Yes,High
5923-GXUOC,Month-to-month,Electronic check,10,Fiber optic,Yes,No,104.4,Yes,0.8,Yes,Critical
4973-RLZVI,One year,Credit card (automatic),30,DSL,Yes,Yes,74.65,No,0.36,No,Medium
7869-ZYDST,Month-to-month,Credit card (automatic),31,DSL,No,No,59.05,No,0.06,No,Low
4501-UYKBC,One year,Credit card (automatic),46,DSL,No,Yes,69.1,No,0.11,No,Low
1215-EXRMO,Two year,Mailed check,50,No,No internet service,No internet service,20.55,No,0.0,No,Low
2305-MRGLV,Month-to-month,Bank transfer (automatic),28,Fiber optic,No,Yes,76.55,No,0.12,No,Low
8404-VIOMB,Two year,Bank transfer (automatic),66,DSL,Yes,Yes,62.5,No,0.0,No,Low
5233-GEEAX,Month-to-month,Electronic check,8,DSL,No,No,29.4,Yes,0.83,Yes,Critical
2359-KLTEK,Month-to-month,Bank transfer (automatic),41,Fiber optic,No,No,94.9,No,0.16,No,Low
5304-EFJLP,Two year,Bank transfer (automatic),72,Fiber optic,No,Yes,111.65,No,0.03,No,Low
2673-ZALNP,One year,Mailed check,7,No,No internet service,No internet service,19.9,No,0.0,No,Low
9184-GALIL,Month-to-month,Mailed check,38,No,No internet service,No internet service,20.45,No,0.0,No,Low
4393-RYCRE,One year,Electronic check,44,Fiber optic,Yes,No,106.05,No,0.11,No,Low
9746-MDMBK,One year,Bank transfer (automatic),47,Fiber optic,Yes,Yes,113.45,No,0.06,No,Low
3162-ZJZFU,Month-to-month,Electronic check,53,Fiber optic,No,Yes,92.55,No,0.12,No,Low
8404-GFGCZ,Month-to-month,Electronic check,4,DSL,No,No,65.6,No,0.17,No,Low
8875-AKBYH,Month-to-month,Electronic check,20,Fiber optic,No,No,84.35,No,0.26,No,Low
4432-ADRLB,Month-to-month,Mailed check,2,DSL,No,No,44.65,Yes,0.83,Yes,Critical
0533-UCAAU,One year,Credit card (automatic),57,DSL,No,No,71.1,No,0.05,No,Low
1394-SUIUH,Month-to-month,Electronic check,44,Fiber optic,Yes,Yes,85.15,No,0.08,No,Low
3521-MNKLV,Month-to-month,Mailed check,24,DSL,No,No,49.7,No,0.11,No,Low
2533-TIBIX,Month-to-month,Bank transfer (automatic),15,DSL,Yes,No,30.2,No,0.06,No,Low
8993-PHFWD,Month-to-month,Electronic check,3,DSL,No,No,25.25,Yes,0.31,No,Medium
1565-RHDJD,Month-to-month,Bank transfer (automatic),4,Fiber optic,No,No,84.05,Yes,0.9,Yes,Critical
7137-RYLPP,Month-to-month,Electronic check,37,Fiber optic,No,No,85.7,Yes,0.79,Yes,Critical
3765-JXVKY,Month-to-month,Electronic check,1,Fiber optic,No,No,74.7,Yes,0.9,Yes,Critical
5092-STPKP,Month-to-month,Credit card (automatic),24,DSL,Yes,Yes,56.35,No,0.02,No,Low
7330-WZLNC,Month-to-month,Electronic check,5,Fiber optic,No,No,90.8,Yes,0.91,Yes,Critical
0114-PEGZZ,Month-to-month,Electronic check,33,Fiber optic,No,No,107.55,No,0.17,No,Low
3359-DSRKA,Two year,Mailed check,58,No,No internet service,No internet service,19.85,No,0.0,No,Low
8639-NHQEI,Two year,Bank transfer (automatic),72,Fiber optic,Yes,No,95.9,No,0.0,No,Low
7161-DFHUF,Two year,Mailed check,71,No,No internet service,No internet service,23.85,No,0.0,No,Low
3957-LXOLK,Month-to-month,Electronic check,28,Fiber optic,No,No,106.15,Yes,0.72,Yes,High
3720-DBRWL,Two year,Credit card (automatic),51,DSL,Yes,Yes,83.85,No,0.0,No,Low
6635-MYYYZ,One year,Bank transfer (automatic),30,DSL,Yes,Yes,85.35,Yes,0.59,Yes,High
8565-WUXZU,Two year,Credit card (automatic),72,Fiber optic,Yes,Yes,84.8,No,0.03,No,Low
5281-BUZGT,Month-to-month,Electronic check,36,Fiber optic,Yes,No,90.85,Yes,0.51,Yes,Medium
4994-OBRSZ,Two year,Bank transfer (automatic),14,DSL,Yes,Yes,76.1,No,0.0,No,Low
0562-FGDCR,Two year,Mailed check,72,DSL,Yes,Yes,74.55,No,0.03,No,Low
2436-QBZFP,Month-to-month,Electronic check,22,DSL,No,No,39.2,No,0.12,No,Low
3420-YJLQT,Month-to-month,Electronic check,2,Fiber optic,No,No,79.55,No,0.24,No,Low
6040-CGACY,Month-to-month,Mailed check,15,No,No internet service,No internet service,19.6,No,0.02,No,Low
6582-PLFUU,Two year,Credit card (automatic),51,No,No internet service,No internet service,19.55,No,0.01,No,Low
8242-PDSGJ,Two year,Credit card (automatic),70,DSL,Yes,Yes,39.15,No,0.02,No,Low
0264-CNITK,Two year,Bank transfer (automatic),71,No,No internet service,No internet service,20.1,No,0.0,No,Low
0089-IIQKO,Month-to-month,Credit card (automatic),39,Fiber optic,No,Yes,99.95,No,0.2,No,Low
7839-NUIAA,Month-to-month,Electronic check,61,DSL,Yes,No,59.8,No,0.07,No,Low
6075-QMNRR,Month-to-month,Bank transfer (automatic),52,DSL,Yes,No,49.75,No,0.09,No,Low
5378-IKEEG,Month-to-month,Electronic check,1,DSL,No,No,35.75,Yes,0.92,Yes,Critical
5966-EMAZU,One year,Mailed check,64,Fiber optic,Yes,Yes,108.5,No,0.15,No,Low
0440-EKDCF,Two year,Credit card (automatic),62,DSL,No,Yes,60.15,No,0.01,No,Low
4774-HHGGS,Two year,Mailed check,30,No,No internet service,No internet service,19.05,No,0.0,No,Low
2718-GAXQD,Month-to-month,Electronic check,4,DSL,No,No,46.0,Yes,0.79,Yes,Critical
2055-BFOCC,One year,Bank transfer (automatic),63,DSL,Yes,Yes,84.0,No,0.04,No,Low
8180-AKMJV,Month-to-month,Credit card (automatic),1,DSL,No,No,44.55,No,0.21,No,Low
4298-OYIFC,Month-to-month,Electronic check,15,Fiber optic,No,Yes,103.45,No,0.33,No,Medium
5566-SOEZD,One year,Credit card (automatic),27,Fiber optic,Yes,No,80.65,No,0.1,No,Low
9842-EFSYY,Month-to-month,Mailed check,4,DSL,Yes,No,57.2,No,0.41,No,Medium
2272-WUSPA,Two year,Electronic check,72,Fiber optic,Yes,No,110.75,No,0.01,No,Low
4584-LBNMK,One year,Credit card (automatic),45,No,No internet service,No internet service,24.7,No,0.02,No,Low
3898-GUYTS,Month-to-month,Electronic check,45,Fiber optic,Yes,Yes,97.05,No,0.13,No,Low
0930-EHUZA,One year,Mailed check,36,DSL,Yes,Yes,76.35,No,0.06,No,Low
6413-XKKPU,Month-to-month,Electronic check,17,Fiber optic,Yes,No,89.4,Yes,0.77,Yes,Critical
9975-SKRNR,Month-to-month,Mailed check,1,No,No internet service,No internet service,18.9,No,0.05,No,Low
3703-KBKZP,Month-to-month,Bank transfer (automatic),16,Fiber optic,No,No,74.45,No,0.22,No,Low
1449-XQEMT,Month-to-month,Mailed check,3,No,No internet service,No internet service,19.8,Yes,0.62,Yes,High
2626-URJFX,Month-to-month,Electronic check,4,DSL,No,No,50.9,Yes,0.86,Yes,Critical
4973-MGTON,Two year,Credit card (automatic),71,DSL,Yes,Yes,84.4,No,0.0,No,Low
3682-YEUWS,Month-to-month,Mailed check,10,No,No internet service,No internet service,24.4,No,0.02,No,Low
1223-UNPKS,Two year,Mailed check,20,No,No internet service,No internet service,20.05,No,0.0,No,Low
2612-RRIDN,Month-to-month,Electronic check,4,Fiber optic,No,No,81.0,Yes,0.91,Yes,Critical
4735-ASGMA,Month-to-month,Electronic check,26,Fiber optic,No,No,98.35,Yes,0.83,Yes,Critical
3446-QDSZF,Month-to-month,Credit card (automatic),4,DSL,No,No,55.5,No,0.13,No,Low
3669-LVWZB,Month-to-month,Mailed check,5,DSL,No,No,51.0,Yes,0.79,Yes,Critical
6892-EZDTG,Month-to-month,Electronic check,4,Fiber optic,No,No,91.65,Yes,0.97,Yes,Critical
5117-IFGPS,Month-to-month,Electronic check,29,Fiber optic,No,No,84.3,No,0.3,No,Medium
7379-FNIUJ,Month-to-month,Electronic check,2,Fiber optic,Yes,No,100.2,No,0.16,No,Low
1627-AFWVJ,Two year,Mailed check,29,No,No internet service,No internet service,19.4,No,0.01,No,Low
9725-SCPZG,Month-to-month,Electronic check,1,Fiber optic,No,No,90.85,Yes,0.88,Yes,Critical
5884-GCYMI,Month-to-month,Mailed check,1,Fiber optic,No,No,69.4,Yes,0.98,Yes,Critical
3217-FZDMN,Month-to-month,Credit card (automatic),8,Fiber optic,No,No,94.45,Yes,0.88,Yes,Critical
4486-EFAEB,Month-to-month,Electronic check,13,No,No internet service,No internet service,20.4,No,0.01,No,Low
0060-FUALY,Month-to-month,Electronic check,59,Fiber optic,Yes,No,94.75,No,0.12,No,Low
7853-GVUDZ,Month-to-month,Credit card (automatic),1,No,No internet service,No internet service,20.15,Yes,0.79,Yes,Critical
7480-QNVZJ,Month-to-month,Electronic check,50,Fiber optic,No,No,95.7,Yes,0.93,Yes,Critical
6954-OOYZZ,Month-to-month,Bank transfer (automatic),18,DSL,No,No,44.35,No,0.06,No,Low
7088-FBAWU,Month-to-month,Mailed check,17,DSL,Yes,No,74.55,No,0.02,No,Low
8313-AFGBW,Two year,Electronic check,47,DSL,No,No,73.6,No,0.05,No,Low
3943-KDREE,Month-to-month,Bank transfer (automatic),26,Fiber optic,No,No,74.95,Yes,0.72,Yes,High
9239-ZBZZV,Month-to-month,Electronic check,6,DSL,No,No,47.95,Yes,0.86,Yes,Critical
3097-IDVPU,Month-to-month,Credit card (automatic),19,DSL,No,No,50.1,No,0.08,No,Low
4398-HSCJH,Month-to-month,Electronic check,3,DSL,No,Yes,63.6,Yes,0.66,Yes,High
2197-OMWGI,Two year,Electronic check,68,DSL,No,No,53.0,No,0.14,No,Low
2303-PJYHN,Month-to-month,Bank transfer (automatic),2,No,No internet service,No internet service,19.85,No,0.12,No,Low
9795-VOWON,One year,Credit card (automatic),7,DSL,No,No,24.35,No,0.09,No,Low
1237-WIYYZ,Month-to-month,Mailed check,18,No,No internet service,No internet service,19.55,No,0.05,No,Low
1987-AUELQ,Two year,Credit card (automatic),71,No,No internet service,No internet service,25.05,No,0.0,No,Low
7852-LECYP,Month-to-month,Credit card (automatic),13,Fiber optic,Yes,No,93.8,No,0.21,No,Low
4430-UZIPO,Month-to-month,Mailed check,3,DSL,No,Yes,36.85,Yes,0.79,Yes,Critical
4822-LPTYJ,Two year,Bank transfer (automatic),72,Fiber optic,No,No,103.75,No,0.11,No,Low
8165-CBKXO,Two year,Credit card (automatic),66,DSL,No,No,56.75,No,0.02,No,Low
6527-PZFPV,One year,Credit card (automatic),24,No,No internet service,No internet service,20.8,No,0.0,No,Low
4855-SNKMY,Month-to-month,Electronic check,1,DSL,No,No,44.1,Yes,0.77,Yes,Critical
9593-CVZKR,Two year,Mailed check,56,No,No internet service,No internet service,24.45,No,0.02,No,Low
8595-SIZNC,One year,Bank transfer (automatic),22,No,No internet service,No internet service,25.6,No,0.05,No,Low
8008-HAWED,Month-to-month,Electronic check,14,DSL,No,No,50.75,Yes,0.79,Yes,Critical
7124-UGSUR,One year,Credit card (automatic),61,Fiber optic,No,No,104.4,Yes,0.13,No,Low
1862-SKORY,Month-to-month,Electronic check,40,DSL,No,No,39.3,Yes,0.77,Yes,Critical
5236-XMZJY,Month-to-month,Bank transfer (automatic),42,DSL,Yes,No,59.65,No,0.14,No,Low
4827-DPADN,Two year,Bank transfer (automatic),72,DSL,Yes,Yes,83.3,No,0.0,No,Low
2694-CIUMO,Month-to-month,Credit card (automatic),12,Fiber optic,No,Yes,79.55,No,0.37,No,Medium
5846-ABOBJ,Two year,Bank transfer (automatic),71,No,No internet service,No internet service,24.45,No,0.0,No,Low
1439-LCGVL,One year,Mailed check,26,No,No internet service,No internet service,19.2,No,0.0,No,Low
0909-SDHNU,Month-to-month,Mailed check,7,DSL,Yes,No,29.8,No,0.07,No,Low
4647-XXZAM,Month-to-month,Mailed check,6,DSL,No,No,45.5,No,0.03,No,Low
1502-XFCVR,One year,Electronic check,58,Fiber optic,Yes,No,106.45,Yes,0.6,Yes,High
7740-KKCXF,Month-to-month,Credit card (automatic),51,DSL,No,No,30.05,No,0.08,No,Low
5360-XGYAZ,Two year,Bank transfer (automatic),72,DSL,Yes,Yes,65.65,No,0.0,No,Low
9692-TUSXH,Month-to-month,Electronic check,18,Fiber optic,Yes,No,96.05,Yes,0.46,No,Medium
7912-SYRQT,Month-to-month,Bank transfer (automatic),7,Fiber optic,No,No,75.1,Yes,0.44,No,Medium
3557-HTYWR,Two year,Mailed check,47,DSL,Yes,Yes,74.05,No,0.02,No,Low
4816-JBHOV,Month-to-month,Electronic check,2,DSL,No,No,44.7,Yes,0.9,Yes,Critical
8920-NAVAY,One year,Bank transfer (automatic),62,Fiber optic,No,Yes,110.75,No,0.12,No,Low
1699-TLDLZ,Two year,Mailed check,16,No,No internet service,No internet service,19.7,No,0.0,No,Low
5600-PDUJF,Month-to-month,Credit card (automatic),6,DSL,No,Yes,49.5,No,0.26,No,Low
8292-TYSPY,Month-to-month,Credit card (automatic),19,DSL,No,Yes,55.0,Yes,0.59,Yes,High
0567-XRHCU,Two year,Credit card (automatic),69,DSL,Yes,No,43.95,No,0.0,No,Low
1867-BDVFH,Month-to-month,Electronic check,11,Fiber optic,No,No,74.35,Yes,0.68,Yes,High
2067-QYTCF,Month-to-month,Electronic check,64,Fiber optic,No,Yes,111.15,No,0.08,No,Low
2359-QWQUL,One year,Credit card (automatic),39,Fiber optic,Yes,Yes,104.7,Yes,0.74,Yes,High
9103-TCIHJ,Month-to-month,Mailed check,15,DSL,Yes,No,55.7,Yes,0.23,No,Low
7407-SUJIZ,Month-to-month,Mailed check,25,No,No internet service,No internet service,20.6,No,0.01,No,Low
9150-KPBJQ,Two year,Credit card (automatic),6,No,No internet service,No internet service,19.65,No,0.03,No,Low
0052-DCKON,One year,Bank transfer (automatic),66,Fiber optic,Yes,Yes,115.8,No,0.11,No,Low
3654-ARMGP,Two year,Credit card (automatic),61,DSL,No,Yes,88.65,No,0.0,No,Low
9699-UBQFS,Month-to-month,Electronic check,43,Fiber optic,Yes,No,94.5,No,0.11,No,Low
9367-TCUYN,Month-to-month,Mailed check,12,No,No internet service,No internet service,20.1,No,0.07,No,Low
1261-FWTTE,Month-to-month,Bank transfer (automatic),23,DSL,No,No,34.65,No,0.44,No,Medium
3528-HFRIQ,Month-to-month,Bank transfer (automatic),71,DSL,No,No,52.3,No,0.11,No,Low
0708-SJDIS,Month-to-month,Mailed check,34,DSL,No,Yes,65.0,No,0.07,No,Low
4140-WJAWW,Month-to-month,Credit card (automatic),5,No,No internet service,No internet service,19.85,Yes,0.71,Yes,High
2073-QBVBI,One year,Mailed check,41,DSL,No,Yes,35.45,No,0.16,No,Low
6928-ONTRW,Two year,Credit card (automatic),72,No,No internet service,No internet service,19.7,No,0.0,No,Low
3320-VEOYC,Month-to-month,Electronic check,14,Fiber optic,No,No,95.6,No,0.91,Yes,Critical
5231-FIQPA,Two year,Mailed check,41,No,No internet service,No internet service,19.85,No,0.0,No,Low
6617-WLBQC,One year,Credit card (automatic),23,Fiber optic,Yes,No,81.85,No,0.09,No,Low
2599-CIPQE,Two year,Credit card (automatic),71,Fiber optic,Yes,Yes,109.3,No,0.02,No,Low
6653-CBBOM,Month-to-month,Electronic check,1,Fiber optic,No,No,70.3,Yes,0.77,Yes,Critical
8774-GSBUN,Two year,Mailed check,72,No,No internet service,No internet service,25.4,No,0.0,No,Low
7326-RIGQZ,Month-to-month,Electronic check,6,Fiber optic,No,No,69.8,No,0.25,No,Low
1401-FTHFQ,One year,Credit card (automatic),23,No,No internet service,No internet service,20.0,No,0.0,No,Low
3247-ZVOUO,Month-to-month,Electronic check,10,Fiber optic,No,No,85.55,Yes,0.85,Yes,Critical
0254-FNMCI,Two year,Electronic check,72,Fiber optic,Yes,Yes,109.9,No,0.01,No,Low
1848-LBZHY,Month-to-month,Bank transfer (automatic),7,DSL,Yes,No,50.3,No,0.17,No,Low
6101-IMRMM,Month-to-month,Mailed check,6,Fiber optic,No,No,94.5,Yes,0.95,Yes,Critical
8118-TJAFG,Month-to-month,Electronic check,9,Fiber optic,No,Yes,101.5,No,0.28,No,Low
5429-LWCMV,Month-to-month,Electronic check,12,Fiber optic,No,No,89.15,No,0.18,No,Low
7298-IZWLY,Month-to-month,Mailed check,1,No,No internet service,No internet service,19.4,No,0.16,No,Low
9758-MFWGD,One year,Bank transfer (automatic),48,DSL,No,No,29.9,No,0.28,No,Low
3955-JBZZM,Month-to-month,Electronic check,20,Fiber optic,No,No,78.8,No,0.11,No,Low
1268-ASBGA,Month-to-month,Credit card (automatic),16,Fiber optic,No,No,85.35,Yes,0.86,Yes,Critical
8943-URTMR,Month-to-month,Mailed check,2,Fiber optic,No,No,79.65,Yes,0.89,Yes,Critical
4815-TUMEQ,One year,Mailed check,10,No,No internet service,No internet service,19.3,No,0.0,No,Low
4713-LZDRV,Month-to-month,Electronic check,2,Fiber optic,No,No,79.6,Yes,0.89,Yes,Critical
9909-IDLEK,Month-to-month,Mailed check,20,Fiber optic,No,Yes,96.8,No,0.13,No,Low
4092-OFQZS,One year,Mailed check,20,No,No internet service,No internet service,20.65,No,0.0,No,Low
1561-BWHIN,One year,Mailed check,19,No,No internet service,No internet service,19.8,No,0.0,No,Low
4325-NFSKC,Month-to-month,Electronic check,19,Fiber optic,Yes,No,90.6,Yes,0.8,Yes,Critical
9927-DSWDF,Month-to-month,Electronic check,22,Fiber optic,Yes,Yes,104.6,No,0.5,No,Medium
9500-LTVBP,Month-to-month,Credit card (automatic),35,Fiber optic,No,Yes,80.05,No,0.25,No,Low
7252-NTGSS,Month-to-month,Mailed check,1,DSL,No,No,45.15,No,0.16,No,Low
8149-AIQCG,Month-to-month,Credit card (automatic),39,Fiber optic,No,No,73.15,No,0.15,No,Low
1360-JYXKQ,One year,Electronic check,54,Fiber optic,No,Yes,99.1,No,0.19,No,Low
2955-PSXOE,Month-to-month,Bank transfer (automatic),1,No,No internet service,No internet service,20.2,Yes,0.315,No,Medium
7762-URZQH,Two year,Credit card (automatic),66,Fiber optic,Yes,No,106.05,Yes,0.67,Yes,High
0899-WZRSD,Month-to-month,Mailed check,56,Fiber optic,Yes,Yes,105.35,No,0.11,No,Low
3255-GRXMG,Month-to-month,Credit card (automatic),18,DSL,No,No,45.65,No,0.08,No,Low
4828-FAZPK,Month-to-month,Credit card (automatic),16,Fiber optic,No,No,79.95,No,0.18,No,Low
6094-ZIVKX,One year,Credit card (automatic),68,DSL,Yes,No,54.45,No,0.01,No,Low
6925-BAYGL,Two year,Credit card (automatic),53,No,No internet service,No internet service,25.1,No,0.03,No,Low
3262-EIDHV,Two year,Credit card (automatic),72,DSL,Yes,Yes,84.7,No,0.0,No,Low
7354-OIJLX,Month-to-month,Electronic check,9,Fiber optic,No,No,75.85,No,0.34,No,Medium
1376-HHBDV,Month-to-month,Mailed check,30,DSL,Yes,No,48.8,No,0.07,No,Low
6907-NZZIJ,Month-to-month,Electronic check,36,Fiber optic,No,No,99.15,Yes,0.87,Yes,Critical
6133-OZILE,Month-to-month,Electronic check,18,DSL,No,Yes,35.2,No,0.16,No,Low
4135-FRWKJ,One year,Electronic check,55,DSL,Yes,Yes,76.25,No,0.07,No,Low
2911-UREFD,Month-to-month,Electronic check,39,DSL,Yes,No,55.9,Yes,0.76,Yes,Critical
3744-ZRRDZ,Month-to-month,Electronic check,21,Fiber optic,No,No,82.35,Yes,0.98,Yes,Critical
5673-TIYIB,Month-to-month,Credit card (automatic),2,DSL,No,Yes,40.4,Yes,0.85,Yes,Critical
6551-ZCOTS,One year,Bank transfer (automatic),33,No,No internet service,No internet service,24.9,No,0.03,No,Low
7191-ADRGF,Two year,Bank transfer (automatic),44,DSL,No,No,54.3,No,0.17,No,Low
5018-LXQQG,Month-to-month,Bank transfer (automatic),30,DSL,Yes,Yes,66.3,No,0.05,No,Low
6892-BOGQE,Two year,Bank transfer (automatic),71,No,No internet service,No internet service,20.9,No,0.0,No,Low
1602-IJQQE,Month-to-month,Electronic check,4,Fiber optic,No,No,75.35,Yes,0.84,Yes,Critical
4628-WQCQQ,One year,Electronic check,35,Fiber optic,No,No,85.15,Yes,0.74,Yes,High
1746-TGTWV,Month-to-month,Credit card (automatic),1,Fiber optic,No,No,75.35,No,0.2325,No,Low
5995-SNNEW,Month-to-month,Electronic check,23,Fiber optic,No,No,104.45,No,0.22,No,Low
8050-WYBND,One year,Credit card (automatic),22,DSL,No,No,49.45,No,0.11,No,Low
2821-WARNZ,One year,Credit card (automatic),49,No,No internet service,No internet service,19.45,No,0.0,No,Low
4879-GZLFH,Month-to-month,Electronic check,42,Fiber optic,No,No,92.15,No,0.17,No,Low
1644-IRKSF,One year,Electronic check,33,Fiber optic,No,No,93.8,Yes,0.79,Yes,Critical
8314-HTWVE,Two year,Mailed check,7,No,No internet service,No internet service,19.85,No,0.02,No,Low
9402-ROUMJ,One year,Bank transfer (automatic),67,Fiber optic,Yes,Yes,100.25,No,0.2,No,Low
2507-QZPQS,Month-to-month,Electronic check,15,Fiber optic,No,Yes,95.7,No,0.16,No,Low
7159-NOKYQ,Two year,Electronic check,67,Fiber optic,No,No,93.15,No,0.04,No,Low
5707-ZMDJP,Two year,Mailed check,53,DSL,Yes,Yes,69.7,No,0.02,No,Low
8779-YIQQA,One year,Mailed check,21,No,No internet service,No internet service,19.8,No,0.0,No,Low
7136-IHZJA,Month-to-month,Mailed check,40,DSL,Yes,Yes,71.35,No,0.05,No,Low
8966-OIQHG,One year,Bank transfer (automatic),22,No,No internet service,No internet service,20.75,No,0.01,No,Low
7074-STDCN,Month-to-month,Electronic check,39,DSL,No,Yes,40.6,No,0.07,No,Low
3705-PSNGL,One year,Electronic check,45,No,No internet service,No internet service,20.4,Yes,0.0,No,Low
8739-QOTTN,Month-to-month,Mailed check,2,No,No internet service,No internet service,20.35,No,0.05,No,Low
1399-OUPJN,Two year,Bank transfer (automatic),57,No,No internet service,No internet service,19.75,No,0.01,No,Low
0277-BKSQP,Month-to-month,Electronic check,8,DSL,No,No,54.4,No,0.05,No,Low
6502-HCJTI,Month-to-month,Credit card (automatic),7,Fiber optic,Yes,No,94.7,Yes,0.83,Yes,Critical
2606-RMDHZ,Month-to-month,Credit card (automatic),6,DSL,No,No,30.5,Yes,0.32,No,Medium
5774-XZTQC,Month-to-month,Mailed check,7,No,No internet service,No internet service,20.45,No,0.02,No,Low
2676-SSLTO,Two year,Bank transfer (automatic),49,DSL,No,Yes,66.15,No,0.03,No,Low
6266-QHOJZ,One year,Electronic check,65,Fiber optic,Yes,Yes,89.85,No,0.04,No,Low
7269-JISCY,One year,Bank transfer (automatic),55,DSL,No,No,45.05,No,0.01,No,Low
0363-SVHYR,Two year,Bank transfer (automatic),71,DSL,Yes,Yes,86.85,No,0.0,No,Low
8547-NSBBO,Month-to-month,Mailed check,35,Fiber optic,Yes,Yes,96.75,No,0.06,No,Low
8258-GSTJK,Month-to-month,Electronic check,3,Fiber optic,No,No,77.0,Yes,0.94,Yes,Critical
6861-OKBCE,Month-to-month,Credit card (automatic),11,No,No internet service,No internet service,20.1,Yes,0.63,Yes,High
9940-RHLFB,Month-to-month,Electronic check,1,Fiber optic,No,No,75.3,Yes,0.44,No,Medium
6591-QGOYB,Month-to-month,Bank transfer (automatic),17,Fiber optic,Yes,Yes,106.65,No,0.11,No,Low
9070-BCKQP,Two year,Credit card (automatic),72,Fiber optic,Yes,Yes,110.15,No,0.06,No,Low
6421-SZVEM,One year,Bank transfer (automatic),28,Fiber optic,Yes,No,82.85,No,0.19,No,Low
1328-EUZHC,Two year,Mailed check,18,No,No internet service,No internet service,20.1,No,0.01,No,Low
2995-UPRYS,One year,Credit card (automatic),40,Fiber optic,No,Yes,99.2,Yes,0.17,No,Low
8878-RYUKI,Month-to-month,Electronic check,52,DSL,No,No,59.45,No,0.09,No,Low
9633-DENPU,Month-to-month,Bank transfer (automatic),47,DSL,No,No,58.6,No,0.17,No,Low
7811-JIVPF,Month-to-month,Credit card (automatic),23,DSL,No,No,49.7,No,0.07,No,Low
7113-HIPFI,Two year,Mailed check,66,DSL,Yes,Yes,65.85,No,0.0,No,Low
8541-QVFKM,Month-to-month,Electronic check,8,Fiber optic,No,No,73.5,No,0.68,Yes,High
6686-YPGHK,Month-to-month,Mailed check,47,Fiber optic,Yes,No,85.5,Yes,0.72,Yes,High
1383-EZRWL,Month-to-month,Mailed check,7,No,No internet service,No internet service,20.05,Yes,0.58,Yes,High
9258-CNWAC,Two year,Credit card (automatic),71,Fiber optic,Yes,Yes,113.65,No,0.0,No,Low
5371-VYLSX,Month-to-month,Electronic check,50,Fiber optic,Yes,No,83.4,No,0.09,No,Low
6374-AFWOX,Two year,Mailed check,46,DSL,Yes,Yes,65.65,No,0.02,No,Low
4759-TRPLW,Month-to-month,Electronic check,1,Fiber optic,No,No,70.4,Yes,0.93,Yes,Critical
5317-FLPJF,Two year,Bank transfer (automatic),66,DSL,Yes,Yes,61.35,No,0.0,No,Low
7621-VPNET,Month-to-month,Credit card (automatic),42,Fiber optic,No,Yes,85.9,No,0.15,No,Low
6034-YMTOB,Month-to-month,Mailed check,5,Fiber optic,No,Yes,75.65,No,0.46,No,Medium
8563-IIOXK,One year,Electronic check,7,DSL,Yes,No,49.75,Yes,0.69,Yes,High
4903-CNOZC,One year,Credit card (automatic),29,DSL,No,No,70.9,No,0.06,No,Low
4353-HYOJD,Month-to-month,Mailed check,27,DSL,No,No,49.85,No,0.12,No,Low
8020-BWHYL,Month-to-month,Credit card (automatic),15,Fiber optic,No,No,75.3,Yes,0.82,Yes,Critical
7267-FRMJW,Two year,Mailed check,25,No,No internet service,No internet service,20.1,No,0.0,No,Low
2982-VPSGI,Month-to-month,Electronic check,11,Fiber optic,No,No,94.0,Yes,0.98,Yes,Critical
4188-FRABG,Month-to-month,Electronic check,57,Fiber optic,Yes,Yes,103.05,No,0.18,No,Low
8199-ZLLSA,One year,Bank transfer (automatic),67,Fiber optic,Yes,Yes,118.35,Yes,0.58,Yes,High
4128-ETESU,Month-to-month,Electronic check,47,Fiber optic,No,No,99.7,No,0.18,No,Low
0620-DLSLK,Month-to-month,Mailed check,13,Fiber optic,No,No,81.9,No,0.29,No,Low
4625-EWPTF,Month-to-month,Electronic check,8,DSL,Yes,No,30.45,Yes,0.71,Yes,High
5980-NOPLP,Month-to-month,Electronic check,44,Fiber optic,No,No,96.1,Yes,0.8,Yes,Critical
3850-OKINF,One year,Electronic check,71,DSL,Yes,No,66.2,No,0.03,No,Low
6892-XPFPU,Month-to-month,Electronic check,24,Fiber optic,No,No,104.25,Yes,0.48,No,Medium
8010-EZLOU,Month-to-month,Electronic check,15,Fiber optic,No,No,80.2,Yes,0.86,Yes,Critical
1156-ZFYDO,Month-to-month,Electronic check,1,No,No internet service,No internet service,19.75,No,0.14,No,Low
3295-YVUSR,Month-to-month,Mailed check,2,Fiber optic,No,No,72.6,No,0.3,No,Medium
8016-NCFVO,Month-to-month,Electronic check,55,Fiber optic,Yes,Yes,116.5,No,0.04,No,Low
4119-ZYPZY,Two year,Electronic check,71,Fiber optic,No,Yes,106.8,No,0.06,No,Low
5549-ZGHFB,Two year,Mailed check,50,No,No internet service,No internet service,24.95,No,0.0,No,Low
7577-SWIFR,Month-to-month,Electronic check,1,Fiber optic,No,No,89.25,No,0.29,No,Low
0303-WMMRN,Month-to-month,Mailed check,5,No,No internet service,No internet service,19.25,No,0.0,No,Low
6408-OTUBZ,One year,Bank transfer (automatic),66,Fiber optic,Yes,Yes,104.55,No,0.03,No,Low
5204-HMGYF,One year,Mailed check,49,DSL,Yes,Yes,87.2,No,0.08,No,Low
1078-TDCRN,Month-to-month,Electronic check,3,DSL,No,No,30.75,No,0.18,No,Low
3727-OVPRY,One year,Credit card (automatic),66,No,No internet service,No internet service,25.7,No,0.0,No,Low
3797-FKOGQ,Month-to-month,Electronic check,11,Fiber optic,No,No,86.2,No,0.24,No,Low
7622-NXQZR,Month-to-month,Credit card (automatic),28,DSL,No,Yes,30.1,No,0.1,No,Low
6196-HBOBZ,Two year,Electronic check,65,Fiber optic,Yes,No,99.35,No,0.02,No,Low
3970-XGJDU,Two year,Credit card (automatic),62,No,No internet service,No internet service,19.2,No,0.01,No,Low
7017-VFULY,Month-to-month,Bank transfer (automatic),2,No,No internet service,No internet service,20.1,No,0.22,No,Low
5562-YJQGT,Month-to-month,Credit card (automatic),2,No,No internet service,No internet service,20.35,No,0.01,No,Low
8807-OPMBM,Two year,Credit card (automatic),55,No,No internet service,No internet service,25.65,No,0.0,No,Low
5439-WIKXB,Month-to-month,Electronic check,41,Fiber optic,No,No,94.55,No,0.09,No,Low
9874-QLCLH,Month-to-month,Electronic check,17,Fiber optic,Yes,No,104.2,Yes,0.87,Yes,Critical
8294-UIMBA,One year,Bank transfer (automatic),30,Fiber optic,No,Yes,94.4,No,0.02,No,Low
8109-YUOHE,One year,Mailed check,17,DSL,Yes,No,56.1,No,0.0,No,Low
5840-NVDCG,Two year,Bank transfer (automatic),16,DSL,Yes,Yes,68.25,No,0.03,No,Low
8092-NLTGF,Two year,Bank transfer (automatic),72,No,No internet service,No internet service,24.75,No,0.0,No,Low
5928-QLDHB,Month-to-month,Electronic check,9,Fiber optic,No,No,76.25,No,0.2,No,Low
9840-EFJQB,Month-to-month,Electronic check,1,Fiber optic,No,No,74.35,No,0.29,No,Low
0696-UKTOX,Month-to-month,Electronic check,23,DSL,No,Yes,54.15,No,0.08,No,Low
4801-KFYKL,Month-to-month,Bank transfer (automatic),8,No,No internet service,No internet service,19.45,No,0.05,No,Low
3472-OAOOR,Month-to-month,Mailed check,19,DSL,Yes,No,34.95,No,0.05,No,Low
6135-OZQVA,Month-to-month,Electronic check,7,DSL,Yes,No,53.65,No,0.16,No,Low
8062-YBDOE,Month-to-month,Electronic check,1,Fiber optic,No,No,69.65,Yes,0.98,Yes,Critical
2252-JHJGE,One year,Electronic check,61,Fiber optic,Yes,No,104.0,No,0.24,No,Low
4188-PCPIG,Two year,Credit card (automatic),57,DSL,Yes,Yes,70.35,No,0.05,No,Low
6000-APYLU,Month-to-month,Electronic check,9,Fiber optic,No,No,80.8,Yes,0.41,No,Medium
7105-BENQF,One year,Mailed check,15,DSL,Yes,No,64.85,No,0.04,No,Low
7721-DVEKZ,Month-to-month,Mailed check,1,No,No internet service,No internet service,19.65,No,0.3132380952380952,No,Medium
3566-VVORZ,Month-to-month,Bank transfer (automatic),12,DSL,No,No,45.9,No,0.06,No,Low
9507-HSMMZ,Two year,Mailed check,54,No,No internet service,No internet service,20.0,No,0.02,No,Low
2480-SQIOB,Month-to-month,Electronic check,4,DSL,No,No,44.8,No,0.39,No,Medium
0947-IDHRQ,Month-to-month,Mailed check,7,Fiber optic,No,No,80.3,Yes,0.85,Yes,Critical
7813-TKCVO,One year,Mailed check,20,No,No internet service,No internet service,20.35,No,0.0,No,Low
0128-MKWSG,Month-to-month,Mailed check,26,DSL,Yes,Yes,45.8,No,0.07,No,Low
3672-YITQD,Month-to-month,Electronic check,36,Fiber optic,No,No,84.1,Yes,0.62,Yes,High
4350-ZTLPI,One year,Bank transfer (automatic),53,Fiber optic,No,Yes,108.95,No,0.03,No,Low
9048-JVYVF,Month-to-month,Electronic check,3,DSL,No,Yes,69.35,Yes,0.32,No,Medium
0361-HJRDX,Two year,Credit card (automatic),68,DSL,Yes,Yes,64.35,No,0.0,No,Low
5727-MYATE,Two year,Credit card (automatic),72,DSL,Yes,Yes,90.8,No,0.0,No,Low
3823-KYNQY,One year,Credit card (automatic),12,No,No internet service,No internet service,24.95,No,0.04,No,Low
8988-ECPJR,Month-to-month,Mailed check,34,Fiber optic,No,No,79.6,Yes,0.27,No,Low
7570-WELNY,Two year,Bank transfer (automatic),68,Fiber optic,Yes,No,84.7,No,0.03,No,Low
3021-VLNRJ,One year,Credit card (automatic),50,DSL,Yes,Yes,70.8,No,0.0,No,Low
3776-EKTKM,Month-to-month,Electronic check,1,DSL,No,No,36.45,Yes,0.97,Yes,Critical
2080-CAZNM,Month-to-month,Electronic check,41,Fiber optic,No,No,104.4,No,0.19,No,Low
1028-FFNJK,Month-to-month,Electronic check,30,Fiber optic,No,Yes,101.5,No,0.2,No,Low
6907-FLBER,Month-to-month,Electronic check,1,DSL,No,No,54.3,No,0.36,No,Medium
3001-UNBTL,Month-to-month,Electronic check,29,Fiber optic,No,No,103.95,No,0.24,No,Low
5982-PSMKW,Two year,Credit card (automatic),23,DSL,Yes,Yes,91.1,No,0.0,No,Low
3507-GASNP,Two year,Mailed check,60,No,No internet service,No internet service,19.95,No,0.0,No,Low
7096-ZNBZI,Two year,Credit card (automatic),72,No,No internet service,No internet service,26.45,No,0.0,No,Low
1902-XBTFB,Month-to-month,Electronic check,22,Fiber optic,No,No,89.4,Yes,0.46,No,Medium
1676-MQAOA,Two year,Bank transfer (automatic),72,DSL,Yes,Yes,75.1,No,0.0,No,Low
0786-IVLAW,One year,Bank transfer (automatic),66,Fiber optic,No,No,108.1,No,0.06,No,Low
7566-DSRLQ,Two year,Electronic check,72,Fiber optic,No,Yes,110.15,No,0.0,No,Low
0643-OKLRP,Month-to-month,Electronic check,47,Fiber optic,Yes,No,80.35,Yes,0.76,Yes,Critical
7245-JMTTQ,One year,Electronic check,51,Fiber optic,No,Yes,111.5,No,0.15,No,Low
6050-IJRHS,One year,Electronic check,70,Fiber optic,No,No,106.5,No,0.05,No,Low
6202-JVYEU,One year,Electronic check,9,No,No internet service,No internet service,19.9,No,0.0,No,Low
8591-TKMZH,Two year,Mailed check,59,Fiber optic,Yes,Yes,111.1,No,0.05,No,Low
0734-OXWBT,Month-to-month,Mailed check,3,DSL,No,Yes,70.7,No,0.09,No,Low
4282-ACRXS,Month-to-month,Electronic check,38,DSL,No,No,24.85,No,0.12,No,Low
0365-TRTPY,Month-to-month,Bank transfer (automatic),37,Fiber optic,Yes,No,91.2,No,0.29,No,Low
7349-ALMUX,Two year,Bank transfer (automatic),37,DSL,Yes,Yes,65.6,No,0.0,No,Low
9381-NDKME,Month-to-month,Credit card (automatic),24,DSL,No,No,40.65,Yes,0.34,No,Medium
6502-KUGLL,Month-to-month,Bank transfer (automatic),14,DSL,Yes,Yes,59.45,No,0.03,No,Low
1841-YSJGV,Two year,Credit card (automatic),72,Fiber optic,Yes,Yes,109.95,No,0.02,No,Low
2794-XIMMO,One year,Electronic check,53,DSL,No,Yes,60.45,Yes,0.64,Yes,High
8382-SHQEH,Month-to-month,Electronic check,8,Fiber optic,No,No,84.9,Yes,0.95,Yes,Critical
3511-BFTJW,Two year,Credit card (automatic),72,DSL,Yes,No,38.5,No,0.02,No,Low
7668-XCFYV,Month-to-month,Electronic check,17,Fiber optic,No,No,92.55,No,0.09,No,Low
2983-ZANRP,Month-to-month,Bank transfer (automatic),2,Fiber optic,No,No,73.55,Yes,0.87,Yes,Critical
7845-URHJN,Month-to-month,Bank transfer (automatic),8,No,No internet service,No internet service,20.15,Yes,0.6,Yes,High
3034-ZBEQN,One year,Mailed check,48,DSL,No,No,34.7,Yes,0.77,Yes,Critical
5018-HEKFO,Month-to-month,Mailed check,10,No,No internet service,No internet service,24.5,No,0.02,No,Low
2923-ARZLG,One year,Mailed check,0,No,No internet service,No internet service,19.7,No,0.2,No,Low
3976-NLDEZ,Month-to-month,Mailed check,1,No,No internet service,No internet service,20.6,No,0.88,Yes,Critical
2282-YGNOR,One year,Credit card (automatic),29,DSL,Yes,Yes,58.0,No,0.0,No,Low
5336-UFNZP,One year,Electronic check,65,Fiber optic,No,No,107.45,No,0.08,No,Low
6854-EXGSF,Month-to-month,Bank transfer (automatic),8,DSL,Yes,No,65.5,No,0.24,No,Low
1241-EZFMJ,Two year,Bank transfer (automatic),61,No,No internet service,No internet service,25.45,No,0.0,No,Low
9233-PSYHO,One year,Bank transfer (automatic),45,Fiber optic,No,No,100.15,No,0.05,No,Low
5376-PCKNB,One year,Credit card (automatic),72,Fiber optic,No,No,104.45,No,0.03,No,Low
8044-BGWPI,Month-to-month,Electronic check,12,No,No internet service,No internet service,21.15,No,0.13,No,Low
4060-LDNLU,Month-to-month,Electronic check,7,Fiber optic,No,No,96.2,No,0.33,No,Medium
3589-PPVKW,Month-to-month,Mailed check,9,DSL,No,No,44.4,No,0.13,No,Low
8327-LZKAS,One year,Electronic check,43,Fiber optic,No,Yes,107.55,Yes,0.73,Yes,High
5887-IKKYO,Two year,Bank transfer (automatic),58,Fiber optic,No,Yes,94.35,No,0.02,No,Low
1075-BGWOH,Month-to-month,Electronic check,16,Fiber optic,No,No,98.75,Yes,0.88,Yes,Critical
1755-RMCXH,Month-to-month,Mailed check,2,No,No internet service,No internet service,20.3,No,0.05,No,Low
0302-JOIVN,Month-to-month,Electronic check,8,Fiber optic,No,No,101.15,Yes,0.82,Yes,Critical
3858-XHYJO,One year,Bank transfer (automatic),40,Fiber optic,Yes,No,105.75,No,0.17,No,Low
4299-SIMNS,Month-to-month,Electronic check,9,Fiber optic,Yes,No,81.15,No,0.13,No,Low
7025-IWFHT,One year,Electronic check,41,Fiber optic,No,Yes,89.55,No,0.06,No,Low
6261-LHRTG,Month-to-month,Credit card (automatic),26,DSL,No,No,54.75,No,0.04,No,Low
7841-FCRQD,One year,Credit card (automatic),33,DSL,No,Yes,53.75,No,0.14,No,Low
2056-EVGZL,One year,Credit card (automatic),68,Fiber optic,No,Yes,105.75,No,0.06,No,Low
8777-MBMTS,Two year,Credit card (automatic),65,Fiber optic,No,Yes,105.85,No,0.03,No,Low
7753-USQYQ,One year,Electronic check,55,DSL,No,Yes,64.2,No,0.05,No,Low
5366-IJEQJ,Month-to-month,Electronic check,20,Fiber optic,No,No,88.7,Yes,0.86,Yes,Critical
7661-CPURM,One year,Credit card (automatic),19,Fiber optic,No,Yes,87.7,No,0.11,No,Low
6233-HXJMX,Month-to-month,Credit card (automatic),45,Fiber optic,No,No,89.3,No,0.17,No,Low
5902-WBLSE,Two year,Credit card (automatic),70,No,No internet service,No internet service,20.15,No,0.0,No,Low
1981-INRFU,Month-to-month,Electronic check,2,Fiber optic,No,No,79.75,Yes,0.9,Yes,Critical
4971-PUYQO,Month-to-month,Mailed check,27,Fiber optic,No,No,94.55,Yes,0.76,Yes,Critical
3239-TPHPZ,Two year,Electronic check,12,No,No internet service,No internet service,20.05,No,0.0,No,Low
5115-GZDEL,Two year,Credit card (automatic),72,DSL,Yes,Yes,67.2,No,0.0,No,Low
3338-CVVEH,Month-to-month,Electronic check,12,Fiber optic,No,No,94.55,No,0.59,Yes,High
8485-GJCDN,Month-to-month,Mailed check,5,Fiber optic,No,No,69.05,Yes,0.93,Yes,Critical
2615-YVMYX,Month-to-month,Electronic check,71,Fiber optic,Yes,No,107.5,No,0.1,No,Low
2851-STERV,One year,Electronic check,35,DSL,No,Yes,73.0,No,0.06,No,Low
4393-GEADV,Two year,Credit card (automatic),70,Fiber optic,Yes,Yes,114.75,No,0.0,No,Low
8486-AYEQH,Month-to-month,Electronic check,31,Fiber optic,No,No,76.05,No,0.17,No,Low
1527-SXDPN,Two year,Bank transfer (automatic),52,Fiber optic,No,Yes,96.25,Yes,0.56,Yes,High
6029-WTIPC,Month-to-month,Electronic check,37,Fiber optic,No,No,101.1,Yes,0.92,Yes,Critical
8634-CILSZ,One year,Bank transfer (automatic),69,Fiber optic,No,Yes,104.7,Yes,0.72,Yes,High
5419-JKZNQ,Month-to-month,Mailed check,30,Fiber optic,No,No,77.9,No,0.06,No,Low
2495-KZNFB,Month-to-month,Electronic check,33,Fiber optic,Yes,No,90.65,No,0.11,No,Low
1409-PHXTF,Two year,Electronic check,54,Fiber optic,No,Yes,110.45,No,0.02,No,Low
4560-WQAQW,One year,Bank transfer (automatic),59,DSL,Yes,Yes,68.7,No,0.04,No,Low
9591-YVTEB,Month-to-month,Electronic check,55,DSL,Yes,No,44.85,No,0.12,No,Low
9309-BZGNT,One year,Credit card (automatic),69,DSL,No,No,29.8,No,0.06,No,Low
4274-DRSQT,One year,Bank transfer (automatic),66,Fiber optic,No,No,88.9,No,0.0,No,Low
2027-DNKIV,One year,Mailed check,37,DSL,Yes,Yes,58.75,No,0.01,No,Low
8075-GXIUB,One year,Credit card (automatic),9,No,No internet service,No internet service,19.85,No,0.02,No,Low
2885-HIJDH,Two year,Bank transfer (automatic),69,DSL,Yes,Yes,86.9,No,0.0,No,Low
5424-RLQLC,Month-to-month,Mailed check,10,DSL,No,No,59.65,No,0.06,No,Low
6682-QJDGB,Month-to-month,Mailed check,40,DSL,Yes,No,55.25,Yes,0.05,No,Low
6507-DTJZV,Month-to-month,Credit card (automatic),13,DSL,No,No,66.4,No,0.11,No,Low
8780-IXSTS,Month-to-month,Electronic check,6,Fiber optic,No,No,90.1,Yes,0.79,Yes,Critical
7673-BQGKU,Two year,Bank transfer (automatic),69,No,No internet service,No internet service,20.15,No,0.0,No,Low
6723-WSNTY,One year,Credit card (automatic),66,Fiber optic,No,Yes,108.1,No,0.07,No,Low
9530-EHPOH,Month-to-month,Electronic check,11,DSL,No,No,53.75,Yes,0.84,Yes,Critical
2725-IWWBA,One year,Mailed check,46,DSL,Yes,Yes,56.9,No,0.0,No,Low
0345-HKJVM,Month-to-month,Electronic check,6,Fiber optic,No,No,89.3,Yes,0.85,Yes,Critical
1061-PNTHC,Month-to-month,Mailed check,56,Fiber optic,Yes,Yes,109.6,No,0.05,No,Low
0394-YONDK,Two year,Credit card (automatic),70,No,No internet service,No internet service,25.15,No,0.0,No,Low
6574-MCOEH,One year,Electronic check,33,DSL,No,Yes,79.15,No,0.08,No,Low
7399-QHBJS,Two year,Credit card (automatic),72,DSL,Yes,Yes,66.75,No,0.02,No,Low
3049-SOLAY,Month-to-month,Electronic check,3,Fiber optic,No,No,95.2,Yes,0.91,Yes,Critical
0997-YTLNY,Month-to-month,Mailed check,19,DSL,No,Yes,48.8,No,0.07,No,Low
3317-HRTNN,Month-to-month,Electronic check,5,DSL,No,No,45.7,Yes,0.84,Yes,Critical
9479-HYNYL,Two year,Credit card (automatic),71,DSL,No,Yes,80.7,No,0.0,No,Low
3235-ETOOB,Month-to-month,Electronic check,8,Fiber optic,Yes,No,74.5,Yes,0.87,Yes,Critical
9708-KFDBY,Month-to-month,Credit card (automatic),1,No,No internet service,No internet service,20.55,No,0.16,No,Low
8058-INTPH,Month-to-month,Electronic check,1,Fiber optic,No,No,79.65,Yes,1.0,Yes,Critical
3642-GKTCT,One year,Mailed check,61,Fiber optic,Yes,Yes,115.1,No,0.0,No,Low
0774-RMNUW,Two year,Bank transfer (automatic),71,DSL,Yes,Yes,59.7,No,0.0,No,Low
1334-PDUKM,One year,Credit card (automatic),68,Fiber optic,No,No,86.45,No,0.04,No,Low
0756-MPZRL,One year,Credit card (automatic),46,DSL,No,Yes,33.7,No,0.01,No,Low
2242-MFOTG,One year,Bank transfer (automatic),33,Fiber optic,Yes,No,80.1,No,0.02,No,Low
2927-CVULT,Two year,Bank transfer (automatic),53,Fiber optic,Yes,Yes,104.05,No,0.02,No,Low
2144-BFDSO,Month-to-month,Bank transfer (automatic),50,Fiber optic,Yes,No,108.75,No,0.12,No,Low
8745-PVESG,One year,Credit card (automatic),57,DSL,Yes,Yes,41.1,No,0.0,No,Low
7647-GYYKX,Two year,Bank transfer (automatic),54,No,No internet service,No internet service,20.35,No,0.0,No,Low
5647-FXOTP,Month-to-month,Electronic check,60,Fiber optic,No,No,105.9,No,0.15,No,Low
5569-OUICF,Month-to-month,Credit card (automatic),28,Fiber optic,No,Yes,101.3,Yes,0.8,Yes,Critical
8821-XNHVZ,Month-to-month,Mailed check,1,Fiber optic,No,No,80.05,Yes,0.68,Yes,High
2082-OJVTK,Month-to-month,Electronic check,29,Fiber optic,No,No,89.2,Yes,0.86,Yes,Critical
9700-ISPUP,Month-to-month,Electronic check,10,DSL,No,Yes,65.5,No,0.24,No,Low
9839-ETQOE,Month-to-month,Electronic check,43,DSL,Yes,No,40.45,No,0.03,No,Low
6078-VESFR,Month-to-month,Bank transfer (automatic),13,Fiber optic,No,No,70.45,No,0.13,No,Low
9027-TMATR,Two year,Electronic check,43,DSL,Yes,Yes,78.8,No,0.02,No,Low
5940-NFXKV,Month-to-month,Electronic check,19,Fiber optic,No,No,83.65,Yes,0.92,Yes,Critical
1941-HOSAM,Month-to-month,Electronic check,1,Fiber optic,No,No,90.1,No,0.24,No,Low
9110-HSGTV,Two year,Credit card (automatic),69,DSL,Yes,Yes,82.45,No,0.0,No,Low
0704-VCUMB,Two year,Credit card (automatic),61,No,No internet service,No internet service,20.25,No,0.0,No,Low
6171-ZTVYB,Month-to-month,Bank transfer (automatic),43,DSL,Yes,Yes,66.25,No,0.04,No,Low
8053-WWDRO,Month-to-month,Bank transfer (automatic),6,No,No internet service,No internet service,19.5,Yes,0.37,No,Medium
9564-KCLHR,Month-to-month,Mailed check,1,DSL,No,Yes,51.25,Yes,0.73,Yes,High
1935-IMVBB,Month-to-month,Mailed check,56,Fiber optic,No,No,89.7,No,0.14,No,Low
2535-PBCGC,Two year,Bank transfer (automatic),70,DSL,Yes,Yes,64.55,No,0.0,No,Low
2082-CEFLT,Month-to-month,Electronic check,1,DSL,No,No,45.6,Yes,0.89,Yes,Critical
1470-PSXNM,One year,Electronic check,49,Fiber optic,No,No,93.65,No,0.14,No,Low
1213-NGCUN,Month-to-month,Bank transfer (automatic),6,DSL,No,Yes,49.65,Yes,0.83,Yes,Critical
2498-XLDZR,Two year,Mailed check,32,DSL,Yes,Yes,73.6,No,0.0,No,Low
9866-OCCKE,Two year,Mailed check,72,Fiber optic,Yes,Yes,109.75,No,0.07,No,Low
5338-YHWYT,Two year,Credit card (automatic),37,DSL,Yes,Yes,61.45,No,0.02,No,Low
7718-UPSKJ,One year,Credit card (automatic),69,Fiber optic,Yes,Yes,106.4,No,0.11,No,Low
8731-WBBMB,Month-to-month,Bank transfer (automatic),26,DSL,No,Yes,81.9,No,0.03,No,Low
1448-CYWKC,One year,Credit card (automatic),58,Fiber optic,No,No,105.2,No,0.15,No,Low
7901-IIDQV,One year,Bank transfer (automatic),24,DSL,No,Yes,54.6,No,0.04,No,Low
2690-DVRVK,One year,Electronic check,5,No,No internet service,No internet service,20.55,No,0.02,No,Low
5688-KZTSN,Month-to-month,Electronic check,15,No,No internet service,No internet service,20.0,Yes,0.7,Yes,High
1270-XKUCC,Two year,Mailed check,30,No,No internet service,No internet service,19.7,No,0.0,No,Low
0334-ZFJSR,One year,Credit card (automatic),55,DSL,Yes,Yes,66.05,No,0.0,No,Low
2894-QOJRX,Month-to-month,Bank transfer (automatic),25,DSL,No,No,34.0,Yes,0.67,Yes,High
5747-PMBSQ,Month-to-month,Mailed check,10,Fiber optic,No,Yes,92.5,Yes,0.85,Yes,Critical
5583-EJXRD,Two year,Credit card (automatic),44,DSL,Yes,Yes,54.05,No,0.01,No,Low
4565-EVZMJ,One year,Mailed check,47,DSL,Yes,Yes,58.9,No,0.0,No,Low
3143-JQEGI,Month-to-month,Electronic check,13,Fiber optic,No,No,88.35,Yes,0.84,Yes,Critical
6386-SZZKH,Two year,Bank transfer (automatic),49,Fiber optic,No,Yes,107.95,Yes,0.67,Yes,High
3327-YBAKM,One year,Mailed check,64,Fiber optic,Yes,Yes,96.9,No,0.02,No,Low
9441-QHEVC,Month-to-month,Mailed check,1,No,No internet service,No internet service,19.1,No,0.0,No,Low
6705-LNMDD,Month-to-month,Mailed check,20,DSL,No,Yes,50.0,No,0.07,No,Low
2580-ASVVY,Two year,Electronic check,37,DSL,Yes,Yes,45.4,No,0.11,No,Low
3370-GQEAL,Month-to-month,Electronic check,30,Fiber optic,No,No,85.45,No,0.16,No,Low
5032-USPKF,One year,Bank transfer (automatic),38,DSL,Yes,No,84.1,No,0.05,No,Low
2982-IHMFT,Month-to-month,Mailed check,1,Fiber optic,No,No,74.45,Yes,0.99,Yes,Critical
3521-SYVOR,Month-to-month,Electronic check,37,DSL,No,No,64.75,Yes,0.66,Yes,High
4254-QPEDE,Two year,Credit card (automatic),52,DSL,Yes,Yes,66.25,No,0.03,No,Low
6283-GITPX,Two year,Credit card (automatic),71,DSL,Yes,Yes,76.9,No,0.03,No,Low
9526-JAWYF,Month-to-month,Electronic check,26,Fiber optic,No,No,89.8,Yes,0.78,Yes,Critical
0771-CHWSK,Two year,Credit card (automatic),66,DSL,Yes,No,74.6,No,0.02,No,Low
9788-HNGUT,Two year,Credit card (automatic),72,Fiber optic,Yes,Yes,116.95,No,0.0,No,Low
9495-REDIY,One year,Credit card (automatic),25,DSL,Yes,No,40.65,No,0.07,No,Low
5375-XLDOF,Two year,Bank transfer (automatic),69,Fiber optic,Yes,Yes,114.35,No,0.02,No,Low
1172-VIYBP,Two year,Bank transfer (automatic),53,DSL,Yes,No,69.7,No,0.01,No,Low
5649-VUKMC,One year,Mailed check,12,Fiber optic,No,No,95.5,Yes,0.72,Yes,High
6559-PDZLR,Month-to-month,Electronic check,26,Fiber optic,No,Yes,98.65,No,0.18,No,Low
8992-OBVDG,Month-to-month,Mailed check,21,DSL,No,No,61.65,No,0.05,No,Low
4273-MBHYA,Month-to-month,Electronic check,1,Fiber optic,No,No,89.35,No,0.32,No,Medium
4724-WXVWF,Month-to-month,Electronic check,48,Fiber optic,Yes,Yes,95.4,No,0.36,No,Medium
5701-GUXDC,One year,Credit card (automatic),26,DSL,Yes,No,35.4,No,0.11,No,Low
1460-UZPRJ,Two year,Mailed check,60,No,No internet service,No internet service,19.95,No,0.0,No,Low
6082-GLJIX,Month-to-month,Mailed check,18,No,No internet service,No internet service,19.25,No,0.04,No,Low
5143-EGQFK,Month-to-month,Electronic check,10,DSL,No,Yes,29.65,Yes,0.81,Yes,Critical
4919-IKATY,Month-to-month,Electronic check,5,Fiber optic,Yes,No,84.5,Yes,0.39,No,Medium
2495-TTHBQ,One year,Mailed check,4,No,No internet service,No internet service,20.4,No,0.04,No,Low
0485-ZBSLN,Two year,Credit card (automatic),65,No,No internet service,No internet service,24.75,No,0.0,No,Low
3810-PJUHR,Two year,Mailed check,70,No,No internet service,No internet service,25.35,No,0.0,No,Low
9050-QLROH,Month-to-month,Credit card (automatic),18,Fiber optic,No,No,90.7,Yes,0.34,No,Medium
0847-HGRML,Two year,Bank transfer (automatic),62,No,No internet service,No internet service,20.0,No,0.07,No,Low
8232-CTLKO,Two year,Electronic check,66,DSL,Yes,No,59.75,No,0.02,No,Low
9227-YBAXE,Two year,Bank transfer (automatic),65,DSL,Yes,Yes,82.5,No,0.0,No,Low
6168-WFVVF,Month-to-month,Electronic check,3,Fiber optic,No,No,70.3,Yes,0.86,Yes,Critical
9860-LISIZ,Month-to-month,Mailed check,34,No,No internet service,No internet service,20.35,No,0.02,No,Low
0112-QAWRZ,Month-to-month,Bank transfer (automatic),16,Fiber optic,No,No,90.8,No,0.14,No,Low
0877-SDMBN,One year,Bank transfer (automatic),54,Fiber optic,Yes,No,103.95,Yes,0.71,Yes,High
2786-GCDPI,Month-to-month,Electronic check,50,Fiber optic,No,Yes,104.95,No,0.08,No,Low
4043-MKDTV,Two year,Electronic check,71,Fiber optic,No,Yes,105.25,No,0.01,No,Low
8065-YKXKD,Month-to-month,Electronic check,10,Fiber optic,No,No,74.75,Yes,0.93,Yes,Critical
9637-EIHEQ,Month-to-month,Electronic check,1,DSL,No,Yes,50.8,Yes,0.8,Yes,Critical
9229-RQABD,One year,Mailed check,18,No,No internet service,No internet service,23.75,No,0.02,No,Low
8313-KTIHG,Month-to-month,Electronic check,4,DSL,No,Yes,61.3,No,0.15,No,Low
5320-BRKGK,Two year,Mailed check,58,DSL,Yes,Yes,75.8,No,0.01,No,Low
6284-KMNUF,One year,Electronic check,56,Fiber optic,Yes,No,98.0,No,0.13,No,Low
9689-PTNPG,Month-to-month,Electronic check,2,Fiber optic,No,No,80.25,Yes,0.82,Yes,Critical
9465-RWMXL,Month-to-month,Electronic check,32,Fiber optic,No,No,78.9,Yes,0.39,No,Medium
6229-UOLQL,One year,Mailed check,56,DSL,Yes,Yes,52.0,No,0.03,No,Low
2362-IBOOY,Month-to-month,Electronic check,36,Fiber optic,No,No,84.75,Yes,0.94,Yes,Critical
3137-LUPIX,Month-to-month,Mailed check,4,DSL,No,Yes,64.4,No,0.08,No,Low
0843-WTBXE,Month-to-month,Bank transfer (automatic),53,Fiber optic,No,No,85.45,Yes,0.69,Yes,High
6143-JQKEA,Month-to-month,Credit card (automatic),10,DSL,No,No,45.8,No,0.22,No,Low
8676-OOQEJ,Month-to-month,Electronic check,4,DSL,No,Yes,30.5,No,0.03,No,Low
5515-IDEJJ,Month-to-month,Mailed check,1,No,No internet service,No internet service,19.9,Yes,0.74,Yes,High
9701-CDXHR,Month-to-month,Mailed check,51,Fiber optic,No,No,69.15,No,0.27,No,Low
7450-NWRTR,Month-to-month,Electronic check,12,Fiber optic,No,No,99.45,Yes,0.94,Yes,Critical
8124-NZVGJ,One year,Mailed check,6,DSL,No,Yes,49.25,No,0.14,No,Low
2162-FRZAA,Two year,Bank transfer (automatic),63,DSL,No,Yes,39.35,No,0.0,No,Low
5376-DEQCP,Month-to-month,Electronic check,1,Fiber optic,No,No,70.6,Yes,0.8,Yes,Critical
5118-MUEYH,Month-to-month,Credit card (automatic),48,Fiber optic,No,Yes,105.1,No,0.13,No,Low
9095-HFAFX,Month-to-month,Credit card (automatic),5,Fiber optic,No,No,81.0,Yes,0.9,Yes,Critical
5627-TVBPP,One year,Credit card (automatic),35,No,No internet service,No internet service,20.1,No,0.0,No,Low
2379-ENZGV,Month-to-month,Electronic check,6,Fiber optic,No,No,84.85,Yes,0.91,Yes,Critical
3936-QQFLL,Month-to-month,Mailed check,2,No,No internet service,No internet service,19.75,No,0.02,No,Low
2589-AYCRP,One year,Bank transfer (automatic),50,No,No internet service,No internet service,19.75,No,0.0,No,Low
4067-HLYQI,Month-to-month,Bank transfer (automatic),33,Fiber optic,No,No,70.4,No,0.5,No,Medium
5124-EOGYE,Two year,Mailed check,31,No,No internet service,No internet service,20.45,No,0.0,No,Low
5057-RKGLH,Two year,Mailed check,9,No,No internet service,No internet service,20.35,No,0.0,No,Low
0292-WEGCH,Month-to-month,Electronic check,54,DSL,No,Yes,86.2,No,0.07,No,Low
8910-ICHIU,One year,Credit card (automatic),46,Fiber optic,Yes,No,95.65,No,0.05,No,Low
4097-YODCF,One year,Electronic check,34,Fiber optic,Yes,No,103.8,No,0.05,No,Low
9715-WZCLW,Two year,Electronic check,71,Fiber optic,Yes,No,97.2,No,0.13,No,Low
9786-YWNHU,Two year,Mailed check,63,DSL,Yes,Yes,63.55,No,0.01,No,Low
6407-GSJNL,Two year,Bank transfer (automatic),51,No,No internet service,No internet service,24.95,No,0.0,No,Low
6005-OBZPH,Month-to-month,Electronic check,26,Fiber optic,No,No,89.15,Yes,0.87,Yes,Critical
4049-ZPALD,Two year,Bank transfer (automatic),64,Fiber optic,Yes,No,99.0,No,0.06,No,Low
7932-WPTDS,Month-to-month,Electronic check,1,DSL,No,No,24.8,Yes,0.87,Yes,Critical
3733-UOCWF,One year,Bank transfer (automatic),61,Fiber optic,No,Yes,85.55,No,0.04,No,Low
6833-JMZYP,Month-to-month,Credit card (automatic),15,Fiber optic,No,No,94.0,No,0.25,No,Low
2722-VOJQL,One year,Credit card (automatic),64,Fiber optic,No,Yes,105.65,Yes,0.73,Yes,High
1310-QRITU,Month-to-month,Electronic check,18,DSL,No,No,50.3,No,0.34,No,Medium
8961-QDZZJ,One year,Electronic check,57,Fiber optic,No,No,95.0,No,0.14,No,Low
9715-SBVSU,Two year,Bank transfer (automatic),14,DSL,Yes,No,61.4,No,0.03,No,Low
8490-BXHEO,Month-to-month,Credit card (automatic),18,Fiber optic,No,No,80.55,No,0.29,No,Low
7173-TETGO,Two year,Bank transfer (automatic),72,Fiber optic,Yes,No,78.5,No,0.0,No,Low
7929-SKFGK,Two year,Credit card (automatic),70,Fiber optic,Yes,Yes,114.3,No,0.01,No,Low
2300-RQGOI,Two year,Mailed check,38,No,No internet service,No internet service,20.05,No,0.0,No,Low
3563-SVYLG,Two year,Credit card (automatic),68,DSL,Yes,Yes,62.65,No,0.01,No,Low
5228-EXCET,Month-to-month,Electronic check,13,Fiber optic,No,No,80.85,Yes,0.34,No,Medium
6435-VWCCY,Two year,Credit card (automatic),65,Fiber optic,Yes,No,92.7,No,0.03,No,Low
4998-IKFSE,Month-to-month,Electronic check,30,Fiber optic,No,No,100.45,No,0.1,No,Low
8630-QSGXK,Two year,Bank transfer (automatic),51,DSL,No,Yes,75.2,No,0.0,No,Low
2455-USLMV,Month-to-month,Credit card (automatic),31,Fiber optic,Yes,No,84.75,No,0.13,No,Low
7394-FKDNK,Month-to-month,Electronic check,9,Fiber optic,No,No,89.45,Yes,0.9,Yes,Critical
9488-FVZCC,Two year,Bank transfer (automatic),72,DSL,Yes,Yes,79.5,No,0.0,No,Low
6331-LWDTQ,Month-to-month,Credit card (automatic),10,DSL,No,No,72.15,Yes,0.34,No,Medium
5995-WWKKG,One year,Electronic check,37,No,No internet service,No internet service,19.8,No,0.01,No,Low
1597-FZREH,Month-to-month,Electronic check,2,DSL,No,Yes,76.4,Yes,0.76,Yes,Critical
7879-CGSFV,One year,Mailed check,55,Fiber optic,Yes,No,100.9,No,0.14,No,Low
9921-EZKBY,Month-to-month,Bank transfer (automatic),33,Fiber optic,Yes,No,95.3,No,0.11,No,Low
7432-FFVAR,One year,Bank transfer (automatic),46,Fiber optic,No,Yes,90.95,No,0.01,No,Low
7246-ZGQDF,Month-to-month,Electronic check,1,DSL,Yes,Yes,54.5,No,0.17,No,Low
7000-WCEVQ,Month-to-month,Mailed check,20,DSL,No,No,61.6,Yes,0.76,Yes,Critical
0727-IWKVK,Month-to-month,Electronic check,9,Fiber optic,No,No,79.9,Yes,0.93,Yes,Critical
5959-BELXA,Month-to-month,Credit card (automatic),32,Fiber optic,No,No,96.15,Yes,0.92,Yes,Critical
4456-RHSNB,Month-to-month,Bank transfer (automatic),19,DSL,No,No,49.6,No,0.04,No,Low
3512-IZIKN,Two year,Credit card (automatic),70,DSL,Yes,Yes,65.3,Yes,0.54,Yes,Medium
2481-SBOYW,Two year,Credit card (automatic),61,No,No internet service,No internet service,25.0,No,0.0,No,Low
7109-MFBYV,Month-to-month,Electronic check,26,DSL,No,No,45.45,No,0.13,No,Low
1833-TCXKK,Month-to-month,Bank transfer (automatic),45,Fiber optic,No,No,107.75,No,0.72,Yes,High
1832-PEUTS,Two year,Credit card (automatic),62,Fiber optic,No,No,89.1,No,0.01,No,Low
6141-OOXUQ,Month-to-month,Mailed check,1,No,No internet service,No internet service,19.65,Yes,0.5053571428571428,Yes,Medium
8660-BUETV,Month-to-month,Mailed check,3,DSL,No,No,44.75,No,0.17,No,Low
0580-PIQHM,One year,Bank transfer (automatic),41,Fiber optic,Yes,No,101.6,No,0.04,No,Low
5696-CEIQJ,Two year,Bank transfer (automatic),67,Fiber optic,No,Yes,103.15,No,0.07,No,Low
7503-ZGUZJ,Month-to-month,Mailed check,1,Fiber optic,No,No,84.65,Yes,0.91,Yes,Critical
1696-HXOWK,One year,Mailed check,71,Fiber optic,Yes,No,95.65,No,0.02,No,Low
3026-ATZYV,One year,Bank transfer (automatic),37,DSL,Yes,No,75.1,No,0.06,No,Low
4012-YCFAI,Two year,Mailed check,60,DSL,Yes,Yes,61.35,No,0.0,No,Low
2506-TNFCO,Month-to-month,Electronic check,1,Fiber optic,No,No,69.55,Yes,0.93,Yes,Critical
9970-QBCDA,Month-to-month,Credit card (automatic),6,No,No internet service,No internet service,19.7,No,0.15,No,Low
8718-PTMEZ,Month-to-month,Electronic check,13,DSL,No,No,31.05,Yes,0.71,Yes,High
9496-IVVRP,Month-to-month,Bank transfer (automatic),11,DSL,Yes,No,51.0,No,0.04,No,Low
2207-OBZNX,Month-to-month,Mailed check,7,DSL,Yes,No,51.0,Yes,0.74,Yes,High
2657-VPXTA,Month-to-month,Electronic check,10,Fiber optic,No,No,88.85,No,0.28,No,Low
6551-VLJMV,Two year,Credit card (automatic),34,No,No internet service,No internet service,20.05,No,0.0,No,Low
1221-GHZEP,Two year,Mailed check,62,DSL,Yes,Yes,65.1,No,0.01,No,Low
9289-LBQVU,One year,Mailed check,64,DSL,No,Yes,70.15,No,0.17,No,Low
6142-VSJQO,Month-to-month,Bank transfer (automatic),1,DSL,No,No,44.35,Yes,0.81,Yes,Critical
3458-IDMFK,Two year,Mailed check,25,No,No internet service,No internet service,20.75,No,0.0,No,Low
6933-FHBZC,One year,Mailed check,26,DSL,No,No,56.05,No,0.09,No,Low
0221-NAUXK,One year,Bank transfer (automatic),10,No,No internet service,No internet service,19.95,No,0.02,No,Low
9770-KXGQU,One year,Mailed check,53,Fiber optic,Yes,No,98.6,No,0.01,No,Low
6437-UKHMV,Month-to-month,Electronic check,7,Fiber optic,No,No,79.7,Yes,0.97,Yes,Critical
6538-POCHL,Month-to-month,Credit card (automatic),33,Fiber optic,No,No,79.0,No,0.17,No,Low
6726-NNFWD,Two year,Credit card (automatic),71,Fiber optic,No,No,89.45,No,0.1,No,Low
3002-WQZWT,Month-to-month,Electronic check,29,Fiber optic,No,No,74.2,No,0.13,No,Low
4277-UDIEF,Month-to-month,Bank transfer (automatic),24,DSL,Yes,Yes,81.0,No,0.08,No,Low
1208-NBVFH,Month-to-month,Electronic check,20,DSL,No,No,49.6,No,0.13,No,Low
4912-PIGUY,Month-to-month,Electronic check,1,Fiber optic,No,No,84.6,No,0.37,No,Medium
1114-CENIM,Month-to-month,Credit card (automatic),54,DSL,No,No,55.0,Yes,0.69,Yes,High
6060-DRTNL,Month-to-month,Mailed check,5,Fiber optic,No,No,84.85,Yes,0.95,Yes,Critical
2725-TTRIQ,Two year,Bank transfer (automatic),72,DSL,Yes,Yes,84.2,No,0.0,No,Low
3374-TTZTK,Two year,Electronic check,52,Fiber optic,Yes,Yes,106.3,No,0.09,No,Low
8990-ZXLSU,Month-to-month,Electronic check,9,Fiber optic,No,No,69.05,No,0.33,No,Medium
2275-RBYQS,Month-to-month,Mailed check,1,DSL,No,No,45.4,No,0.23,No,Low
8473-VUVJN,Month-to-month,Electronic check,1,Fiber optic,No,No,73.65,Yes,0.97,Yes,Critical
6289-CPNLD,One year,Mailed check,33,DSL,No,Yes,73.9,Yes,0.62,Yes,High
5536-SLHPM,Month-to-month,Electronic check,55,Fiber optic,No,No,77.75,Yes,0.8,Yes,Critical
4419-UJMUS,Two year,Electronic check,69,Fiber optic,No,Yes,99.35,No,0.1,No,Low
7794-JASDG,Month-to-month,Mailed check,1,DSL,Yes,No,50.75,No,0.12,No,Low
7609-YBPXG,Two year,Bank transfer (automatic),54,DSL,Yes,Yes,87.1,No,0.0,No,Low
5519-TEEUH,One year,Mailed check,33,No,No internet service,No internet service,20.15,No,0.0,No,Low
7856-GANIL,One year,Bank transfer (automatic),45,Fiber optic,No,Yes,98.7,No,0.06,No,Low
0804-XBFBV,Month-to-month,Electronic check,11,DSL,No,No,25.2,No,0.13,No,Low
2676-OXPPQ,Month-to-month,Bank transfer (automatic),6,DSL,Yes,No,55.7,No,0.08,No,Low
3703-TTEPD,Month-to-month,Bank transfer (automatic),21,DSL,Yes,No,65.35,No,0.02,No,Low
2799-TSLAG,Two year,Bank transfer (automatic),65,No,No internet service,No internet service,25.3,No,0.0,No,Low
0196-VULGZ,Month-to-month,Electronic check,6,Fiber optic,No,No,84.35,Yes,0.97,Yes,Critical
8837-VVWLQ,Month-to-month,Electronic check,8,Fiber optic,Yes,No,84.95,Yes,0.79,Yes,Critical
2696-NARTR,Month-to-month,Electronic check,11,Fiber optic,No,Yes,73.85,Yes,0.76,Yes,Critical
2208-NKVVH,Two year,Mailed check,43,No,No internet service,No internet service,24.25,No,0.0,No,Low
7614-QVWQL,One year,Bank transfer (automatic),49,DSL,No,No,51.8,Yes,0.64,Yes,High
1976-CFOCS,Month-to-month,Electronic check,1,DSL,No,No,46.0,Yes,0.84,Yes,Critical
4631-OACRM,Month-to-month,Electronic check,15,Fiber optic,No,No,79.4,Yes,0.39,No,Medium
7139-JZFVG,Two year,Bank transfer (automatic),60,DSL,Yes,No,60.5,No,0.01,No,Low
4987-GQWPO,Month-to-month,Credit card (automatic),17,DSL,No,No,25.1,No,0.05,No,Low
3755-JBMNH,Month-to-month,Bank transfer (automatic),16,Fiber optic,No,No,71.8,Yes,0.83,Yes,Critical
1757-TCATG,One year,Bank transfer (automatic),35,No,No internet service,No internet service,20.05,No,0.0,No,Low
6345-ULYRW,One year,Mailed check,44,Fiber optic,No,No,88.4,Yes,0.66,Yes,High
4776-XSKYQ,One year,Credit card (automatic),12,DSL,No,Yes,30.25,No,0.08,No,Low
8048-DSDFQ,Month-to-month,Mailed check,1,No,No internet service,No internet service,20.2,No,0.2640912698412698,No,Low
5753-QQWPW,One year,Electronic check,28,DSL,Yes,Yes,59.9,No,0.04,No,Low
6010-DDPPW,Two year,Bank transfer (automatic),70,No,No internet service,No internet service,25.15,No,0.0,No,Low
1809-DMJHQ,Month-to-month,Mailed check,5,DSL,No,No,46.0,Yes,0.28,No,Low
6693-FRIRW,Month-to-month,Credit card (automatic),18,Fiber optic,No,No,101.3,No,0.14,No,Low
6586-MYGKD,Two year,Credit card (automatic),70,DSL,Yes,Yes,76.95,No,0.04,No,Low
3173-NVMPX,Month-to-month,Mailed check,9,DSL,No,No,55.3,No,0.14,No,Low
0248-PGHBZ,Two year,Bank transfer (automatic),67,Fiber optic,Yes,Yes,92.45,No,0.04,No,Low
0623-GDISB,Month-to-month,Bank transfer (automatic),1,DSL,Yes,No,48.45,No,0.17,No,Low
2892-GESUL,Two year,Mailed check,18,No,No internet service,No internet service,19.35,No,0.0,No,Low
6923-EFPNL,Month-to-month,Credit card (automatic),4,DSL,No,No,51.75,Yes,0.82,Yes,Critical
7472-EQOAV,One year,Bank transfer (automatic),71,Fiber optic,Yes,No,86.7,No,0.03,No,Low
9574-RKJIF,Month-to-month,Electronic check,30,Fiber optic,Yes,No,94.4,Yes,0.7,Yes,High
2043-WVTQJ,Month-to-month,Mailed check,1,DSL,Yes,No,55.7,No,0.13,No,Low
8034-RYTVV,One year,Credit card (automatic),55,Fiber optic,Yes,No,84.25,No,0.04,No,Low
3863-QSTYI,Month-to-month,Electronic check,59,DSL,No,Yes,64.65,No,0.05,No,Low
2619-WFQWU,Month-to-month,Mailed check,1,Fiber optic,No,No,70.15,Yes,0.96,Yes,Critical
5044-LRQAQ,Month-to-month,Bank transfer (automatic),7,Fiber optic,No,No,69.2,No,0.1,No,Low
1716-LSAMB,Two year,Bank transfer (automatic),45,DSL,Yes,Yes,54.65,No,0.01,No,Low
1333-PBMXB,One year,Bank transfer (automatic),54,No,No internet service,No internet service,24.75,No,0.0,No,Low
6546-OPBBH,One year,Mailed check,51,No,No internet service,No internet service,23.95,No,0.0,No,Low
5985-BEHZK,One year,Credit card (automatic),72,Fiber optic,No,No,105.0,No,0.01,No,Low
9127-QRZMH,One year,Bank transfer (automatic),44,DSL,Yes,Yes,59.85,No,0.01,No,Low
5919-VCZYM,Month-to-month,Mailed check,2,No,No internet service,No internet service,20.05,No,0.0,No,Low
9644-KVCNC,One year,Bank transfer (automatic),66,Fiber optic,No,No,92.15,No,0.06,No,Low
2137-DQMEV,One year,Mailed check,68,DSL,Yes,No,44.8,No,0.02,No,Low
8174-LNWMW,Two year,Credit card (automatic),31,No,No internet service,No internet service,20.9,No,0.02,No,Low
9279-CJEOJ,Month-to-month,Bank transfer (automatic),21,Fiber optic,No,No,95.4,No,0.59,Yes,High
7964-VEXDG,Month-to-month,Electronic check,21,Fiber optic,Yes,No,80.35,No,0.07,No,Low
2404-JIBFC,Two year,Bank transfer (automatic),55,DSL,Yes,Yes,85.1,No,0.01,No,Low
0778-NELLA,Month-to-month,Credit card (automatic),9,DSL,No,No,34.7,Yes,0.32,No,Medium
8029-XYPWT,Two year,Bank transfer (automatic),71,Fiber optic,Yes,Yes,115.05,No,0.0,No,Low
4614-NUVZD,Month-to-month,Electronic check,1,Fiber optic,No,No,81.1,Yes,1.0,Yes,Critical
4632-PAOYU,One year,Mailed check,22,No,No internet service,No internet service,19.95,No,0.0,No,Low
3803-KMQFW,Month-to-month,Mailed check,1,No,No internet service,No internet service,20.55,Yes,0.8375,Yes,Critical
6804-GDMOI,Two year,Electronic check,61,Fiber optic,No,Yes,106.6,Yes,0.78,Yes,Critical
2990-OGYTD,Two year,Bank transfer (automatic),67,DSL,No,Yes,86.15,No,0.0,No,Low
6646-JPPHA,Month-to-month,Electronic check,14,Fiber optic,Yes,No,78.85,No,0.06,No,Low
9572-MTILT,Month-to-month,Electronic check,59,Fiber optic,Yes,Yes,106.75,Yes,0.57,Yes,High
7658-UYUQS,Month-to-month,Bank transfer (automatic),21,Fiber optic,No,No,86.55,No,0.08,No,Low
7880-XSOJX,Month-to-month,Mailed check,4,DSL,Yes,Yes,42.4,No,0.16,No,Low
9611-CTWIH,Month-to-month,Electronic check,3,Fiber optic,No,No,89.45,Yes,0.76,Yes,Critical
4589-IUAJB,Two year,Bank transfer (automatic),70,No,No internet service,No internet service,24.25,No,0.0,No,Low
0329-GTIAJ,Month-to-month,Electronic check,3,Fiber optic,No,Yes,97.9,Yes,0.85,Yes,Critical
8746-BFOAJ,One year,Bank transfer (automatic),21,No,No internet service,No internet service,20.5,No,0.0,No,Low
8457-XIGKN,Month-to-month,Credit card (automatic),20,No,No internet service,No internet service,19.6,No,0.08,No,Low
6072-NUQCB,One year,Bank transfer (automatic),22,No,No internet service,No internet service,20.25,No,0.0,No,Low
6629-CZTTH,Month-to-month,Mailed check,1,DSL,No,No,55.7,Yes,0.75,Yes,Critical
8838-GPHZP,Two year,Mailed check,63,No,No internet service,No internet service,20.6,No,0.0,No,Low
8750-QWZAJ,Two year,Bank transfer (automatic),70,No,No internet service,No internet service,19.8,No,0.0,No,Low
5364-EVNIB,Month-to-month,Electronic check,13,Fiber optic,No,No,79.8,Yes,0.94,Yes,Critical
6918-UMQCG,Month-to-month,Electronic check,5,Fiber optic,No,No,80.2,No,0.26,No,Low
0675-NCDYU,Two year,Credit card (automatic),72,Fiber optic,Yes,Yes,116.4,No,0.0,No,Low
6339-DKLMK,Month-to-month,Electronic check,13,DSL,No,No,31.65,No,0.27,No,Low
1346-PJWTK,Month-to-month,Credit card (automatic),61,Fiber optic,No,Yes,94.15,No,0.18,No,Low
5088-QZLRL,Month-to-month,Electronic check,1,No,No internet service,No internet service,20.65,No,0.14,No,Low
8023-QHAIO,Month-to-month,Bank transfer (automatic),56,Fiber optic,No,Yes,76.85,No,0.07,No,Low
4397-FRLTA,Month-to-month,Mailed check,4,No,No internet service,No internet service,20.15,No,0.02,No,Low
3057-VJJQE,Two year,Mailed check,35,DSL,Yes,No,55.25,No,0.0,No,Low
5087-SUURX,Month-to-month,Electronic check,18,DSL,No,No,39.05,Yes,0.82,Yes,Critical
2302-OUZXB,Two year,Bank transfer (automatic),72,DSL,No,No,82.15,No,0.02,No,Low
8133-ANHHJ,One year,Bank transfer (automatic),49,Fiber optic,Yes,Yes,103.0,No,0.02,No,Low
2270-CHBFN,Month-to-month,Credit card (automatic),44,Fiber optic,Yes,Yes,95.1,No,0.08,No,Low
0013-EXCHZ,Month-to-month,Mailed check,3,Fiber optic,No,Yes,83.9,Yes,0.83,Yes,Critical
5982-FPVQN,Month-to-month,Electronic check,37,Fiber optic,No,No,95.15,No,0.19,No,Low
9107-UKCKY,One year,Electronic check,61,DSL,No,No,79.8,No,0.23,No,Low
4654-ULTTN,Two year,Credit card (automatic),70,DSL,Yes,Yes,74.8,No,0.05,No,Low
5550-VFRLC,Month-to-month,Electronic check,1,Fiber optic,No,No,69.85,Yes,1.0,Yes,Critical
5546-BYZSM,Month-to-month,Electronic check,41,No,No internet service,No internet service,20.45,No,0.02,No,Low
1492-KGETH,One year,Bank transfer (automatic),70,DSL,Yes,Yes,78.35,No,0.08,No,Low
4929-BSTRX,Month-to-month,Mailed check,1,DSL,No,No,53.55,Yes,0.83,Yes,Critical
4163-HFTUK,One year,Electronic check,51,No,No internet service,No internet service,19.1,No,0.0,No,Low
8215-NGSPE,Two year,Mailed check,42,No,No internet service,No internet service,20.0,No,0.0,No,Low
2225-ZRGSG,Two year,Bank transfer (automatic),70,Fiber optic,Yes,Yes,93.9,Yes,0.66,Yes,High
8859-YSTWS,One year,Bank transfer (automatic),48,No,No internet service,No internet service,19.95,No,0.0,No,Low
5271-YNWVR,Two year,Electronic check,68,Fiber optic,Yes,Yes,113.15,Yes,0.05,No,Low
7601-DHFWZ,Two year,Credit card (automatic),48,No,No internet service,No internet service,24.0,No,0.04,No,Low
2657-ALMWY,Month-to-month,Electronic check,26,Fiber optic,No,No,84.95,Yes,0.78,Yes,Critical
6330-JKLPC,Month-to-month,Bank transfer (automatic),11,Fiber optic,No,No,80.5,Yes,0.87,Yes,Critical
4667-OHGKG,Month-to-month,Mailed check,1,No,No internet service,No internet service,19.3,Yes,0.19,No,Low
1998-VHJHK,One year,Mailed check,27,No,No internet service,No internet service,19.15,No,0.0,No,Low
1707-HABPF,One year,Bank transfer (automatic),46,Fiber optic,No,No,91.3,No,0.1,No,Low
1660-HSOOQ,Month-to-month,Mailed check,1,DSL,No,No,49.65,Yes,0.85,Yes,Critical
7253-UVNDW,Two year,Credit card (automatic),46,DSL,No,Yes,54.35,Yes,0.66,Yes,High
0487-VVUVK,Month-to-month,Mailed check,25,No,No internet service,No internet service,19.15,No,0.06,No,Low
7228-OMTPN,Month-to-month,Electronic check,4,Fiber optic,No,No,88.45,Yes,0.88,Yes,Critical
5063-IUOKK,Two year,Mailed check,13,No,No internet service,No internet service,19.75,No,0.01,No,Low
4508-OEBEY,One year,Credit card (automatic),31,DSL,Yes,Yes,75.5,No,0.07,No,Low
0027-KWYKW,Month-to-month,Electronic check,23,Fiber optic,No,No,83.75,No,0.1,No,Low
2308-STERM,Month-to-month,Mailed check,2,No,No internet service,No internet service,19.4,No,0.2,No,Low
5982-XMDEX,Two year,Bank transfer (automatic),65,No,No internet service,No internet service,26.5,No,0.0,No,Low
6284-AHOOQ,Month-to-month,Bank transfer (automatic),22,Fiber optic,No,Yes,90.5,Yes,0.22,No,Low
6051-PTVNS,One year,Credit card (automatic),55,No,No internet service,No internet service,19.15,No,0.0,No,Low
2344-JMOGN,Month-to-month,Mailed check,9,Fiber optic,No,Yes,94.85,Yes,0.85,Yes,Critical
3799-ISUZQ,Month-to-month,Bank transfer (automatic),7,Fiber optic,No,No,69.95,Yes,0.79,Yes,Critical
2877-VDUER,One year,Mailed check,35,DSL,No,Yes,40.9,No,0.12,No,Low
9152-AMKAK,Two year,Mailed check,6,DSL,Yes,Yes,80.25,No,0.04,No,Low
1794-HBQTJ,Month-to-month,Credit card (automatic),1,DSL,Yes,No,48.6,Yes,0.68,Yes,High
9432-VOFYX,Month-to-month,Electronic check,17,Fiber optic,No,No,70.8,No,0.14,No,Low
8049-WJCLQ,Month-to-month,Mailed check,10,DSL,No,No,60.2,No,0.05,No,Low
6586-PSJOX,One year,Credit card (automatic),15,DSL,No,Yes,55.2,No,0.04,No,Low
2460-FPSYH,Month-to-month,Electronic check,40,DSL,Yes,No,55.8,Yes,0.77,Yes,Critical
9705-ZJBCG,One year,Bank transfer (automatic),13,DSL,Yes,Yes,54.15,No,0.01,No,Low
4818-DRBQT,Month-to-month,Bank transfer (automatic),29,Fiber optic,No,No,80.15,Yes,0.66,Yes,High
1320-HTRDR,Month-to-month,Electronic check,3,Fiber optic,No,No,75.5,Yes,0.84,Yes,Critical
6847-KJLTS,Month-to-month,Bank transfer (automatic),58,Fiber optic,No,Yes,100.4,No,0.17,No,Low
9670-BPNXF,One year,Credit card (automatic),45,DSL,Yes,Yes,62.55,No,0.04,No,Low
3913-FCUUW,Two year,Bank transfer (automatic),72,DSL,Yes,Yes,70.45,No,0.03,No,Low
3301-VKTGC,One year,Bank transfer (automatic),68,Fiber optic,Yes,No,85.5,No,0.04,No,Low
1493-AMTIE,Month-to-month,Bank transfer (automatic),1,No,No internet service,No internet service,20.2,Yes,0.37,No,Medium
9555-SAHUZ,Month-to-month,Electronic check,38,DSL,Yes,No,54.5,No,0.06,No,Low
0816-TSPHQ,Month-to-month,Mailed check,2,No,No internet service,No internet service,20.75,No,0.1,No,Low
9932-WBWIK,Month-to-month,Mailed check,11,No,No internet service,No internet service,20.35,No,0.02,No,Low
4619-EVPHY,One year,Bank transfer (automatic),20,Fiber optic,No,No,91.0,No,0.15,No,Low
5286-YHCVC,Two year,Bank transfer (automatic),72,Fiber optic,No,No,104.8,No,0.07,No,Low
6424-ELEYH,Month-to-month,Credit card (automatic),3,Fiber optic,No,No,74.75,Yes,0.98,Yes,Critical
4391-RESHN,Month-to-month,Mailed check,23,Fiber optic,No,Yes,104.05,Yes,0.73,Yes,High
9115-YQHGA,Month-to-month,Electronic check,40,DSL,No,Yes,51.1,No,0.08,No,Low
4462-CYWMH,Month-to-month,Bank transfer (automatic),62,Fiber optic,No,No,89.8,No,0.11,No,Low
8963-MQVYN,Month-to-month,Electronic check,22,No,No internet service,No internet service,20.55,No,0.08,No,Low
2458-EOMRE,Month-to-month,Bank transfer (automatic),11,DSL,Yes,No,64.05,No,0.08,No,Low
9334-GWGOW,Month-to-month,Electronic check,7,Fiber optic,No,No,74.85,No,0.72,Yes,High
6821-BUXUX,Month-to-month,Electronic check,13,Fiber optic,Yes,No,96.65,Yes,0.84,Yes,Critical
5028-HTLJB,Month-to-month,Mailed check,1,No,No internet service,No internet service,20.05,Yes,0.8,Yes,Critical
9801-GDWGV,Month-to-month,Electronic check,39,Fiber optic,No,No,103.45,Yes,0.81,Yes,Critical
6542-LWGXJ,Month-to-month,Mailed check,3,DSL,No,No,25.0,No,0.44,No,Medium
5567-GZKQY,Two year,Credit card (automatic),58,No,No internet service,No internet service,20.3,No,0.0,No,Low
1222-LRYKO,Month-to-month,Mailed check,6,No,No internet service,No internet service,26.35,No,0.04,No,Low
2320-JRSDE,Month-to-month,Electronic check,1,No,No internet service,No internet service,19.9,Yes,0.77,Yes,Critical
2087-QAREY,Month-to-month,Mailed check,22,DSL,No,No,54.7,No,0.14,No,Low
0601-WZHJF,Month-to-month,Electronic check,14,DSL,No,No,46.35,Yes,0.81,Yes,Critical
4423-JWZJN,One year,Credit card (automatic),64,Fiber optic,No,No,90.25,No,0.04,No,Low
5143-WMWOG,Month-to-month,Electronic check,1,No,No internet service,No internet service,19.95,Yes,0.7140000000000001,Yes,High
6490-FGZAT,Month-to-month,Mailed check,6,No,No internet service,No internet service,20.65,No,0.03,No,Low
5393-RXQSZ,Month-to-month,Electronic check,1,Fiber optic,No,No,79.6,Yes,0.98,Yes,Critical
7452-FOLON,One year,Bank transfer (automatic),39,No,No internet service,No internet service,25.45,No,0.01,No,Low
2320-TZRRH,One year,Mailed check,20,No,No internet service,No internet service,19.5,No,0.0,No,Low
0231-LXVAP,Month-to-month,Electronic check,1,Fiber optic,No,Yes,75.9,Yes,0.79,Yes,Critical
9444-JTXHZ,Month-to-month,Electronic check,1,Fiber optic,No,No,76.2,Yes,0.94,Yes,Critical
4942-VZZOM,One year,Credit card (automatic),64,DSL,Yes,No,66.15,No,0.0,No,Low
5510-BOIUJ,Month-to-month,Mailed check,1,No,No internet service,No internet service,19.25,Yes,0.72,Yes,High
7502-BNYGS,Month-to-month,Credit card (automatic),46,DSL,No,No,69.1,No,0.06,No,Low
4291-HYEBC,One year,Electronic check,28,DSL,No,No,39.1,No,0.07,No,Low
6147-CBCRA,Month-to-month,Mailed check,33,No,No internet service,No internet service,20.05,No,0.01,No,Low
6047-SUHPR,One year,Electronic check,39,DSL,Yes,No,59.8,No,0.06,No,Low
4471-KXAUH,Month-to-month,Electronic check,42,Fiber optic,No,Yes,84.3,Yes,0.84,Yes,Critical
9752-ZNQUT,Month-to-month,Electronic check,1,DSL,No,No,48.6,No,0.42,No,Medium
7638-QVMVY,Month-to-month,Electronic check,7,Fiber optic,No,No,79.0,Yes,0.95,Yes,Critical
1576-PFZIW,Two year,Credit card (automatic),70,Fiber optic,Yes,No,105.35,No,0.0,No,Low
5666-MBJPT,Two year,Bank transfer (automatic),65,No,No internet service,No internet service,25.1,No,0.01,No,Low
7312-XSBAT,Month-to-month,Electronic check,1,DSL,Yes,No,49.75,No,0.08,No,Low
3096-GKWEB,Month-to-month,Electronic check,18,Fiber optic,No,No,94.75,No,0.29,No,Low
2371-JQHZZ,Month-to-month,Electronic check,24,Fiber optic,No,No,93.0,No,0.25,No,Low
0674-GCDXG,Two year,Bank transfer (automatic),63,DSL,Yes,Yes,71.9,No,0.01,No,Low
1121-QSIVB,One year,Mailed check,44,DSL,No,No,77.55,No,0.04,No,Low
4396-KLSEH,Month-to-month,Electronic check,4,No,No internet service,No internet service,19.85,No,0.11,No,Low
3244-DCJWY,Month-to-month,Electronic check,1,Fiber optic,No,No,70.25,Yes,0.31,No,Medium
2824-MYYBN,Month-to-month,Electronic check,37,Fiber optic,No,No,95.25,No,0.29,No,Low
0875-CABNR,Month-to-month,Credit card (automatic),10,Fiber optic,No,No,84.6,Yes,0.8,Yes,Critical
6345-HOVES,Month-to-month,Bank transfer (automatic),34,DSL,No,No,25.05,No,0.09,No,Low
8318-LCNBW,One year,Credit card (automatic),35,DSL,Yes,No,53.15,No,0.02,No,Low
6469-QJKZW,Month-to-month,Electronic check,4,No,No internet service,No internet service,20.15,No,0.06,No,Low
0147-ESWWR,Month-to-month,Electronic check,39,Fiber optic,No,Yes,101.25,No,0.16,No,Low
1217-VASWC,One year,Bank transfer (automatic),43,Fiber optic,No,No,100.55,No,0.24,No,Low
7812-FZHPE,Month-to-month,Mailed check,17,No,No internet service,No internet service,24.1,Yes,0.58,Yes,High
6370-ZVHDV,Two year,Bank transfer (automatic),61,No,No internet service,No internet service,25.3,No,0.0,No,Low
5915-DGNVC,One year,Electronic check,49,DSL,Yes,No,71.8,No,0.0,No,Low
6260-XLACS,One year,Mailed check,4,No,No internet service,No internet service,19.7,No,0.0,No,Low
3566-CAAYU,Two year,Electronic check,64,DSL,No,Yes,49.85,No,0.07,No,Low
4983-CCWMC,Month-to-month,Mailed check,3,Fiber optic,No,No,69.6,No,0.67,Yes,High
9103-CXVOK,Month-to-month,Electronic check,1,No,No internet service,No internet service,19.75,No,0.12,No,Low
2896-TBNBE,One year,Electronic check,40,Fiber optic,No,No,80.8,No,0.09,No,Low
4797-AXPXK,Month-to-month,Electronic check,1,DSL,Yes,Yes,60.0,Yes,0.77,Yes,Critical
5229-PRWKT,Month-to-month,Electronic check,8,Fiber optic,No,No,86.55,Yes,0.94,Yes,Critical
6982-UQZLY,Month-to-month,Mailed check,1,No,No internet service,No internet service,20.85,Yes,0.84,Yes,Critical
2522-WLNSF,One year,Bank transfer (automatic),34,DSL,No,Yes,64.2,No,0.06,No,Low
3841-CONLJ,Month-to-month,Electronic check,1,DSL,No,No,35.0,No,0.38,No,Medium
5057-LCOUI,Month-to-month,Electronic check,39,DSL,No,No,50.75,Yes,0.72,Yes,High
0193-ESZXP,One year,Credit card (automatic),58,Fiber optic,Yes,Yes,105.5,Yes,0.67,Yes,High
4475-NVTLU,Two year,Electronic check,45,No,No internet service,No internet service,19.2,No,0.0,No,Low
4369-HTUIF,Month-to-month,Bank transfer (automatic),6,Fiber optic,Yes,No,85.15,Yes,0.84,Yes,Critical
9386-LDCZR,One year,Credit card (automatic),43,Fiber optic,Yes,Yes,90.65,No,0.01,No,Low
9585-KKMFD,Two year,Mailed check,41,No,No internet service,No internet service,20.0,No,0.01,No,Low
5399-ZIMKF,Month-to-month,Electronic check,5,Fiber optic,No,No,74.65,No,0.18,No,Low
0336-KXKFK,Two year,Credit card (automatic),72,DSL,Yes,Yes,61.2,No,0.0,No,Low
5619-XZZKR,One year,Mailed check,4,No,No internet service,No internet service,19.95,No,0.01,No,Low
3948-FVVRP,Month-to-month,Mailed check,9,DSL,No,Yes,54.8,No,0.18,No,Low
5327-XOKKY,Two year,Credit card (automatic),72,DSL,No,No,73.45,No,0.05,No,Low
0983-TATYJ,One year,Mailed check,33,DSL,No,Yes,51.45,No,0.06,No,Low
1813-JYWTO,Two year,Bank transfer (automatic),72,Fiber optic,Yes,No,80.45,No,0.03,No,Low
0156-FVPTA,Month-to-month,Electronic check,22,DSL,Yes,Yes,54.2,Yes,0.7,Yes,High
1984-FCOWB,One year,Electronic check,70,Fiber optic,No,Yes,109.5,Yes,0.79,Yes,Critical
0654-HMSHN,Month-to-month,Electronic check,21,Fiber optic,No,No,104.4,Yes,0.87,Yes,Critical
6719-OXYBR,Month-to-month,Electronic check,15,Fiber optic,No,No,85.3,No,0.13,No,Low
3312-ZWLGF,Month-to-month,Electronic check,29,Fiber optic,No,Yes,79.3,No,0.43,No,Medium
6476-YHMGA,Month-to-month,Bank transfer (automatic),15,DSL,No,Yes,76.5,No,0.02,No,Low
5287-QWLKY,Month-to-month,Credit card (automatic),71,Fiber optic,Yes,No,105.1,Yes,0.71,Yes,High
0795-XCCTE,Two year,Bank transfer (automatic),72,No,No internet service,No internet service,25.4,No,0.0,No,Low
0168-XZKBB,Month-to-month,Electronic check,19,Fiber optic,No,No,86.85,No,0.22,No,Low
3785-NRHYR,Month-to-month,Mailed check,1,No,No internet service,No internet service,19.65,No,0.5053571428571428,Yes,Medium
5196-SGOAK,Month-to-month,Electronic check,1,Fiber optic,No,No,75.7,Yes,0.92,Yes,Critical
4537-DKTAL,Month-to-month,Electronic check,2,DSL,No,No,45.55,No,0.17,No,Low
7072-MBHEV,Month-to-month,Credit card (automatic),11,Fiber optic,No,No,78.1,No,0.2,No,Low
5602-BVFMK,One year,Mailed check,12,No,No internet service,No internet service,19.3,No,0.0,No,Low
6297-NOOPG,Two year,Electronic check,70,Fiber optic,No,Yes,110.5,No,0.06,No,Low
1891-UAWWU,Month-to-month,Electronic check,20,Fiber optic,No,No,90.8,Yes,0.84,Yes,Critical
8204-TIFGJ,Month-to-month,Bank transfer (automatic),23,No,No internet service,No internet service,20.3,No,0.01,No,Low
8050-DVOJX,Two year,Credit card (automatic),49,DSL,Yes,Yes,81.35,No,0.02,No,Low
6108-OQZDQ,Month-to-month,Electronic check,4,Fiber optic,No,No,97.95,Yes,0.94,Yes,Critical
0363-QJVFX,Month-to-month,Credit card (automatic),32,Fiber optic,Yes,Yes,108.15,Yes,0.25,No,Low
8903-XEBGX,Month-to-month,Electronic check,2,DSL,No,No,55.3,No,0.63,Yes,High
8169-SAEJD,Two year,Credit card (automatic),69,DSL,Yes,No,56.55,No,0.08,No,Low
9840-DVNDC,Month-to-month,Credit card (automatic),6,Fiber optic,No,No,80.5,Yes,0.54,Yes,Medium
1089-XZWHH,Two year,Mailed check,24,No,No internet service,No internet service,19.7,No,0.0,No,Low
2325-WINES,One year,Credit card (automatic),32,Fiber optic,No,No,104.05,No,0.07,No,Low
6064-ZATLR,Two year,Bank transfer (automatic),27,DSL,Yes,No,52.85,No,0.0,No,Low
3096-JRDSO,Month-to-month,Bank transfer (automatic),27,Fiber optic,Yes,Yes,104.3,Yes,0.8,Yes,Critical
7824-PANSQ,Month-to-month,Bank transfer (automatic),58,Fiber optic,No,Yes,80.65,No,0.06,No,Low
8042-JVNFH,Month-to-month,Mailed check,1,Fiber optic,No,No,71.35,Yes,0.92,Yes,Critical
9648-BCHKM,Two year,Credit card (automatic),18,No,No internet service,No internet service,24.65,No,0.07,No,Low
2888-ADFAO,Two year,Bank transfer (automatic),47,No,No internet service,No internet service,21.3,No,0.01,No,Low
8707-HOEDG,Two year,Electronic check,70,Fiber optic,No,Yes,110.2,No,0.03,No,Low
3374-LXDEV,Month-to-month,Electronic check,13,Fiber optic,No,Yes,89.4,Yes,0.38,No,Medium
4072-IPYLT,Month-to-month,Credit card (automatic),36,DSL,Yes,No,51.05,No,0.03,No,Low
7167-PCEYD,Two year,Mailed check,67,No,No internet service,No internet service,19.8,No,0.0,No,Low
4936-YPJNK,Month-to-month,Mailed check,10,No,No internet service,No internet service,19.9,No,0.0,No,Low
1580-BMCMR,Month-to-month,Electronic check,19,Fiber optic,Yes,No,87.3,No,0.13,No,Low
4817-KEQSP,Two year,Bank transfer (automatic),71,No,No internet service,No internet service,19.85,No,0.0,No,Low
6408-WHTEF,Two year,Mailed check,72,DSL,Yes,Yes,89.4,No,0.0,No,Low
9251-AWQGT,Two year,Mailed check,48,No,No internet service,No internet service,20.0,No,0.0,No,Low
8749-CLJXC,Month-to-month,Mailed check,1,No,No internet service,No internet service,20.05,No,0.095,No,Low
7989-VCQOH,Month-to-month,Electronic check,18,DSL,Yes,Yes,83.25,No,0.07,No,Low
5049-GLYVG,Month-to-month,Mailed check,1,No,No internet service,No internet service,20.6,Yes,0.88,Yes,Critical
4199-QHJNM,Two year,Bank transfer (automatic),67,Fiber optic,No,Yes,102.9,No,0.03,No,Low
8882-TLVRW,Two year,Mailed check,69,DSL,Yes,Yes,39.1,No,0.0,No,Low
5883-GTGVD,Month-to-month,Electronic check,19,Fiber optic,No,No,99.95,Yes,0.82,Yes,Critical
5135-GRQJV,Two year,Mailed check,72,Fiber optic,Yes,Yes,114.5,No,0.0,No,Low
2384-OVPSA,Two year,Mailed check,38,No,No internet service,No internet service,20.2,No,0.01,No,Low
1371-WEPDS,One year,Electronic check,40,DSL,No,No,55.8,No,0.04,No,Low
3580-GICBM,Two year,Mailed check,61,No,No internet service,No internet service,24.2,No,0.0,No,Low
4817-QRJSX,Month-to-month,Credit card (automatic),10,Fiber optic,No,No,81.0,Yes,0.78,Yes,Critical
9730-DRTMJ,One year,Credit card (automatic),32,DSL,Yes,Yes,72.8,No,0.01,No,Low
4686-UXDML,Month-to-month,Credit card (automatic),21,Fiber optic,No,No,99.85,No,0.37,No,Medium
3349-ANQNH,One year,Electronic check,59,Fiber optic,No,No,99.5,No,0.28,No,Low
2398-YPMUR,Month-to-month,Electronic check,13,Fiber optic,No,No,70.15,Yes,0.77,Yes,Critical
0932-YIXYU,Two year,Credit card (automatic),47,No,No internet service,No internet service,20.25,No,0.0,No,Low
7480-SPLEF,Two year,Bank transfer (automatic),69,No,No internet service,No internet service,26.0,No,0.0,No,Low
7636-XUHWW,Month-to-month,Credit card (automatic),2,No,No internet service,No internet service,19.9,No,0.09,No,Low
1431-CYWMH,Month-to-month,Bank transfer (automatic),22,No,No internet service,No internet service,19.05,No,0.01,No,Low
5937-EORGB,Month-to-month,Electronic check,15,Fiber optic,Yes,No,96.5,No,0.32,No,Medium
6349-JDHQP,Two year,Credit card (automatic),53,No,No internet service,No internet service,19.85,No,0.02,No,Low
5539-HIVAK,Month-to-month,Mailed check,28,No,No internet service,No internet service,25.7,No,0.04,No,Low
5847-MXBEO,One year,Mailed check,22,No,No internet service,No internet service,20.3,No,0.0,No,Low
9985-MWVIX,Month-to-month,Mailed check,1,Fiber optic,No,No,70.15,Yes,0.96,Yes,Critical
4583-PARNH,Month-to-month,Electronic check,16,Fiber optic,No,Yes,91.55,No,0.21,No,Low
1116-FRYVH,Two year,Mailed check,48,DSL,Yes,Yes,39.4,No,0.0,No,Low
1421-HCERK,Month-to-month,Bank transfer (automatic),30,Fiber optic,Yes,Yes,105.7,No,0.1,No,Low
9633-XQABV,Month-to-month,Electronic check,3,Fiber optic,No,No,70.25,No,0.23,No,Low
0716-BQNDX,Two year,Electronic check,57,Fiber optic,Yes,Yes,93.75,No,0.05,No,Low
1265-XTECC,One year,Credit card (automatic),68,Fiber optic,Yes,No,96.55,Yes,0.62,Yes,High
1183-CANVH,One year,Bank transfer (automatic),23,DSL,No,Yes,60.0,No,0.03,No,Low
1972-XMUWV,Two year,Credit card (automatic),65,DSL,No,Yes,59.8,No,0.01,No,Low
8679-LZBMD,One year,Bank transfer (automatic),44,Fiber optic,No,No,90.65,No,0.07,No,Low
3407-JMJQQ,Two year,Bank transfer (automatic),71,Fiber optic,Yes,No,109.0,No,0.05,No,Low
6252-DFGTK,One year,Credit card (automatic),37,DSL,Yes,Yes,68.1,No,0.02,No,Low
1539-LNKHM,Month-to-month,Mailed check,12,No,No internet service,No internet service,20.4,No,0.0,No,Low
8645-KOMJQ,Two year,Bank transfer (automatic),69,DSL,No,Yes,81.95,No,0.0,No,Low
0289-IVARM,Month-to-month,Electronic check,35,DSL,Yes,No,60.55,No,0.13,No,Low
9761-XUJWD,Month-to-month,Bank transfer (automatic),5,DSL,No,Yes,65.6,No,0.08,No,Low
4057-FKCZK,Two year,Bank transfer (automatic),58,Fiber optic,No,No,82.5,No,0.05,No,Low
4291-TPNFG,Two year,Bank transfer (automatic),72,DSL,Yes,Yes,82.3,No,0.0,No,Low
6087-YPWHO,Two year,Mailed check,72,DSL,Yes,Yes,68.15,No,0.02,No,Low
3090-QFUVD,Month-to-month,Credit card (automatic),1,No,No internet service,No internet service,20.3,No,0.02,No,Low
2237-ZFSMY,One year,Electronic check,39,Fiber optic,Yes,Yes,95.55,Yes,0.68,Yes,High
1722-LDZJS,One year,Credit card (automatic),53,No,No internet service,No internet service,20.2,No,0.0,No,Low
1818-ESQMW,Month-to-month,Electronic check,27,Fiber optic,No,Yes,89.2,No,0.1,No,Low
4871-JTKJF,Month-to-month,Electronic check,1,Fiber optic,No,No,69.65,Yes,1.0,Yes,Critical
1415-YFWLT,Month-to-month,Electronic check,1,Fiber optic,No,No,89.3,Yes,0.91,Yes,Critical
7401-RUBNK,Month-to-month,Electronic check,18,Fiber optic,Yes,No,74.8,No,0.15,No,Low
0506-YLVKJ,Two year,Mailed check,46,No,No internet service,No internet service,20.2,No,0.0,No,Low
8661-BOYNW,Two year,Credit card (automatic),72,DSL,Yes,Yes,84.4,No,0.0,No,Low
6711-VTNRE,Month-to-month,Electronic check,36,Fiber optic,No,Yes,87.55,Yes,0.18,No,Low
4815-GBTCD,Month-to-month,Electronic check,4,DSL,No,No,25.15,No,0.23,No,Low
2805-AUFQN,Two year,Credit card (automatic),25,No,No internet service,No internet service,19.8,No,0.03,No,Low
0980-PVMRC,Month-to-month,Electronic check,40,DSL,No,No,50.85,No,0.06,No,Low
7233-DRTRF,Month-to-month,Electronic check,63,Fiber optic,No,No,102.4,No,0.2,No,Low
3500-RMZLT,Month-to-month,Mailed check,15,Fiber optic,Yes,Yes,96.3,Yes,0.82,Yes,Critical
3873-NFTGI,Month-to-month,Credit card (automatic),14,DSL,No,No,55.5,No,0.16,No,Low
1162-ECVII,Two year,Bank transfer (automatic),72,Fiber optic,No,Yes,109.75,No,0.07,No,Low
7048-GXDAY,Month-to-month,Electronic check,39,Fiber optic,Yes,No,106.4,No,0.13,No,Low
8571-ZCMCX,Two year,Credit card (automatic),47,DSL,Yes,No,60.0,No,0.03,No,Low
1169-WCVAK,Month-to-month,Credit card (automatic),19,Fiber optic,Yes,Yes,88.8,No,0.24,No,Low
4548-SDBKE,Month-to-month,Electronic check,5,Fiber optic,No,No,85.2,Yes,0.97,Yes,Critical
8066-POXGX,Month-to-month,Electronic check,13,DSL,No,No,35.1,Yes,0.86,Yes,Critical
7129-CAKJW,Month-to-month,Bank transfer (automatic),17,Fiber optic,No,No,80.05,No,0.15,No,Low
8695-ARGXZ,Month-to-month,Electronic check,34,Fiber optic,No,No,75.55,No,0.3,No,Medium
3570-YUEKJ,Month-to-month,Electronic check,42,DSL,No,No,49.55,No,0.04,No,Low
4143-OOBWZ,Month-to-month,Electronic check,5,Fiber optic,No,No,81.3,Yes,0.95,Yes,Critical
1555-HAPSU,Two year,Credit card (automatic),71,No,No internet service,No internet service,23.9,No,0.0,No,Low
1697-NVVGY,Month-to-month,Bank transfer (automatic),19,DSL,Yes,No,66.4,No,0.05,No,Low
7854-EKTJL,Month-to-month,Electronic check,2,No,No internet service,No internet service,19.6,Yes,0.23,No,Low
8464-EETCQ,Two year,Credit card (automatic),57,No,No internet service,No internet service,18.8,No,0.07,No,Low
2419-FSORS,Two year,Electronic check,72,Fiber optic,No,Yes,108.4,No,0.06,No,Low
8132-YPVBX,Month-to-month,Mailed check,6,Fiber optic,No,No,85.95,No,0.55,Yes,High
9102-IAYHT,Month-to-month,Electronic check,17,Fiber optic,No,No,85.45,Yes,0.79,Yes,Critical
6754-LZUKA,Two year,Bank transfer (automatic),61,DSL,No,No,80.9,No,0.01,No,Low
3422-LYEPQ,Month-to-month,Electronic check,1,Fiber optic,No,No,71.0,Yes,0.79,Yes,Critical
8099-MZPUJ,Two year,Credit card (automatic),48,Fiber optic,Yes,Yes,111.8,No,0.08,No,Low
0787-LHDYT,Month-to-month,Credit card (automatic),16,No,No internet service,No internet service,20.6,No,0.08,No,Low
2642-DTVCO,Month-to-month,Electronic check,9,Fiber optic,No,No,85.05,Yes,0.93,Yes,Critical
0374-IOEGQ,Month-to-month,Electronic check,3,DSL,No,No,44.6,No,0.11,No,Low
4361-JEIVL,Month-to-month,Electronic check,1,DSL,No,No,44.4,Yes,0.7,Yes,High
3197-NNYNB,Two year,Credit card (automatic),65,Fiber optic,No,No,105.1,No,0.03,No,Low
3396-DKDEL,Two year,Credit card (automatic),70,Fiber optic,Yes,Yes,115.15,No,0.06,No,Low
1752-OZXFY,One year,Mailed check,60,DSL,Yes,No,59.8,No,0.01,No,Low
9066-QRSDU,One year,Electronic check,69,No,No internet service,No internet service,26.3,No,0.01,No,Low
9112-WSNPU,Month-to-month,Electronic check,35,Fiber optic,No,No,70.55,No,0.51,Yes,Medium
9867-NNXLC,Month-to-month,Mailed check,22,No,No internet service,No internet service,20.05,No,0.01,No,Low
5321-NTRKC,Two year,Bank transfer (automatic),66,DSL,No,No,79.85,No,0.05,No,Low
1363-TXLSL,Month-to-month,Electronic check,1,Fiber optic,No,No,70.3,Yes,0.83,Yes,Critical
9507-EXLTT,Month-to-month,Bank transfer (automatic),1,Fiber optic,No,No,79.35,Yes,0.86,Yes,Critical
3161-GETRM,Month-to-month,Credit card (automatic),34,Fiber optic,No,No,90.05,No,0.08,No,Low
0402-OAMEN,Two year,Bank transfer (automatic),72,No,No internet service,No internet service,24.45,No,0.0,No,Low
6933-VLYFX,One year,Electronic check,31,DSL,Yes,Yes,59.95,No,0.07,No,Low
6754-WKSHP,One year,Bank transfer (automatic),30,No,No internet service,No internet service,25.35,No,0.05,No,Low
9846-GKXAS,Month-to-month,Bank transfer (automatic),9,Fiber optic,No,No,90.8,Yes,0.92,Yes,Critical
6017-PPLPX,Month-to-month,Electronic check,20,Fiber optic,No,No,70.45,Yes,0.9,Yes,Critical
4976-LNFVV,Month-to-month,Credit card (automatic),19,DSL,No,No,34.3,No,0.12,No,Low
5055-MGMGF,Month-to-month,Electronic check,65,Fiber optic,Yes,No,105.05,No,0.07,No,Low
4641-FROLU,Two year,Mailed check,30,No,No internet service,No internet service,19.3,No,0.0,No,Low
2862-JVEOY,One year,Mailed check,6,No,No internet service,No internet service,19.15,No,0.0,No,Low
2969-QWUBZ,Month-to-month,Electronic check,2,DSL,No,No,51.4,No,0.25,No,Low
9822-BIIGN,Month-to-month,Electronic check,53,DSL,Yes,Yes,71.85,No,0.07,No,Low
2077-MPJQO,Month-to-month,Electronic check,7,Fiber optic,No,No,75.4,No,0.67,Yes,High
1534-OULXE,One year,Bank transfer (automatic),61,DSL,Yes,No,49.7,No,0.0,No,Low
7136-RVDTZ,One year,Electronic check,70,DSL,No,No,45.25,Yes,0.79,Yes,Critical
2971-SGAFL,Month-to-month,Electronic check,13,DSL,Yes,No,78.75,No,0.32,No,Medium
1480-IVEVR,One year,Bank transfer (automatic),35,Fiber optic,No,No,81.6,No,0.01,No,Low
2905-KFQUV,Month-to-month,Credit card (automatic),2,Fiber optic,No,No,70.4,No,0.24,No,Low
4581-SSPWD,Month-to-month,Electronic check,3,Fiber optic,No,No,75.8,Yes,0.92,Yes,Critical
3370-HXOPH,Month-to-month,Electronic check,3,Fiber optic,No,No,76.1,No,0.32,No,Medium
9391-YZEJW,One year,Bank transfer (automatic),62,Fiber optic,No,No,94.0,No,0.1,No,Low
9958-MEKUC,Two year,Credit card (automatic),72,Fiber optic,Yes,Yes,103.95,No,0.0,No,Low
0281-CNTZX,Two year,Bank transfer (automatic),63,No,No internet service,No internet service,19.95,No,0.0,No,Low
6927-WTFIV,Month-to-month,Credit card (automatic),20,Fiber optic,No,No,71.3,Yes,0.69,Yes,High
4118-CEVPF,One year,Bank transfer (automatic),35,Fiber optic,Yes,Yes,110.8,No,0.05,No,Low
3398-ZOUAA,Month-to-month,Electronic check,21,Fiber optic,No,No,69.1,Yes,0.89,Yes,Critical
9114-VEPUF,One year,Electronic check,62,Fiber optic,Yes,No,96.1,No,0.08,No,Low
7876-BEUTG,Month-to-month,Mailed check,15,DSL,No,No,48.8,No,0.35,No,Medium
2338-BQEZT,Month-to-month,Credit card (automatic),55,DSL,Yes,No,50.55,No,0.11,No,Low
9873-MNDKV,Month-to-month,Mailed check,11,DSL,No,No,44.65,No,0.13,No,Low
0378-NHQXU,Month-to-month,Electronic check,17,Fiber optic,No,No,88.25,Yes,0.86,Yes,Critical
8241-JUIQO,One year,Bank transfer (automatic),61,No,No internet service,No internet service,19.45,No,0.02,No,Low
2194-IIQOF,Two year,Credit card (automatic),71,DSL,Yes,Yes,89.3,No,0.0,No,Low
4512-ZUIYL,Month-to-month,Bank transfer (automatic),2,Fiber optic,No,No,70.0,Yes,0.654,Yes,High
9631-RXVJM,Two year,Mailed check,35,No,No internet service,No internet service,19.25,No,0.02,No,Low
9584-EXCDZ,Month-to-month,Bank transfer (automatic),17,Fiber optic,No,No,70.5,No,0.14,No,Low
7969-AULMZ,Month-to-month,Electronic check,21,Fiber optic,No,No,97.35,Yes,0.89,Yes,Critical
5093-FEGLU,Two year,Bank transfer (automatic),47,No,No internet service,No internet service,19.65,No,0.0,No,Low
2621-UDNLU,Month-to-month,Mailed check,3,No,No internet service,No internet service,20.85,No,0.03,No,Low
7526-IVLYU,Month-to-month,Mailed check,3,No,No internet service,No internet service,19.65,No,0.09,No,Low
2428-HYUNX,Two year,Credit card (automatic),44,No,No internet service,No internet service,19.35,No,0.01,No,Low
9214-EKVXR,Month-to-month,Mailed check,1,DSL,No,No,44.0,No,0.27,No,Low
3410-MHHUM,One year,Electronic check,44,Fiber optic,No,No,94.4,No,0.08,No,Low
0568-ONFPC,Month-to-month,Bank transfer (automatic),5,No,No internet service,No internet service,25.9,Yes,0.67,Yes,High
0733-VUNUW,Month-to-month,Bank transfer (automatic),24,DSL,Yes,No,55.65,Yes,0.24,No,Low
4550-EVXNY,Month-to-month,Electronic check,1,Fiber optic,No,No,69.65,Yes,1.0,Yes,Critical
2122-YWVYA,Month-to-month,Electronic check,18,Fiber optic,Yes,No,75.4,No,0.18,No,Low
2968-SSGAA,Month-to-month,Electronic check,10,Fiber optic,No,No,100.6,Yes,0.98,Yes,Critical
2296-DKZFP,Two year,Bank transfer (automatic),65,DSL,Yes,No,71.0,No,0.0,No,Low
4844-JJWUY,Month-to-month,Electronic check,1,Fiber optic,No,No,86.0,Yes,0.9,Yes,Critical
6777-TGHTM,One year,Credit card (automatic),53,Fiber optic,Yes,No,106.95,Yes,0.35,No,Medium
8909-BOLNL,One year,Mailed check,3,No,No internet service,No internet service,21.2,No,0.06,No,Low
6603-YRDCJ,Two year,Mailed check,33,DSL,Yes,Yes,61.05,No,0.0,No,Low
3538-WZPHD,Month-to-month,Electronic check,3,DSL,No,No,29.6,Yes,0.83,Yes,Critical
3229-USWAR,One year,Bank transfer (automatic),34,DSL,Yes,Yes,79.95,No,0.07,No,Low
2138-VFAPZ,Two year,Mailed check,14,No,No internet service,No internet service,19.7,No,0.01,No,Low
6131-JLWZM,Month-to-month,Mailed check,13,No,No internet service,No internet service,20.3,No,0.01,No,Low
4785-QRJHC,One year,Bank transfer (automatic),46,DSL,No,Yes,59.9,Yes,0.14,No,Low
0269-XFESX,One year,Mailed check,23,No,No internet service,No internet service,24.35,No,0.0,No,Low
1709-EJDOX,Two year,Mailed check,47,No,No internet service,No internet service,19.75,No,0.0,No,Low
4316-XCSLJ,Month-to-month,Mailed check,17,DSL,Yes,No,50.3,No,0.05,No,Low
8610-WFCJF,Month-to-month,Electronic check,49,Fiber optic,No,No,95.6,Yes,0.81,Yes,Critical
9693-XMUOB,Month-to-month,Electronic check,59,DSL,No,No,50.25,No,0.23,No,Low
0383-CLDDA,Two year,Credit card (automatic),69,DSL,Yes,Yes,85.35,No,0.0,No,Low
4905-JEFDW,One year,Electronic check,11,DSL,No,No,41.6,Yes,0.41,No,Medium
2709-UQGNP,Month-to-month,Mailed check,10,DSL,Yes,No,51.65,No,0.16,No,Low
3549-ZTMNH,Two year,Bank transfer (automatic),12,No,No internet service,No internet service,24.0,No,0.0,No,Low
7881-INRLC,Month-to-month,Credit card (automatic),45,Fiber optic,No,No,100.85,Yes,0.84,Yes,Critical
8033-ATFAS,Month-to-month,Mailed check,39,DSL,No,No,59.85,No,0.05,No,Low
1635-NZATJ,Two year,Credit card (automatic),71,No,No internet service,No internet service,25.45,No,0.0,No,Low
0562-HKHML,Two year,Credit card (automatic),71,No,No internet service,No internet service,23.9,No,0.0,No,Low
8277-RVRSV,One year,Credit card (automatic),33,No,No internet service,No internet service,24.15,No,0.03,No,Low
9943-VSZUV,Month-to-month,Mailed check,67,Fiber optic,No,No,75.7,No,0.09,No,Low
0117-LFRMW,Month-to-month,Bank transfer (automatic),37,DSL,Yes,No,40.2,Yes,0.64,Yes,High
6172-FECYY,Month-to-month,Electronic check,49,Fiber optic,No,No,84.5,Yes,0.72,Yes,High
7054-ENNGU,Month-to-month,Mailed check,9,DSL,No,No,50.85,No,0.13,No,Low
1455-HFBXA,Two year,Credit card (automatic),52,Fiber optic,Yes,Yes,91.6,No,0.04,No,Low
9402-CXWPL,One year,Electronic check,70,Fiber optic,No,No,98.9,No,0.08,No,Low
1628-BIZYP,Month-to-month,Electronic check,1,Fiber optic,No,No,85.0,No,0.77,Yes,Critical
1965-AKTSX,Month-to-month,Electronic check,14,Fiber optic,No,No,78.95,Yes,0.95,Yes,Critical
0082-LDZUE,Month-to-month,Mailed check,1,DSL,No,No,44.3,No,0.15,No,Low
4786-UKSNZ,Month-to-month,Mailed check,1,No,No internet service,No internet service,20.2,Yes,0.2640912698412698,No,Low
5343-SGUBI,One year,Mailed check,52,Fiber optic,No,No,80.2,No,0.04,No,Low
0856-NAOES,Month-to-month,Mailed check,6,DSL,No,No,60.9,No,0.1,No,Low
1976-AZZPJ,Month-to-month,Mailed check,7,DSL,Yes,No,34.2,No,0.08,No,Low
7248-VZQLC,Month-to-month,Bank transfer (automatic),47,Fiber optic,No,No,85.2,Yes,0.83,Yes,Critical
6156-UZDLF,One year,Credit card (automatic),26,Fiber optic,Yes,Yes,87.15,No,0.02,No,Low
3099-OONVS,Month-to-month,Electronic check,25,DSL,Yes,Yes,54.3,No,0.13,No,Low
9500-WBGRP,Two year,Mailed check,69,No,No internet service,No internet service,19.1,No,0.02,No,Low
5183-KLYEM,Two year,Credit card (automatic),72,Fiber optic,Yes,Yes,112.75,No,0.0,No,Low
5144-PQCDZ,Month-to-month,Mailed check,4,No,No internet service,No internet service,19.95,No,0.09,No,Low
8514-VZHEB,Two year,Mailed check,59,No,No internet service,No internet service,19.5,No,0.01,No,Low
6625-IUTTT,Two year,Bank transfer (automatic),67,DSL,Yes,No,65.55,No,0.02,No,Low
9355-NPPFS,Month-to-month,Electronic check,26,Fiber optic,No,No,78.8,No,0.01,No,Low
0068-FIGTF,One year,Mailed check,27,DSL,No,Yes,78.2,No,0.12,No,Low
5965-GGPRW,Two year,Bank transfer (automatic),72,Fiber optic,Yes,No,105.25,No,0.03,No,Low
8035-PWSEV,Month-to-month,Electronic check,6,Fiber optic,No,Yes,89.25,No,0.28,No,Low
2236-HILPA,Two year,Credit card (automatic),62,No,No internet service,No internet service,20.65,No,0.0,No,Low
1840-BIUOG,One year,Electronic check,20,DSL,No,Yes,68.7,No,0.07,No,Low
1356-MKYSK,Month-to-month,Credit card (automatic),6,DSL,Yes,Yes,78.65,No,0.07,No,Low
6080-LNESI,Two year,Mailed check,51,No,No internet service,No internet service,24.75,No,0.07,No,Low
1830-IPXVJ,Two year,Credit card (automatic),61,No,No internet service,No internet service,19.75,No,0.01,No,Low
5828-DWPIL,Month-to-month,Electronic check,62,Fiber optic,Yes,No,89.1,No,0.04,No,Low
8398-TBIYD,Two year,Bank transfer (automatic),72,Fiber optic,Yes,Yes,84.7,No,0.0,No,Low
0011-IGKFF,Month-to-month,Electronic check,13,Fiber optic,No,No,98.0,Yes,0.85,Yes,Critical
4192-GORJT,Month-to-month,Electronic check,5,Fiber optic,No,No,94.45,Yes,0.94,Yes,Critical
6496-SLWHQ,Month-to-month,Electronic check,3,Fiber optic,No,No,105.0,Yes,0.9,Yes,Critical
9912-GVSEQ,Month-to-month,Electronic check,26,Fiber optic,No,No,93.85,Yes,0.86,Yes,Critical
2931-FSOHN,Month-to-month,Electronic check,13,DSL,No,No,59.9,No,0.07,No,Low
9418-RUKPH,Two year,Mailed check,38,No,No internet service,No internet service,19.95,No,0.0,No,Low
5383-MMTWC,Month-to-month,Electronic check,8,Fiber optic,No,No,84.0,Yes,0.97,Yes,Critical
9971-ZWPBF,Month-to-month,Electronic check,34,Fiber optic,No,Yes,108.9,No,0.09,No,Low
4712-AUQZO,Month-to-month,Mailed check,18,DSL,Yes,No,33.6,No,0.05,No,Low
9711-FJTBX,One year,Mailed check,56,Fiber optic,No,Yes,85.85,No,0.07,No,Low
2908-ZTPNF,Month-to-month,Bank transfer (automatic),36,DSL,No,Yes,34.85,No,0.05,No,Low
7240-ETPTR,Month-to-month,Electronic check,9,DSL,No,No,48.75,Yes,0.91,Yes,Critical
2202-CUYXZ,Month-to-month,Electronic check,1,Fiber optic,No,No,84.85,Yes,0.75,Yes,Critical
5995-OIGLP,Month-to-month,Mailed check,12,DSL,Yes,Yes,56.65,Yes,0.67,Yes,High
8421-WZOOW,Month-to-month,Credit card (automatic),57,Fiber optic,No,Yes,95.3,No,0.08,No,Low
6261-RCVNS,One year,Credit card (automatic),42,DSL,Yes,Yes,73.9,Yes,0.67,Yes,High
7951-QKZPL,Two year,Mailed check,33,No,No internet service,No internet service,24.5,Yes,0.7,Yes,High
1414-YADCW,Two year,Bank transfer (automatic),70,Fiber optic,Yes,Yes,84.6,No,0.05,No,Low
8756-RDDLT,Month-to-month,Electronic check,68,DSL,No,Yes,44.95,No,0.06,No,Low
2862-PFNIK,Month-to-month,Electronic check,1,DSL,No,No,24.7,No,0.26,No,Low
5816-QVHRX,Month-to-month,Credit card (automatic),37,Fiber optic,No,Yes,100.3,No,0.25,No,Low
4430-YHXGG,Month-to-month,Mailed check,4,No,No internet service,No internet service,25.45,No,0.02,No,Low
6888-SBYAI,Month-to-month,Mailed check,1,DSL,Yes,No,50.7,No,0.13,No,Low
7395-XWZOY,Month-to-month,Credit card (automatic),20,DSL,Yes,Yes,55.0,No,0.23,No,Low
7169-YWAMK,Two year,Bank transfer (automatic),72,DSL,Yes,Yes,68.4,No,0.04,No,Low
3640-PHQXK,Month-to-month,Electronic check,31,Fiber optic,No,No,89.9,Yes,0.88,Yes,Critical
6877-LGWXO,Month-to-month,Electronic check,18,Fiber optic,No,No,78.55,Yes,0.81,Yes,Critical
6859-RKMZJ,Month-to-month,Bank transfer (automatic),11,DSL,No,No,55.05,No,0.04,No,Low
2729-VNVAP,Two year,Credit card (automatic),33,No,No internet service,No internet service,19.8,No,0.0,No,Low
2957-JIRMN,One year,Electronic check,62,Fiber optic,No,No,84.45,No,0.16,No,Low
2049-BAFNW,Month-to-month,Mailed check,1,DSL,No,Yes,35.9,No,0.14,No,Low
3842-QTGDL,Month-to-month,Bank transfer (automatic),16,Fiber optic,Yes,No,80.75,No,0.12,No,Low
7163-OCEQI,One year,Mailed check,22,DSL,No,Yes,78.65,No,0.14,No,Low
9782-LGXMC,Month-to-month,Bank transfer (automatic),49,DSL,Yes,Yes,61.75,No,0.01,No,Low
5975-BAICR,One year,Credit card (automatic),36,DSL,Yes,No,63.7,No,0.13,No,Low
8019-ENHXU,Month-to-month,Electronic check,42,Fiber optic,No,Yes,99.45,Yes,0.83,Yes,Critical
5167-GBFRE,Month-to-month,Bank transfer (automatic),4,DSL,No,No,25.2,Yes,0.84,Yes,Critical
9033-EOXWV,One year,Mailed check,12,DSL,No,Yes,74.05,Yes,0.09,No,Low
4673-KKSLS,Month-to-month,Electronic check,31,Fiber optic,Yes,Yes,87.6,No,0.1,No,Low
4853-OITSN,Month-to-month,Electronic check,5,Fiber optic,Yes,No,89.15,No,0.15,No,Low
9800-OUIGR,Two year,Credit card (automatic),66,No,No internet service,No internet service,20.0,No,0.0,No,Low
1324-NLTJE,Month-to-month,Credit card (automatic),15,DSL,No,Yes,55.0,Yes,0.84,Yes,Critical
2324-EFHVG,Two year,Bank transfer (automatic),64,Fiber optic,No,No,104.4,No,0.04,No,Low
7094-MSZAO,Month-to-month,Credit card (automatic),10,No,No internet service,No internet service,20.05,No,0.02,No,Low
1522-VVDMG,Month-to-month,Electronic check,7,Fiber optic,No,Yes,89.75,Yes,0.65,Yes,High
6907-CQGPN,Month-to-month,Electronic check,29,DSL,No,Yes,34.3,No,0.05,No,Low
0780-XNZFN,Two year,Bank transfer (automatic),57,No,No internet service,No internet service,20.65,No,0.0,No,Low
0239-OXEXL,Month-to-month,Mailed check,46,Fiber optic,Yes,No,84.25,No,0.09,No,Low
2675-IJRGJ,Two year,Bank transfer (automatic),53,No,No internet service,No internet service,19.65,No,0.01,No,Low
7049-GKVZY,One year,Credit card (automatic),17,DSL,Yes,Yes,79.85,No,0.1,No,Low
8577-QSOCG,Two year,Mailed check,38,No,No internet service,No internet service,20.2,No,0.0,No,Low
3721-CNZHX,One year,Mailed check,15,No,No internet service,No internet service,19.8,No,0.0,No,Low
0212-ISBBF,Month-to-month,Electronic check,22,DSL,No,No,50.35,No,0.1,No,Low
9185-TQCVP,Month-to-month,Electronic check,14,Fiber optic,No,No,85.15,Yes,0.87,Yes,Critical
3585-YNADK,One year,Bank transfer (automatic),57,DSL,No,Yes,74.6,No,0.01,No,Low
5271-DBYSJ,Month-to-month,Credit card (automatic),11,Fiber optic,No,No,79.15,No,0.07,No,Low
1099-GODLO,Two year,Mailed check,1,No,No internet service,No internet service,20.35,No,0.1,No,Low
6828-HMKWP,Two year,Bank transfer (automatic),12,No,No internet service,No internet service,21.05,No,0.0,No,Low
5567-WSELE,Month-to-month,Electronic check,3,Fiber optic,No,No,94.6,Yes,0.88,Yes,Critical
1472-TNCWL,Month-to-month,Electronic check,36,Fiber optic,No,No,94.7,No,0.07,No,Low
8063-RJYNF,Month-to-month,Electronic check,16,Fiber optic,Yes,No,94.25,Yes,0.8,Yes,Critical
0687-ZVTHB,One year,Credit card (automatic),65,DSL,Yes,No,72.45,Yes,0.62,Yes,High
2080-GKCWQ,Month-to-month,Electronic check,2,Fiber optic,No,No,74.95,No,0.16,No,Low
9661-ACXBS,Month-to-month,Electronic check,42,Fiber optic,Yes,No,105.2,Yes,0.72,Yes,High
2193-SFWQW,Two year,Bank transfer (automatic),72,Fiber optic,Yes,Yes,111.95,No,0.02,No,Low
5656-JAMLX,Two year,Bank transfer (automatic),62,No,No internet service,No internet service,19.85,No,0.0,No,Low
3462-BJQQA,Month-to-month,Electronic check,6,Fiber optic,No,No,89.75,No,0.33,No,Medium
0442-TDYUO,Two year,Mailed check,48,No,No internet service,No internet service,20.05,No,0.01,No,Low
6733-LRIZX,Two year,Electronic check,35,Fiber optic,Yes,Yes,108.95,No,0.25,No,Low
9503-XJUME,One year,Credit card (automatic),52,No,No internet service,No internet service,19.65,No,0.0,No,Low
4367-NHWMM,Month-to-month,Mailed check,1,DSL,No,No,24.9,No,0.22,No,Low
3727-RJMEO,Month-to-month,Electronic check,6,Fiber optic,No,No,82.85,Yes,0.92,Yes,Critical
3779-OSWCF,Two year,Credit card (automatic),71,DSL,Yes,Yes,93.2,No,0.0,No,Low
6736-DHUQI,One year,Bank transfer (automatic),67,Fiber optic,Yes,No,84.8,No,0.02,No,Low
3915-ODIYG,One year,Electronic check,60,DSL,Yes,No,71.75,No,0.04,No,Low
1360-RCYRT,Month-to-month,Bank transfer (automatic),23,DSL,No,Yes,30.35,No,0.05,No,Low
2724-FJDYW,One year,Bank transfer (automatic),39,DSL,No,Yes,54.85,No,0.02,No,Low
4451-RWASJ,One year,Mailed check,15,No,No internet service,No internet service,19.5,No,0.01,No,Low
6646-VRFOL,Month-to-month,Electronic check,53,Fiber optic,No,No,103.85,Yes,0.83,Yes,Critical
3460-TJBWI,Two year,Mailed check,24,No,No internet service,No internet service,24.2,No,0.0,No,Low
5917-HBSDW,Month-to-month,Electronic check,37,No,No internet service,No internet service,19.35,No,0.03,No,Low
5685-IIXLY,Month-to-month,Electronic check,5,Fiber optic,No,No,83.6,Yes,0.97,Yes,Critical
5671-UUNXD,One year,Electronic check,50,Fiber optic,No,Yes,100.65,No,0.07,No,Low
0956-ACVZC,One year,Credit card (automatic),54,Fiber optic,No,No,94.1,No,0.09,No,Low
2325-NBPZG,Month-to-month,Electronic check,3,Fiber optic,Yes,No,74.55,No,0.63,Yes,High
4250-ZBWLV,One year,Electronic check,68,Fiber optic,No,Yes,108.45,Yes,0.84,Yes,Critical
4482-FTFFX,Month-to-month,Electronic check,5,DSL,No,Yes,56.15,No,0.08,No,Low
8859-DZTGQ,Two year,Mailed check,33,No,No internet service,No internet service,20.35,No,0.0,No,Low
0440-MOGPM,One year,Electronic check,41,DSL,No,No,80.55,No,0.03,No,Low
0020-JDNXP,One year,Mailed check,34,DSL,Yes,Yes,61.25,No,0.01,No,Low
3752-CQSJI,Month-to-month,Mailed check,13,No,No internet service,No internet service,20.45,No,0.01,No,Low
5025-GOOKI,Month-to-month,Credit card (automatic),20,No,No internet service,No internet service,18.9,No,0.08,No,Low
4698-KVLLG,Two year,Credit card (automatic),51,No,No internet service,No internet service,19.6,No,0.01,No,Low
5095-AESKG,Month-to-month,Credit card (automatic),3,Fiber optic,No,No,91.5,Yes,0.96,Yes,Critical
2887-JPYLU,Month-to-month,Bank transfer (automatic),41,DSL,No,No,45.2,No,0.01,No,Low
4770-QAZXN,Month-to-month,Credit card (automatic),13,No,No internet service,No internet service,19.45,No,0.07,No,Low
4896-CPRPF,Two year,Bank transfer (automatic),35,No,No internet service,No internet service,25.45,No,0.0,No,Low
1871-MOWRM,Month-to-month,Bank transfer (automatic),12,Fiber optic,Yes,Yes,80.85,Yes,0.77,Yes,Critical
9714-EDSUC,Month-to-month,Mailed check,4,Fiber optic,Yes,Yes,94.9,No,0.25,No,Low
2027-OAQQC,Month-to-month,Bank transfer (automatic),43,DSL,No,No,49.05,Yes,0.73,Yes,High
0282-NVSJS,Month-to-month,Mailed check,12,DSL,No,Yes,29.3,No,0.1,No,Low
9090-SGQXL,Month-to-month,Electronic check,68,Fiber optic,No,No,105.3,Yes,0.85,Yes,Critical
6595-YGXIT,Month-to-month,Electronic check,25,Fiber optic,No,No,88.95,Yes,0.91,Yes,Critical
7353-YOWFP,One year,Mailed check,7,No,No internet service,No internet service,20.25,No,0.01,No,Low
9835-ZIITK,One year,Electronic check,66,Fiber optic,No,Yes,110.85,Yes,0.79,Yes,Critical
8008-ESFLK,One year,Electronic check,53,Fiber optic,Yes,Yes,110.5,No,0.08,No,Low
7537-CBQUZ,Month-to-month,Bank transfer (automatic),63,Fiber optic,Yes,No,109.4,No,0.02,No,Low
1555-DJEQW,Two year,Bank transfer (automatic),70,Fiber optic,Yes,Yes,114.2,Yes,0.62,Yes,High
5649-TJHOV,Month-to-month,Bank transfer (automatic),27,DSL,No,No,36.5,Yes,0.77,Yes,Critical
0519-XUZJU,Month-to-month,Mailed check,1,Fiber optic,No,No,70.75,Yes,0.8858333333333333,Yes,Critical
3363-EWLGO,Month-to-month,Mailed check,5,No,No internet service,No internet service,19.95,No,0.01,No,Low
4750-UKWJK,One year,Mailed check,37,No,No internet service,No internet service,19.6,No,0.01,No,Low
6338-AVWCY,Month-to-month,Mailed check,3,DSL,No,No,40.15,Yes,0.61,Yes,High
1689-YQBYY,Month-to-month,Electronic check,12,Fiber optic,No,No,76.6,No,0.16,No,Low
4487-ZYJZK,One year,Credit card (automatic),38,No,No internet service,No internet service,19.6,No,0.0,No,Low
2959-FENLU,Month-to-month,Credit card (automatic),9,Fiber optic,No,No,85.3,No,0.24,No,Low
0708-LGSMF,Month-to-month,Electronic check,13,DSL,Yes,No,65.85,No,0.09,No,Low
9253-QXKBE,Month-to-month,Electronic check,29,Fiber optic,No,No,94.45,Yes,0.91,Yes,Critical
7634-HLQJR,Two year,Credit card (automatic),47,No,No internet service,No internet service,20.05,No,0.0,No,Low
0487-RPVUM,Month-to-month,Bank transfer (automatic),61,Fiber optic,Yes,Yes,99.4,No,0.12,No,Low
4079-ULGFR,Month-to-month,Mailed check,16,No,No internet service,No internet service,20.0,No,0.03,No,Low
2516-XSJKX,Two year,Electronic check,41,DSL,Yes,Yes,78.45,No,0.06,No,Low
0057-QBUQH,Two year,Electronic check,43,No,No internet service,No internet service,25.1,No,0.09,No,Low
9445-SZLCH,Month-to-month,Bank transfer (automatic),36,Fiber optic,No,No,97.35,Yes,0.77,Yes,Critical
6599-SFQVE,Month-to-month,Electronic check,6,DSL,No,No,55.0,No,0.19,No,Low
8331-ZXFOE,One year,Credit card (automatic),58,DSL,Yes,Yes,71.1,No,0.04,No,Low
4003-FUSHP,Month-to-month,Credit card (automatic),19,DSL,No,Yes,61.55,No,0.25,No,Low
0356-ERHVT,Month-to-month,Bank transfer (automatic),11,DSL,No,No,45.9,No,0.06,No,Low
7325-ENZFI,One year,Bank transfer (automatic),39,DSL,Yes,Yes,40.3,No,0.01,No,Low
4884-ZTHVF,Month-to-month,Electronic check,8,Fiber optic,No,No,87.1,No,0.29,No,Low
3920-HIHMQ,Month-to-month,Mailed check,26,DSL,No,No,49.5,No,0.07,No,Low
3055-OYMSE,Month-to-month,Credit card (automatic),53,Fiber optic,No,No,73.8,No,0.16,No,Low
0613-WUXUM,Two year,Mailed check,70,No,No internet service,No internet service,19.2,No,0.0,No,Low
7568-PODML,Month-to-month,Mailed check,1,DSL,No,No,45.3,Yes,0.91,Yes,Critical
4458-KVRBJ,Two year,Mailed check,59,No,No internet service,No internet service,25.0,No,0.0,No,Low
5349-IECLD,Month-to-month,Electronic check,2,Fiber optic,No,No,94.95,Yes,0.91,Yes,Critical
1397-XKKWR,One year,Mailed check,7,DSL,Yes,No,35.3,No,0.07,No,Low
3945-GFWQL,Month-to-month,Electronic check,12,DSL,No,No,44.55,Yes,0.76,Yes,Critical
8097-OMULG,One year,Credit card (automatic),59,DSL,No,Yes,76.75,No,0.03,No,Low
6013-BHCAW,Two year,Bank transfer (automatic),61,DSL,No,Yes,81.0,No,0.02,No,Low
0401-WDBXM,Two year,Bank transfer (automatic),72,Fiber optic,Yes,No,105.55,No,0.04,No,Low
3387-PLKUI,Month-to-month,Mailed check,13,No,No internet service,No internet service,18.8,No,0.0,No,Low
6096-EGVTU,One year,Mailed check,64,No,No internet service,No internet service,24.9,No,0.02,No,Low
3797-VTIDR,Month-to-month,Electronic check,1,DSL,No,No,23.45,Yes,0.91,Yes,Critical
5081-NWSUP,One year,Mailed check,10,DSL,No,Yes,64.9,No,0.19,No,Low
2580-ATZSQ,One year,Bank transfer (automatic),65,DSL,Yes,No,61.35,No,0.07,No,Low
8085-MSNLK,Two year,Mailed check,62,Fiber optic,Yes,Yes,113.95,No,0.03,No,Low
9691-HKOVS,One year,Electronic check,55,DSL,Yes,Yes,90.15,No,0.03,No,Low
9881-VCZEP,Month-to-month,Electronic check,25,DSL,No,No,54.1,No,0.05,No,Low
9526-BIHHD,Month-to-month,Mailed check,1,DSL,Yes,No,29.7,Yes,0.76,Yes,Critical
8757-TFHHJ,Month-to-month,Credit card (automatic),1,DSL,Yes,No,49.8,No,0.4,No,Medium
4523-WXCEF,Month-to-month,Electronic check,59,Fiber optic,No,No,101.1,Yes,0.63,Yes,High
1468-DEFNC,Two year,Bank transfer (automatic),64,No,No internet service,No internet service,24.4,No,0.0,No,Low
5119-KEPFY,Month-to-month,Bank transfer (automatic),36,Fiber optic,No,No,95.0,No,0.24,No,Low
8364-TRMMK,Month-to-month,Mailed check,3,DSL,No,No,50.65,Yes,0.8,Yes,Critical
0916-KNFAJ,Two year,Mailed check,61,DSL,Yes,No,69.9,No,0.03,No,Low
8319-QBEHW,One year,Bank transfer (automatic),26,DSL,No,No,39.95,No,0.05,No,Low
3063-QFSZL,Month-to-month,Electronic check,1,DSL,No,No,55.4,Yes,0.33,No,Medium
8775-LHDJH,Month-to-month,Electronic check,1,Fiber optic,No,No,90.6,Yes,0.94,Yes,Critical
9625-QNLUX,Two year,Credit card (automatic),68,Fiber optic,Yes,No,103.25,No,0.0,No,Low
3097-NQYSN,Month-to-month,Mailed check,2,Fiber optic,No,No,86.85,Yes,0.92,Yes,Critical
4024-CSNBY,Two year,Bank transfer (automatic),72,Fiber optic,Yes,Yes,94.25,No,0.04,No,Low
7110-BDTWG,Two year,Electronic check,71,DSL,No,Yes,47.05,No,0.08,No,Low
7493-GVFIO,Two year,Credit card (automatic),57,No,No internet service,No internet service,20.55,No,0.0,No,Low
0690-SRQID,Month-to-month,Mailed check,4,No,No internet service,No internet service,19.65,No,0.03,No,Low
9605-WGJVW,Month-to-month,Electronic check,1,Fiber optic,No,No,70.2,No,0.24,No,Low
9114-DPSIA,Two year,Credit card (automatic),72,DSL,Yes,Yes,81.0,No,0.0,No,Low
4700-UBQMV,One year,Bank transfer (automatic),21,DSL,Yes,No,75.9,No,0.07,No,Low
7711-GQBZC,Two year,Bank transfer (automatic),71,No,No internet service,No internet service,24.7,No,0.0,No,Low
3565-UNOCC,Month-to-month,Bank transfer (automatic),29,Fiber optic,No,No,99.05,Yes,0.84,Yes,Critical
4627-MIHJH,Two year,Credit card (automatic),69,Fiber optic,Yes,Yes,110.25,No,0.23,No,Low
9795-NREXC,Two year,Credit card (automatic),64,DSL,Yes,Yes,85.0,No,0.0,No,Low
8573-CGOCC,Month-to-month,Credit card (automatic),16,No,No internet service,No internet service,19.75,No,0.02,No,Low
7356-AYNJP,One year,Electronic check,4,No,No internet service,No internet service,23.9,No,0.03,No,Low
9249-FXSCK,One year,Credit card (automatic),52,Fiber optic,Yes,Yes,111.25,Yes,0.81,Yes,Critical
5493-SDRDQ,Month-to-month,Mailed check,2,DSL,Yes,No,55.1,Yes,0.72,Yes,High
6286-SUUWT,Month-to-month,Mailed check,1,No,No internet service,No internet service,19.95,No,0.4808333333333332,No,Medium
4819-HJPIW,Month-to-month,Mailed check,18,DSL,No,No,25.15,No,0.13,No,Low
8654-DHAOW,Month-to-month,Mailed check,2,DSL,No,No,54.15,No,0.18,No,Low
5438-QMDDL,Month-to-month,Mailed check,19,DSL,No,No,59.8,No,0.16,No,Low
9812-GHVRI,Month-to-month,Bank transfer (automatic),40,Fiber optic,No,No,83.85,No,0.34,No,Medium
5553-AOINX,One year,Electronic check,66,Fiber optic,No,No,104.9,No,0.06,No,Low
1228-ZLNBX,Month-to-month,Mailed check,21,Fiber optic,No,No,75.3,No,0.14,No,Low
4226-KKDON,Month-to-month,Electronic check,8,DSL,No,Yes,66.65,No,0.06,No,Low
3831-YCPUO,Two year,Credit card (automatic),72,Fiber optic,Yes,Yes,109.5,No,0.0,No,Low
7445-WMRBW,One year,Bank transfer (automatic),48,DSL,No,Yes,73.85,No,0.02,No,Low
3308-DGHKL,Two year,Bank transfer (automatic),69,No,No internet service,No internet service,19.3,No,0.0,No,Low
9924-JPRMC,Two year,Electronic check,72,Fiber optic,Yes,Yes,118.2,No,0.06,No,Low
0080-EMYVY,One year,Credit card (automatic),14,DSL,No,No,51.45,No,0.04,No,Low
6218-KNUBD,Month-to-month,Electronic check,6,DSL,No,No,59.45,No,0.09,No,Low
7337-CINUD,Two year,Bank transfer (automatic),8,No,No internet service,No internet service,19.5,No,0.05,No,Low
7609-NRNCA,One year,Mailed check,17,No,No internet service,No internet service,19.55,No,0.0,No,Low
0623-EJQEG,One year,Electronic check,65,Fiber optic,Yes,Yes,93.55,No,0.04,No,Low
7153-CHRBV,One year,Mailed check,57,DSL,Yes,Yes,59.3,No,0.0,No,Low
0871-URUWO,Month-to-month,Credit card (automatic),13,Fiber optic,No,No,102.25,Yes,0.67,Yes,High
9190-MFJLN,Month-to-month,Credit card (automatic),19,Fiber optic,No,No,95.9,Yes,0.74,Yes,High
6198-PNNSZ,One year,Bank transfer (automatic),56,Fiber optic,Yes,No,109.8,No,0.2,No,Low
3317-VLGQT,Month-to-month,Electronic check,14,Fiber optic,No,No,78.1,No,0.22,No,Low
4132-POCZS,Month-to-month,Electronic check,52,DSL,Yes,No,39.9,No,0.05,No,Low
5614-DNZCE,Two year,Credit card (automatic),58,DSL,Yes,Yes,64.9,No,0.0,No,Low
1095-JUDTC,Month-to-month,Electronic check,47,Fiber optic,No,Yes,95.05,Yes,0.78,Yes,Critical
3896-RCYYE,Month-to-month,Credit card (automatic),67,DSL,No,Yes,53.4,No,0.14,No,Low
9638-JIQYA,Month-to-month,Credit card (automatic),2,DSL,No,No,24.9,No,0.62,Yes,High
3258-SANFR,Month-to-month,Credit card (automatic),6,DSL,No,No,44.7,No,0.16,No,Low
3726-TBHQT,Two year,Bank transfer (automatic),71,Fiber optic,Yes,Yes,114.0,No,0.03,No,Low
3190-ITQXP,Two year,Bank transfer (automatic),46,No,No internet service,No internet service,20.25,No,0.0,No,Low
0870-VEMYL,Month-to-month,Credit card (automatic),5,DSL,Yes,Yes,53.85,Yes,0.32,No,Medium
4833-QTJNO,Month-to-month,Bank transfer (automatic),67,Fiber optic,Yes,No,83.85,No,0.07,No,Low
3039-MJSLN,Month-to-month,Bank transfer (automatic),3,No,No internet service,No internet service,20.2,No,0.05,No,Low
0178-CIIKR,Month-to-month,Mailed check,3,No,No internet service,No internet service,19.95,No,0.02,No,Low
5385-SUIRI,Month-to-month,Electronic check,52,Fiber optic,Yes,No,104.2,Yes,0.74,Yes,High
3982-XWFZQ,Month-to-month,Electronic check,42,DSL,No,No,50.25,Yes,0.16,No,Low
5774-QPLTF,One year,Mailed check,50,No,No internet service,No internet service,20.35,No,0.0,No,Low
2322-VCZHZ,Month-to-month,Electronic check,23,Fiber optic,Yes,No,90.0,No,0.21,No,Low
5010-IPEAQ,Two year,Credit card (automatic),67,DSL,Yes,Yes,54.2,No,0.0,No,Low
4009-ALQFH,Month-to-month,Electronic check,25,Fiber optic,No,No,99.5,Yes,0.89,Yes,Critical
6383-ZTSIW,One year,Mailed check,39,Fiber optic,Yes,No,99.1,No,0.25,No,Low
8990-YOZLV,Two year,Mailed check,69,DSL,Yes,Yes,66.9,No,0.03,No,Low
3069-SSVSN,One year,Mailed check,1,DSL,No,No,25.85,No,0.45,No,Medium
5222-IMUKT,Month-to-month,Electronic check,32,Fiber optic,No,No,91.05,No,0.15,No,Low
3627-FCRDW,Month-to-month,Electronic check,9,Fiber optic,No,No,71.0,Yes,0.81,Yes,Critical
7562-GSUHK,Month-to-month,Credit card (automatic),16,Fiber optic,No,No,93.2,Yes,0.82,Yes,Critical
6685-XSHHU,Two year,Bank transfer (automatic),60,No,No internet service,No internet service,20.95,No,0.0,No,Low
8901-UPRHR,Two year,Bank transfer (automatic),72,Fiber optic,No,Yes,109.2,No,0.02,No,Low
4903-UYAVB,Month-to-month,Mailed check,5,No,No internet service,No internet service,19.35,Yes,0.69,Yes,High
0118-JPNOY,Month-to-month,Credit card (automatic),26,Fiber optic,Yes,No,85.8,No,0.18,No,Low
6776-TLWOI,Month-to-month,Mailed check,3,No,No internet service,No internet service,19.85,Yes,0.07,No,Low
3845-FXCYS,Month-to-month,Electronic check,2,No,No internet service,No internet service,19.65,No,0.15,No,Low
5857-XRECV,One year,Bank transfer (automatic),2,No,No internet service,No internet service,20.5,No,0.18,No,Low
0725-CXOTM,One year,Credit card (automatic),36,DSL,Yes,Yes,89.65,No,0.08,No,Low
4343-EJVQB,Month-to-month,Mailed check,7,Fiber optic,Yes,No,74.35,No,0.09,No,Low
9000-PLFUZ,Two year,Credit card (automatic),60,DSL,No,No,49.45,No,0.04,No,Low
3427-GGZZI,Month-to-month,Electronic check,19,Fiber optic,No,No,89.1,No,0.2,No,Low
7779-ORAEL,Two year,Credit card (automatic),45,DSL,Yes,Yes,75.15,No,0.0,No,Low
0644-OQMDK,Month-to-month,Electronic check,4,Fiber optic,No,No,70.65,No,0.2,No,Low
4077-CROMM,Month-to-month,Electronic check,31,Fiber optic,No,Yes,104.2,Yes,0.91,Yes,Critical
3154-CFSZG,Month-to-month,Electronic check,47,Fiber optic,Yes,No,90.05,No,0.17,No,Low
2868-MZAGQ,Month-to-month,Electronic check,1,Fiber optic,No,No,79.25,Yes,0.96,Yes,Critical
4847-QNOKA,Month-to-month,Bank transfer (automatic),1,DSL,No,No,44.9,Yes,0.78,Yes,Critical
2220-IAHLS,Month-to-month,Credit card (automatic),1,No,No internet service,No internet service,19.4,No,0.06,No,Low
1658-XUHBX,Month-to-month,Credit card (automatic),59,Fiber optic,No,No,88.75,No,0.11,No,Low
6379-RXJRQ,Month-to-month,Electronic check,10,Fiber optic,No,No,70.1,Yes,0.94,Yes,Critical
2378-HTWFW,Month-to-month,Credit card (automatic),35,Fiber optic,Yes,No,91.0,No,0.13,No,Low
8650-RHRKE,Month-to-month,Electronic check,4,DSL,No,No,29.65,Yes,0.71,Yes,High
4377-VDHYI,One year,Electronic check,32,Fiber optic,Yes,No,90.8,No,0.21,No,Low
0475-RIJEP,Month-to-month,Electronic check,43,Fiber optic,No,No,77.85,Yes,0.73,Yes,High
1260-TTRXI,Month-to-month,Electronic check,4,DSL,No,No,54.3,Yes,0.77,Yes,Critical
3719-TDVQB,Two year,Mailed check,54,No,No internet service,No internet service,18.95,No,0.0,No,Low
6328-ZPBGN,Month-to-month,Bank transfer (automatic),11,Fiber optic,No,No,95.15,Yes,0.91,Yes,Critical
0201-MIBOL,Two year,Bank transfer (automatic),66,Fiber optic,Yes,No,102.4,No,0.04,No,Low
4937-QPZPO,One year,Electronic check,61,Fiber optic,No,No,99.9,No,0.5,No,Medium
2925-VDZHY,Two year,Credit card (automatic),72,DSL,Yes,Yes,88.7,No,0.0,No,Low
6981-TDRFT,One year,Electronic check,44,DSL,No,Yes,54.3,No,0.06,No,Low
3413-CSSTH,Month-to-month,Bank transfer (automatic),41,DSL,No,No,55.7,No,0.12,No,Low
8033-VCZGH,One year,Electronic check,50,Fiber optic,Yes,No,103.95,No,0.31,No,Medium
4789-KWMXN,One year,Credit card (automatic),47,Fiber optic,Yes,Yes,110.85,Yes,0.64,Yes,High
0224-NIJLP,Two year,Mailed check,8,No,No internet service,No internet service,20.15,No,0.0,No,Low
7542-CYDDM,Month-to-month,Mailed check,18,No,No internet service,No internet service,20.05,No,0.02,No,Low
4718-WXBGI,Two year,Credit card (automatic),72,DSL,Yes,Yes,91.95,No,0.0,No,Low
2867-UIMSS,Month-to-month,Electronic check,1,Fiber optic,No,No,80.5,Yes,0.97,Yes,Critical
8495-PRWFH,Month-to-month,Electronic check,42,DSL,No,No,55.65,No,0.23,No,Low
0439-IFYUN,Month-to-month,Electronic check,18,Fiber optic,No,No,74.7,No,0.14,No,Low
5716-LIBJC,One year,Credit card (automatic),13,Fiber optic,No,No,104.15,No,0.1,No,Low
2868-LLSKM,One year,Bank transfer (automatic),68,Fiber optic,No,Yes,83.65,No,0.04,No,Low
8111-RKSPX,Month-to-month,Bank transfer (automatic),4,Fiber optic,No,No,72.2,Yes,0.91,Yes,Critical
2988-QRAJY,Two year,Credit card (automatic),69,Fiber optic,Yes,No,110.05,No,0.01,No,Low
1585-MQSSU,Month-to-month,Mailed check,17,DSL,No,Yes,51.5,Yes,0.63,Yes,High
0071-NDAFP,Two year,Credit card (automatic),25,No,No internet service,No internet service,25.5,No,0.01,No,Low
2856-NNASM,Month-to-month,Mailed check,43,Fiber optic,No,No,89.55,Yes,0.71,Yes,High
7328-ZJAJO,Two year,Credit card (automatic),59,No,No internet service,No internet service,19.5,No,0.0,No,Low
6458-CYIDZ,Month-to-month,Electronic check,5,Fiber optic,Yes,No,80.7,No,0.11,No,Low
8559-CIZFV,One year,Mailed check,21,DSL,Yes,Yes,77.5,Yes,0.65,Yes,High
1090-PYKCI,One year,Credit card (automatic),69,Fiber optic,Yes,Yes,105.1,No,0.02,No,Low
3058-WQDRE,Month-to-month,Bank transfer (automatic),13,DSL,No,No,25.15,No,0.1,No,Low
7547-EKNFS,Month-to-month,Bank transfer (automatic),42,Fiber optic,No,No,95.25,Yes,0.81,Yes,Critical
2279-AXJJK,Month-to-month,Credit card (automatic),52,Fiber optic,No,Yes,95.65,No,0.25,No,Low
6769-DYBQN,Month-to-month,Electronic check,46,Fiber optic,Yes,No,85.0,Yes,0.45,No,Medium
0909-SELIE,Two year,Bank transfer (automatic),61,DSL,Yes,Yes,80.8,No,0.01,No,Low
3417-TSCIC,One year,Mailed check,29,DSL,No,No,24.85,No,0.06,No,Low
1042-HFUCW,One year,Credit card (automatic),25,DSL,No,Yes,54.75,No,0.15,No,Low
4439-JMPMT,Month-to-month,Electronic check,5,Fiber optic,No,Yes,85.75,Yes,0.84,Yes,Critical
6537-OTKMY,One year,Electronic check,15,DSL,No,No,50.75,No,0.09,No,Low
8999-EXMNO,Two year,Mailed check,19,No,No internet service,No internet service,20.15,No,0.01,No,Low
6725-TPKJO,Two year,Mailed check,44,No,No internet service,No internet service,20.05,No,0.0,No,Low
2446-BEGGB,Month-to-month,Electronic check,6,Fiber optic,No,No,98.25,Yes,0.98,Yes,Critical
7162-WPHPM,Two year,Credit card (automatic),58,DSL,Yes,Yes,71.6,No,0.0,No,Low
1599-MMYRQ,One year,Credit card (automatic),62,Fiber optic,Yes,No,81.45,No,0.03,No,Low
8821-KVZKQ,One year,Bank transfer (automatic),70,DSL,No,Yes,58.4,No,0.07,No,Low
1496-GGSUK,Month-to-month,Mailed check,1,DSL,No,No,25.7,Yes,0.96,Yes,Critical
6434-TTGJP,Two year,Credit card (automatic),10,DSL,Yes,Yes,53.7,No,0.08,No,Low
0042-JVWOJ,One year,Bank transfer (automatic),26,No,No internet service,No internet service,19.6,No,0.0,No,Low
0130-SXOUN,Month-to-month,Credit card (automatic),66,Fiber optic,No,No,89.4,No,0.16,No,Low
2575-GFSOE,Month-to-month,Electronic check,7,Fiber optic,No,No,69.0,Yes,0.72,Yes,High
2330-PQGDQ,One year,Bank transfer (automatic),51,Fiber optic,No,Yes,84.2,No,0.01,No,Low
1452-UZOSF,Two year,Credit card (automatic),72,Fiber optic,Yes,Yes,106.1,No,0.02,No,Low
2097-YVPKN,Two year,Mailed check,65,No,No internet service,No internet service,25.75,No,0.0,No,Low
2842-JTCCU,Month-to-month,Bank transfer (automatic),2,DSL,No,No,46.05,Yes,0.82,Yes,Critical
8597-CTXVJ,One year,Bank transfer (automatic),70,DSL,Yes,Yes,64.95,No,0.02,No,Low
6631-HMANX,Two year,Credit card (automatic),72,DSL,No,Yes,85.45,No,0.0,No,Low
9962-BFPDU,Month-to-month,Mailed check,1,No,No internet service,No internet service,20.05,No,0.675,Yes,High
3296-SILRA,Month-to-month,Mailed check,1,Fiber optic,No,No,76.4,Yes,0.9,Yes,Critical
9681-OXGVC,Month-to-month,Electronic check,5,Fiber optic,No,No,100.5,Yes,0.99,Yes,Critical
6394-HHHZM,Month-to-month,Mailed check,3,No,No internet service,No internet service,20.7,No,0.04,No,Low
5995-LFTLE,Two year,Credit card (automatic),58,No,No internet service,No internet service,25.3,No,0.02,No,Low
5180-UCIIQ,Month-to-month,Mailed check,22,DSL,Yes,No,40.05,Yes,0.69,Yes,High
1932-UEDCX,Month-to-month,Bank transfer (automatic),33,Fiber optic,No,No,100.6,No,0.18,No,Low
7153-OANIO,Month-to-month,Electronic check,1,Fiber optic,No,No,69.95,Yes,0.94,Yes,Critical
5188-HGMLP,Month-to-month,Bank transfer (automatic),54,Fiber optic,No,No,74.0,No,0.05,No,Low
0665-XHDJU,Two year,Electronic check,72,Fiber optic,No,No,99.4,No,0.13,No,Low
6521-YYTYI,Month-to-month,Electronic check,1,Fiber optic,No,No,93.3,Yes,0.96,Yes,Critical
8878-HMWBV,Month-to-month,Electronic check,3,DSL,No,No,49.15,Yes,0.87,Yes,Critical
8265-HKSOW,Two year,Credit card (automatic),72,Fiber optic,Yes,Yes,107.45,No,0.02,No,Low
3544-FBCAS,Two year,Credit card (automatic),72,DSL,Yes,No,83.6,No,0.01,No,Low
5331-RGMTT,Month-to-month,Credit card (automatic),54,Fiber optic,No,No,99.05,No,0.66,Yes,High
4759-PXTAN,One year,Electronic check,59,DSL,No,Yes,80.1,No,0.12,No,Low
7054-DMVAS,Two year,Bank transfer (automatic),54,DSL,Yes,No,65.3,No,0.01,No,Low
3428-MMGUB,Two year,Electronic check,60,Fiber optic,No,No,89.55,No,0.06,No,Low
6549-BTYPG,Two year,Credit card (automatic),60,DSL,No,Yes,60.8,No,0.01,No,Low
7823-JSOAG,Month-to-month,Electronic check,3,Fiber optic,No,No,74.5,No,0.27,No,Low
3705-RHRFR,Two year,Bank transfer (automatic),69,Fiber optic,Yes,No,99.15,No,0.06,No,Low
9374-YOLBJ,Month-to-month,Electronic check,1,No,No internet service,No internet service,19.25,No,0.38,No,Medium
9074-KGVOX,Month-to-month,Credit card (automatic),50,DSL,Yes,No,39.45,No,0.0,No,Low
6128-DAFVY,Month-to-month,Credit card (automatic),56,DSL,No,No,44.85,No,0.17,No,Low
9933-QRGTX,Two year,Electronic check,60,Fiber optic,Yes,Yes,97.2,No,0.03,No,Low
4476-OSWTN,One year,Mailed check,69,Fiber optic,Yes,Yes,110.55,No,0.05,No,Low
3751-KTZEL,Month-to-month,Mailed check,1,DSL,No,No,35.05,Yes,0.9,Yes,Critical
1977-STDKI,Month-to-month,Electronic check,1,Fiber optic,No,No,73.0,Yes,0.93,Yes,Critical
5066-GFJMM,Month-to-month,Mailed check,3,No,No internet service,No internet service,19.9,No,0.08,No,Low
2661-GKBTK,Two year,Bank transfer (automatic),60,DSL,No,Yes,76.95,No,0.04,No,Low
0458-HEUZG,Two year,Mailed check,13,DSL,No,Yes,35.4,No,0.04,No,Low
7268-WNTCP,Two year,Bank transfer (automatic),62,No,No internet service,No internet service,20.45,No,0.0,No,Low
0824-VWDPO,One year,Bank transfer (automatic),45,Fiber optic,Yes,No,96.75,No,0.0,No,Low
8409-WQJUX,One year,Electronic check,25,DSL,No,Yes,54.2,No,0.04,No,Low
2578-JQPHZ,Two year,Bank transfer (automatic),44,Fiber optic,No,Yes,100.1,No,0.05,No,Low
3278-FSIXX,Month-to-month,Mailed check,2,DSL,No,No,45.25,No,0.14,No,Low
5813-UECBU,Month-to-month,Credit card (automatic),33,Fiber optic,No,No,83.85,Yes,0.69,Yes,High
0328-GRPMV,Month-to-month,Electronic check,1,Fiber optic,No,No,70.1,Yes,0.95,Yes,Critical
9746-UGFAC,One year,Bank transfer (automatic),22,No,No internet service,No internet service,20.85,No,0.02,No,Low
2946-KIQSP,Month-to-month,Mailed check,35,DSL,No,Yes,33.45,No,0.02,No,Low
0625-AFOHS,Two year,Mailed check,29,No,No internet service,No internet service,20.2,No,0.0,No,Low
6726-WEXXK,One year,Electronic check,27,Fiber optic,Yes,No,85.9,No,0.06,No,Low
4636-OLWOE,One year,Electronic check,54,DSL,No,Yes,61.0,No,0.0,No,Low
4342-HENTK,Month-to-month,Electronic check,2,Fiber optic,No,No,70.65,Yes,0.92,Yes,Critical
4685-ERGHK,One year,Electronic check,57,Fiber optic,No,No,86.9,No,0.09,No,Low
0885-HMGPY,Two year,Bank transfer (automatic),62,DSL,Yes,Yes,69.4,No,0.0,No,Low
5003-OKNNK,One year,Credit card (automatic),15,No,No internet service,No internet service,20.35,No,0.01,No,Low
4195-SMMNX,Month-to-month,Mailed check,2,No,No internet service,No internet service,20.35,Yes,0.61,Yes,High
7208-PSIHR,Two year,Bank transfer (automatic),70,Fiber optic,No,Yes,104.3,No,0.06,No,Low
4012-ZTHBR,Month-to-month,Electronic check,21,DSL,No,No,44.95,No,0.06,No,Low
0489-WMEMG,One year,Electronic check,23,DSL,No,Yes,49.45,No,0.06,No,Low
7435-ZNUYY,One year,Mailed check,6,No,No internet service,No internet service,20.6,No,0.0,No,Low
1354-YZFNB,Two year,Credit card (automatic),4,No,No internet service,No internet service,19.55,No,0.0,No,Low
6956-SMUCM,Month-to-month,Credit card (automatic),3,Fiber optic,Yes,No,99.0,Yes,0.91,Yes,Critical
2985-FMWYF,Month-to-month,Electronic check,23,Fiber optic,No,No,93.5,No,0.61,Yes,High
2812-ENYMO,One year,Credit card (automatic),26,DSL,Yes,Yes,54.55,No,0.02,No,Low
2717-HVIZY,Month-to-month,Mailed check,8,No,No internet service,No internet service,20.05,No,0.04,No,Low
3223-WZWJM,Month-to-month,Electronic check,26,Fiber optic,No,No,83.95,Yes,0.91,Yes,Critical
3422-GALYP,Month-to-month,Electronic check,2,Fiber optic,No,No,79.45,No,0.39,No,Medium
9053-JZFKV,Two year,Credit card (automatic),67,Fiber optic,Yes,Yes,116.2,Yes,0.71,Yes,High
2530-ENDWQ,Two year,Bank transfer (automatic),71,Fiber optic,No,No,93.7,Yes,0.62,Yes,High
2890-WFBHU,One year,Credit card (automatic),59,DSL,Yes,Yes,79.85,No,0.06,No,Low
0327-WFZSY,One year,Electronic check,39,Fiber optic,No,No,100.0,No,0.3,No,Medium
7977-HXJKU,Two year,Mailed check,21,No,No internet service,No internet service,19.6,No,0.01,No,Low
6615-ZGEDR,Month-to-month,Mailed check,1,No,No internet service,No internet service,19.7,Yes,0.7696904761904761,Yes,Critical
7033-CLAMM,Two year,Bank transfer (automatic),48,No,No internet service,No internet service,20.2,No,0.0,No,Low
4023-RTIQM,One year,Credit card (automatic),31,DSL,Yes,No,50.4,No,0.06,No,Low
0864-FVJNJ,One year,Electronic check,64,Fiber optic,Yes,Yes,113.35,No,0.04,No,Low
7356-IWLFW,Month-to-month,Bank transfer (automatic),46,Fiber optic,No,No,80.0,No,0.08,No,Low
9541-PWTWO,Two year,Bank transfer (automatic),52,DSL,No,Yes,80.95,No,0.0,No,Low
3967-VQOGC,Two year,Mailed check,67,No,No internet service,No internet service,24.9,No,0.01,No,Low
7872-RDDLZ,Month-to-month,Electronic check,67,DSL,No,No,54.9,No,0.08,No,Low
9250-WYPLL,Month-to-month,Electronic check,5,Fiber optic,No,No,75.55,Yes,0.73,Yes,High
6308-CQRBU,Two year,Electronic check,71,Fiber optic,No,Yes,109.25,No,0.06,No,Low
2754-XBHTB,Month-to-month,Bank transfer (automatic),9,Fiber optic,No,No,77.65,Yes,0.55,Yes,High
1597-LHYNC,Month-to-month,Electronic check,26,Fiber optic,Yes,No,95.0,Yes,0.84,Yes,Critical
0186-CAERR,One year,Bank transfer (automatic),71,Fiber optic,Yes,Yes,116.3,No,0.18,No,Low
3043-SUDUA,Month-to-month,Bank transfer (automatic),32,No,No internet service,No internet service,19.9,No,0.09,No,Low
5442-BHQNG,Month-to-month,Electronic check,2,Fiber optic,No,No,70.35,No,0.92,Yes,Critical
2169-RRLFW,Two year,Credit card (automatic),71,No,No internet service,No internet service,25.6,No,0.0,No,Low
5872-OEQNH,One year,Electronic check,60,DSL,Yes,No,44.45,No,0.03,No,Low
3162-KKZXO,One year,Electronic check,55,Fiber optic,No,No,100.15,No,0.28,No,Low
7055-VKGDA,One year,Credit card (automatic),54,Fiber optic,Yes,Yes,105.4,Yes,0.74,Yes,High
0754-UKWQP,Month-to-month,Electronic check,2,Fiber optic,No,No,95.85,Yes,0.9,Yes,Critical
8873-GLDMH,Month-to-month,Mailed check,6,Fiber optic,No,No,73.85,No,0.66,Yes,High
5696-JVVQY,Two year,Credit card (automatic),48,DSL,Yes,No,70.1,No,0.01,No,Low
8946-BFWSG,Two year,Mailed check,63,No,No internet service,No internet service,25.25,No,0.0,No,Low
7493-TPUWZ,Month-to-month,Electronic check,1,Fiber optic,No,No,79.15,Yes,0.91,Yes,Critical
0547-HURJB,Month-to-month,Credit card (automatic),12,No,No internet service,No internet service,21.05,No,0.07,No,Low
8904-OPDCK,Month-to-month,Bank transfer (automatic),54,DSL,No,No,24.95,No,0.11,No,Low
8845-LWKGE,One year,Electronic check,30,DSL,No,Yes,64.5,No,0.01,No,Low
1577-HKTFG,Month-to-month,Bank transfer (automatic),30,No,No internet service,No internet service,19.65,Yes,0.67,Yes,High
8752-STIVR,Month-to-month,Electronic check,4,Fiber optic,No,No,79.0,Yes,0.94,Yes,Critical
0691-NIKRI,One year,Credit card (automatic),40,Fiber optic,No,Yes,105.95,No,0.11,No,Low
5022-JNQEQ,Month-to-month,Electronic check,9,Fiber optic,No,Yes,75.85,No,0.63,Yes,High
4558-FANTW,Month-to-month,Electronic check,17,Fiber optic,Yes,Yes,91.85,Yes,0.65,Yes,High
3249-VHRIP,Two year,Credit card (automatic),62,DSL,No,No,43.6,No,0.08,No,Low
3736-BLEPA,One year,Bank transfer (automatic),28,Fiber optic,No,Yes,91.25,No,0.04,No,Low
4701-LKOZD,Two year,Credit card (automatic),70,DSL,Yes,Yes,89.75,No,0.0,No,Low
6603-QWSPR,Two year,Bank transfer (automatic),46,Fiber optic,No,Yes,104.4,No,0.06,No,Low
9921-QFQUL,Month-to-month,Mailed check,23,Fiber optic,No,No,90.15,No,0.3,No,Medium
1929-ZCBHE,One year,Electronic check,47,DSL,Yes,Yes,40.3,No,0.18,No,Low
4378-MYPGO,Two year,Bank transfer (automatic),68,Fiber optic,Yes,No,105.25,No,0.06,No,Low
8651-ENBZX,One year,Electronic check,60,Fiber optic,No,Yes,106.0,Yes,0.78,Yes,Critical
4129-LYCOI,Two year,Electronic check,67,Fiber optic,No,Yes,104.0,No,0.09,No,Low
7798-JVXYM,Month-to-month,Electronic check,14,DSL,No,Yes,69.65,No,0.15,No,Low
8647-SDTWQ,Month-to-month,Electronic check,57,Fiber optic,No,No,74.3,No,0.2,No,Low
2696-ECXKC,One year,Mailed check,55,Fiber optic,Yes,No,100.9,No,0.02,No,Low
2081-KJSQF,Month-to-month,Mailed check,1,No,No internet service,No internet service,20.25,No,0.222,No,Low
7623-TRNQN,Month-to-month,Mailed check,1,DSL,No,Yes,49.9,Yes,0.23,No,Low
3323-CPBWR,Month-to-month,Credit card (automatic),23,Fiber optic,No,Yes,96.9,No,0.09,No,Low
9330-IJWIO,Month-to-month,Electronic check,13,Fiber optic,Yes,No,100.35,Yes,0.92,Yes,Critical
3384-CTMSF,Month-to-month,Electronic check,47,Fiber optic,No,No,104.1,No,0.37,No,Medium
0902-RFHOF,One year,Mailed check,38,No,No internet service,No internet service,20.1,No,0.0,No,Low
9286-DOJGF,Month-to-month,Bank transfer (automatic),38,Fiber optic,No,No,74.95,Yes,0.32,No,Medium
6048-QBXKL,Month-to-month,Credit card (automatic),2,DSL,No,No,56.55,No,0.6,Yes,High
9661-MHUMO,Month-to-month,Credit card (automatic),1,DSL,No,Yes,49.25,Yes,0.37,No,Medium
7718-RXDGG,Month-to-month,Bank transfer (automatic),15,Fiber optic,No,No,68.6,No,0.22,No,Low
1025-FALIX,Month-to-month,Credit card (automatic),26,Fiber optic,No,No,69.05,No,0.09,No,Low
3451-VAWLI,Two year,Credit card (automatic),35,No,No internet service,No internet service,19.7,No,0.0,No,Low
3407-QGWLG,Month-to-month,Mailed check,3,No,No internet service,No internet service,20.05,No,0.01,No,Low
1842-EZJMK,Month-to-month,Electronic check,50,Fiber optic,No,Yes,103.7,Yes,0.73,Yes,High
2347-WKKAE,Month-to-month,Electronic check,42,Fiber optic,Yes,No,94.4,No,0.16,No,Low
8735-DCXNF,Month-to-month,Credit card (automatic),10,DSL,Yes,Yes,54.95,No,0.06,No,Low
3214-IYUUQ,One year,Bank transfer (automatic),61,Fiber optic,Yes,Yes,93.7,No,0.05,No,Low
1936-UAFEH,Two year,Credit card (automatic),68,Fiber optic,Yes,Yes,110.25,No,0.15,No,Low
3587-PMCOY,One year,Electronic check,10,Fiber optic,Yes,No,98.9,No,0.47,No,Medium
8079-XRJRS,One year,Electronic check,65,Fiber optic,Yes,No,89.75,Yes,0.7,Yes,High
1027-LKKQQ,Two year,Bank transfer (automatic),72,DSL,Yes,Yes,80.45,No,0.02,No,Low
7148-XZPHA,Month-to-month,Electronic check,55,Fiber optic,No,Yes,79.4,No,0.14,No,Low
8073-IJDCM,Month-to-month,Mailed check,1,No,No internet service,No internet service,20.3,Yes,0.7404999999999999,Yes,High
5309-TAIKL,Month-to-month,Bank transfer (automatic),7,DSL,No,Yes,62.8,No,0.07,No,Low
6856-RAURS,Month-to-month,Mailed check,2,Fiber optic,No,No,74.9,No,0.87,Yes,Critical
8778-LMWTJ,Month-to-month,Electronic check,9,Fiber optic,Yes,No,74.85,No,0.61,Yes,High
9717-IOAAF,Two year,Credit card (automatic),27,No,No internet service,No internet service,25.85,No,0.02,No,Low
8884-ADFVN,Month-to-month,Electronic check,7,Fiber optic,No,No,101.95,Yes,0.91,Yes,Critical
2845-KDHVX,Two year,Mailed check,64,DSL,No,Yes,68.3,No,0.0,No,Low
0848-SOMKO,Two year,Bank transfer (automatic),70,DSL,Yes,Yes,48.4,No,0.03,No,Low
2720-WGKHP,Month-to-month,Electronic check,2,Fiber optic,No,No,94.0,Yes,0.99,Yes,Critical
6734-FQAJX,Two year,Electronic check,67,Fiber optic,Yes,Yes,105.05,No,0.13,No,Low
2869-ADAWR,Month-to-month,Credit card (automatic),45,Fiber optic,No,No,89.3,Yes,0.75,Yes,Critical
1535-VTJOQ,Two year,Credit card (automatic),24,No,No internet service,No internet service,25.15,No,0.06,No,Low
6368-TZZDT,Two year,Credit card (automatic),4,No,No internet service,No internet service,19.5,No,0.0,No,Low
0943-ZQPXH,Month-to-month,Bank transfer (automatic),44,Fiber optic,No,No,92.95,No,0.13,No,Low
1293-BSEUN,Two year,Mailed check,72,No,No internet service,No internet service,20.7,No,0.0,No,Low
9894-EZEWG,Month-to-month,Credit card (automatic),1,Fiber optic,No,No,74.3,Yes,0.93,Yes,Critical
1302-TPUBN,Two year,Bank transfer (automatic),66,No,No internet service,No internet service,19.35,No,0.02,No,Low
7851-FLGGQ,Month-to-month,Mailed check,1,DSL,No,Yes,44.65,Yes,0.58,Yes,High
0637-UBJRP,Month-to-month,Electronic check,13,Fiber optic,Yes,No,84.05,Yes,0.8,Yes,Critical
0940-OUQEC,Month-to-month,Bank transfer (automatic),10,Fiber optic,No,No,80.7,Yes,0.91,Yes,Critical
2378-VTKDH,Month-to-month,Electronic check,65,Fiber optic,No,No,104.35,No,0.27,No,Low
0927-CNGRH,Month-to-month,Mailed check,1,No,No internet service,No internet service,19.55,No,0.29,No,Low
8608-OZTLB,One year,Electronic check,38,DSL,Yes,Yes,74.05,No,0.03,No,Low
2335-GSODA,Two year,Mailed check,23,DSL,Yes,Yes,40.1,No,0.04,No,Low
1952-DVVSW,One year,Mailed check,10,No,No internet service,No internet service,20.1,No,0.06,No,Low
0702-PGIBZ,Month-to-month,Electronic check,4,Fiber optic,No,No,101.7,Yes,0.93,Yes,Critical
6656-GULJQ,Two year,Credit card (automatic),72,DSL,Yes,Yes,83.55,No,0.0,No,Low
9853-JFZDU,Month-to-month,Electronic check,35,DSL,No,Yes,56.85,No,0.07,No,Low
1963-VAUKV,Month-to-month,Mailed check,1,No,No internet service,No internet service,20.4,Yes,0.03666666666666667,No,Low
3777-XROBG,Two year,Credit card (automatic),58,No,No internet service,No internet service,19.55,No,0.0,No,Low
6994-FGRHH,One year,Electronic check,70,Fiber optic,No,Yes,106.15,No,0.08,No,Low
4000-VGMQP,One year,Credit card (automatic),38,DSL,No,No,78.95,No,0.01,No,Low
3999-WRNGR,Month-to-month,Electronic check,60,DSL,No,No,49.75,No,0.11,No,Low
3466-RITXD,Month-to-month,Credit card (automatic),26,Fiber optic,Yes,No,92.4,No,0.44,No,Medium
2680-XKKNJ,One year,Bank transfer (automatic),8,DSL,Yes,Yes,58.2,No,0.05,No,Low
3058-HJCUY,One year,Electronic check,41,Fiber optic,No,Yes,102.6,Yes,0.77,Yes,Critical
2974-GGUXS,Month-to-month,Credit card (automatic),36,Fiber optic,No,No,91.95,No,0.12,No,Low
7994-XIRTR,One year,Bank transfer (automatic),54,DSL,No,Yes,65.25,No,0.02,No,Low
3259-FDWOY,Two year,Bank transfer (automatic),71,Fiber optic,No,No,106.0,Yes,0.73,Yes,High
2101-RANCD,Month-to-month,Electronic check,55,Fiber optic,No,No,73.1,No,0.45,No,Medium
7921-BEPCI,Two year,Bank transfer (automatic),72,DSL,Yes,No,59.75,No,0.0,No,Low
0807-ZABDG,Month-to-month,Mailed check,3,DSL,Yes,Yes,55.1,Yes,0.73,Yes,High
8510-TMWYB,Two year,Bank transfer (automatic),54,DSL,No,No,59.8,No,0.02,No,Low
3258-ZKPAI,Two year,Bank transfer (automatic),72,Fiber optic,Yes,Yes,116.6,No,0.0,No,Low
1428-IEDPR,Two year,Electronic check,52,Fiber optic,Yes,Yes,109.3,No,0.2,No,Low
5298-GSTLM,One year,Bank transfer (automatic),60,Fiber optic,Yes,No,101.4,No,0.08,No,Low
4450-YOOHP,Month-to-month,Credit card (automatic),39,DSL,No,No,50.65,No,0.12,No,Low
6728-CZFEI,One year,Mailed check,15,DSL,No,No,56.15,No,0.09,No,Low
5748-RNCJT,Two year,Bank transfer (automatic),69,Fiber optic,No,Yes,106.5,Yes,0.69,Yes,High
3653-NCRDJ,One year,Mailed check,43,No,No internet service,No internet service,19.2,No,0.0,No,Low
6121-TNHBO,One year,Bank transfer (automatic),63,DSL,Yes,Yes,83.0,No,0.06,No,Low
5119-NZPTV,Month-to-month,Electronic check,2,Fiber optic,No,No,70.1,No,0.27,No,Low
6519-ZHPXP,Two year,Bank transfer (automatic),72,Fiber optic,Yes,Yes,108.3,No,0.06,No,Low
7739-LAXOG,Month-to-month,Bank transfer (automatic),32,Fiber optic,No,No,91.05,Yes,0.7,Yes,High
3472-QPRCH,Two year,Credit card (automatic),40,No,No internet service,No internet service,25.25,No,0.01,No,Low
8224-UAXBZ,One year,Electronic check,58,DSL,Yes,No,45.35,No,0.06,No,Low
9610-WCESF,Two year,Electronic check,67,DSL,Yes,Yes,43.9,No,0.12,No,Low
9776-CLUJA,Month-to-month,Electronic check,51,Fiber optic,Yes,No,77.5,Yes,0.8,Yes,Critical
2486-WYVVE,One year,Mailed check,31,DSL,No,Yes,79.3,No,0.1,No,Low
3865-ZYKAD,Month-to-month,Credit card (automatic),69,Fiber optic,Yes,No,84.9,No,0.24,No,Low
1422-DGUBX,One year,Electronic check,32,Fiber optic,No,Yes,79.25,No,0.08,No,Low
2999-AANRQ,Two year,Credit card (automatic),21,DSL,Yes,Yes,71.05,No,0.06,No,Low
8668-KNZTI,One year,Electronic check,52,DSL,Yes,No,53.75,No,0.01,No,Low
0480-KYJVA,Two year,Credit card (automatic),72,No,No internet service,No internet service,24.25,No,0.0,No,Low
6034-ZRYCV,Two year,Electronic check,72,DSL,No,No,54.2,Yes,0.63,Yes,High
9746-YKGXB,One year,Bank transfer (automatic),52,DSL,Yes,No,44.25,No,0.0,No,Low
3926-YZVVX,One year,Bank transfer (automatic),41,DSL,No,Yes,50.05,No,0.05,No,Low
6000-UKLWI,Two year,Mailed check,41,No,No internet service,No internet service,20.15,No,0.0,No,Low
2079-FBMZK,Month-to-month,Mailed check,6,Fiber optic,No,No,69.25,Yes,0.91,Yes,Critical
6332-FBZRI,One year,Credit card (automatic),67,DSL,Yes,Yes,69.35,No,0.04,No,Low
2096-XOTMO,Month-to-month,Mailed check,16,No,No internet service,No internet service,19.35,No,0.0,No,Low
3266-FTKHB,Two year,Mailed check,17,No,No internet service,No internet service,19.15,No,0.01,No,Low
8221-EQDGL,Month-to-month,Mailed check,35,DSL,Yes,No,61.0,No,0.07,No,Low
2346-LOCWC,Two year,Credit card (automatic),58,No,No internet service,No internet service,20.5,No,0.01,No,Low
6608-QQLVK,Month-to-month,Electronic check,1,DSL,No,No,50.5,Yes,0.72,Yes,High
0298-XACET,Two year,Mailed check,52,DSL,No,Yes,50.2,No,0.0,No,Low
7560-QJAVJ,Two year,Bank transfer (automatic),70,DSL,Yes,Yes,79.6,No,0.0,No,Low
2995-YWTCD,Two year,Bank transfer (automatic),19,No,No internet service,No internet service,24.9,No,0.01,No,Low
3551-HUAZH,Month-to-month,Electronic check,1,Fiber optic,No,No,74.4,Yes,1.0,Yes,Critical
9137-UIYPG,Month-to-month,Electronic check,35,Fiber optic,Yes,Yes,106.9,No,0.12,No,Low
2809-ZMYOQ,Month-to-month,Electronic check,32,Fiber optic,No,No,101.35,No,0.28,No,Low
5084-OOVCJ,Month-to-month,Credit card (automatic),17,DSL,Yes,Yes,55.35,No,0.04,No,Low
0254-WWRKD,One year,Credit card (automatic),67,DSL,No,No,50.55,No,0.05,No,Low
7727-SHVZV,Month-to-month,Bank transfer (automatic),9,No,No internet service,No internet service,19.5,No,0.09,No,Low
6302-JGYRJ,One year,Mailed check,31,DSL,No,Yes,79.45,Yes,0.67,Yes,High
5339-PXDVH,Month-to-month,Electronic check,4,Fiber optic,Yes,No,90.65,No,0.49,No,Medium
2205-LPVGL,One year,Bank transfer (automatic),58,Fiber optic,Yes,Yes,89.85,No,0.03,No,Low
8782-NUUOL,One year,Mailed check,60,DSL,Yes,Yes,79.0,No,0.12,No,Low
3685-YLCMQ,One year,Electronic check,58,Fiber optic,No,Yes,104.65,Yes,0.86,Yes,Critical
7601-WFVZV,Month-to-month,Mailed check,1,No,No internet service,No internet service,19.55,No,0.46542857142857136,No,Medium
4609-KNNWG,Two year,Mailed check,27,No,No internet service,No internet service,19.9,No,0.0,No,Low
4868-AADLV,One year,Electronic check,66,Fiber optic,Yes,Yes,116.25,No,0.08,No,Low
9529-OFXHY,Month-to-month,Bank transfer (automatic),15,Fiber optic,Yes,No,87.75,No,0.17,No,Low
8634-MPHTR,Month-to-month,Electronic check,47,Fiber optic,No,No,100.05,Yes,0.94,Yes,Critical
2669-QVCRG,Month-to-month,Credit card (automatic),41,Fiber optic,Yes,No,81.3,No,0.27,No,Low
2478-EEWWM,Month-to-month,Electronic check,59,DSL,No,No,44.3,No,0.48,No,Medium
9174-IHETN,Two year,Credit card (automatic),50,Fiber optic,No,No,70.35,No,0.08,No,Low
2233-TXSIU,One year,Credit card (automatic),17,DSL,Yes,No,44.45,No,0.09,No,Low
9644-UMGQA,Month-to-month,Electronic check,6,DSL,Yes,No,49.15,No,0.15,No,Low
3256-EZDBI,Month-to-month,Credit card (automatic),51,DSL,No,No,29.45,No,0.09,No,Low
8761-NSOBC,Month-to-month,Electronic check,44,Fiber optic,No,Yes,100.55,Yes,0.78,Yes,Critical
0419-YAAPX,Month-to-month,Credit card (automatic),49,Fiber optic,No,No,85.3,No,0.15,No,Low
8413-VONUO,Month-to-month,Electronic check,2,Fiber optic,No,No,95.65,Yes,0.78,Yes,Critical
0872-CASZJ,One year,Mailed check,59,DSL,Yes,Yes,69.1,No,0.0,No,Low
4726-DLWQN,Month-to-month,Bank transfer (automatic),50,DSL,Yes,No,70.35,No,0.03,No,Low
8164-OCKUJ,Two year,Mailed check,59,No,No internet service,No internet service,20.6,No,0.0,No,Low
3094-JOJAI,Month-to-month,Mailed check,18,Fiber optic,No,No,74.15,No,0.26,No,Low
9494-MRNYX,Month-to-month,Electronic check,10,Fiber optic,No,No,75.05,No,0.19,No,Low
2599-CZABP,One year,Electronic check,14,DSL,No,No,44.6,No,0.05,No,Low
7945-PRBVF,Two year,Bank transfer (automatic),35,No,No internet service,No internet service,21.45,No,0.0,No,Low
4544-RXFMG,One year,Mailed check,8,DSL,No,No,43.45,No,0.13,No,Low
0859-YGKFW,One year,Bank transfer (automatic),18,No,No internet service,No internet service,20.05,No,0.0,No,Low
1150-FTQGN,One year,Bank transfer (automatic),60,Fiber optic,Yes,No,94.15,No,0.03,No,Low
9223-UCPVT,Month-to-month,Electronic check,1,Fiber optic,No,No,94.4,Yes,0.95,Yes,Critical
7196-LIWRH,Two year,Mailed check,6,No,No internet service,No internet service,19.55,No,0.0,No,Low
5448-VWNAM,Month-to-month,Mailed check,19,DSL,Yes,Yes,75.9,No,0.04,No,Low
1177-XZBJL,One year,Bank transfer (automatic),53,DSL,Yes,Yes,64.15,No,0.01,No,Low
3518-FSTWG,Two year,Bank transfer (automatic),72,Fiber optic,Yes,No,109.55,No,0.06,No,Low
9330-VOFSZ,Two year,Credit card (automatic),60,Fiber optic,No,Yes,110.8,No,0.05,No,Low
4351-QLCSU,Month-to-month,Credit card (automatic),1,DSL,No,No,55.0,Yes,0.9,Yes,Critical
0939-EREMR,Month-to-month,Mailed check,13,DSL,No,Yes,53.45,No,0.05,No,Low
9389-ACWBI,Month-to-month,Credit card (automatic),5,Fiber optic,No,No,69.95,No,0.41,No,Medium
5419-JPRRN,Month-to-month,Electronic check,1,Fiber optic,No,No,101.45,Yes,0.99,Yes,Critical
3644-QXEHN,Month-to-month,Electronic check,13,Fiber optic,No,No,97.0,No,0.18,No,Low
2911-IJORQ,One year,Bank transfer (automatic),37,DSL,Yes,Yes,90.6,No,0.01,No,Low
5921-NGYRH,Month-to-month,Mailed check,64,Fiber optic,Yes,No,73.55,No,0.34,No,Medium
2100-BDNSN,Month-to-month,Bank transfer (automatic),5,DSL,No,Yes,67.95,Yes,0.69,Yes,High
5998-DZLYR,Two year,Bank transfer (automatic),61,Fiber optic,No,Yes,94.35,No,0.0,No,Low
0488-GSLFR,Month-to-month,Electronic check,1,Fiber optic,No,No,69.5,Yes,0.99,Yes,Critical
9318-NKNFC,Month-to-month,Mailed check,1,No,No internet service,No internet service,18.85,Yes,0.73,Yes,High
3985-HOYPM,One year,Mailed check,26,No,No internet service,No internet service,19.4,No,0.01,No,Low
9728-FTTVZ,Month-to-month,Electronic check,1,Fiber optic,No,No,69.2,Yes,1.0,Yes,Critical
9548-LERKT,Two year,Mailed check,24,No,No internet service,No internet service,19.75,No,0.0,No,Low
6576-FBXOJ,One year,Electronic check,17,DSL,No,Yes,54.6,No,0.04,No,Low
4310-KEDTB,Month-to-month,Mailed check,26,DSL,No,No,29.8,No,0.09,No,Low
7254-IQWOZ,Month-to-month,Electronic check,1,Fiber optic,No,No,69.65,Yes,1.0,Yes,Critical
2474-BRUCM,Month-to-month,Electronic check,40,Fiber optic,Yes,No,101.85,Yes,0.76,Yes,Critical
4062-HBMOS,Month-to-month,Electronic check,52,Fiber optic,No,No,103.05,No,0.16,No,Low
0742-NXBGR,Month-to-month,Electronic check,1,Fiber optic,No,No,82.3,Yes,0.93,Yes,Critical
2676-ISHSF,Month-to-month,Mailed check,1,No,No internet service,No internet service,20.3,No,0.025357142857142856,No,Low
9236-NDUCW,Two year,Mailed check,21,DSL,Yes,Yes,35.1,No,0.0,No,Low
4753-PADAS,One year,Bank transfer (automatic),67,Fiber optic,No,No,105.7,No,0.19,No,Low
6103-QCKFX,Month-to-month,Bank transfer (automatic),44,DSL,Yes,Yes,56.25,No,0.02,No,Low
7781-EWARA,One year,Electronic check,70,DSL,No,Yes,60.35,No,0.07,No,Low
6110-OHIHY,Month-to-month,Electronic check,3,Fiber optic,No,No,79.25,Yes,0.8,Yes,Critical
7018-FPXHH,Two year,Bank transfer (automatic),56,DSL,Yes,No,59.8,No,0.01,No,Low
5889-LFOLL,Month-to-month,Electronic check,13,Fiber optic,No,No,84.6,Yes,0.74,Yes,High
5708-EVONK,Month-to-month,Bank transfer (automatic),58,Fiber optic,Yes,No,93.4,Yes,0.6,Yes,High
8708-XPXHZ,Month-to-month,Electronic check,42,Fiber optic,No,No,94.2,Yes,0.86,Yes,Critical
0616-ATFGB,Month-to-month,Electronic check,1,DSL,No,No,25.05,Yes,0.76,Yes,Critical
0572-ZJKLT,Two year,Mailed check,46,Fiber optic,Yes,Yes,99.65,No,0.04,No,Low
5135-RDDQL,Two year,Bank transfer (automatic),63,DSL,Yes,No,50.65,No,0.0,No,Low
1353-LJWEM,Month-to-month,Electronic check,11,DSL,No,Yes,60.9,No,0.04,No,Low
1794-SWWKL,Month-to-month,Bank transfer (automatic),15,DSL,No,Yes,59.65,No,0.07,No,Low
6166-YIPFO,Two year,Electronic check,72,DSL,Yes,Yes,64.7,No,0.02,No,Low
7016-BPGEU,Month-to-month,Credit card (automatic),29,DSL,No,No,25.1,Yes,0.67,Yes,High
6876-ADESB,Month-to-month,Electronic check,1,DSL,No,No,48.95,Yes,0.79,Yes,Critical
9332-GYWLO,Month-to-month,Electronic check,6,DSL,No,No,54.85,No,0.11,No,Low
1963-SVUCV,Month-to-month,Electronic check,1,DSL,No,No,45.3,Yes,0.99,Yes,Critical
4184-VODJZ,One year,Electronic check,63,Fiber optic,No,No,91.35,No,0.13,No,Low
0220-EBGCE,Month-to-month,Electronic check,2,Fiber optic,No,No,85.85,Yes,0.87,Yes,Critical
1092-WPIVQ,Two year,Mailed check,18,No,No internet service,No internet service,25.1,No,0.03,No,Low
7233-IOQNP,Month-to-month,Bank transfer (automatic),43,DSL,Yes,Yes,34.0,No,0.2,No,Low
2834-JKOOW,One year,Mailed check,15,DSL,Yes,Yes,45.9,No,0.11,No,Low
2754-VDLTR,Month-to-month,Electronic check,10,Fiber optic,No,No,95.2,Yes,0.85,Yes,Critical
2400-FEQME,Two year,Mailed check,55,No,No internet service,No internet service,20.5,No,0.0,No,Low
3190-XFANI,One year,Bank transfer (automatic),49,Fiber optic,No,Yes,100.6,Yes,0.63,Yes,High
7551-DACSP,Month-to-month,Mailed check,6,DSL,No,No,55.3,Yes,0.78,Yes,Critical
4957-SREEC,Two year,Credit card (automatic),70,No,No internet service,No internet service,20.35,No,0.0,No,Low
7235-NXZCP,Month-to-month,Mailed check,2,Fiber optic,No,No,74.85,Yes,0.62,Yes,High
0230-UBYPQ,One year,Bank transfer (automatic),63,DSL,Yes,Yes,36.1,No,0.09,No,Low
4923-ADWXJ,Month-to-month,Bank transfer (automatic),25,DSL,No,Yes,65.8,No,0.01,No,Low
1763-KUAAW,One year,Bank transfer (automatic),18,No,No internet service,No internet service,20.35,No,0.07,No,Low
1104-TNLZA,Month-to-month,Electronic check,28,Fiber optic,No,Yes,105.8,No,0.11,No,Low
5195-KPUNQ,One year,Mailed check,53,Fiber optic,Yes,Yes,96.75,No,0.06,No,Low
0520-FDVVT,One year,Bank transfer (automatic),35,Fiber optic,No,No,102.35,Yes,0.67,Yes,High
3439-GVUSX,Month-to-month,Mailed check,1,DSL,No,No,24.4,No,0.24,No,Low
1444-VVSGW,One year,Credit card (automatic),70,Fiber optic,Yes,Yes,115.65,Yes,0.15,No,Low
5712-PTIWW,Month-to-month,Electronic check,2,Fiber optic,No,Yes,79.85,Yes,0.86,Yes,Critical
5949-HGVJL,Month-to-month,Electronic check,26,DSL,No,Yes,73.05,No,0.12,No,Low
5203-XEHAX,One year,Electronic check,34,DSL,Yes,No,64.35,No,0.02,No,Low
1635-HDGFT,Two year,Mailed check,19,No,No internet service,No internet service,20.5,No,0.01,No,Low
3315-TOTBP,Month-to-month,Mailed check,15,Fiber optic,No,No,76.0,Yes,0.9,Yes,Critical
8050-XGRVL,One year,Credit card (automatic),62,DSL,Yes,No,54.75,No,0.01,No,Low
6661-HBGWL,Month-to-month,Bank transfer (automatic),42,Fiber optic,No,No,104.75,Yes,0.55,Yes,High
1518-VOWAV,Month-to-month,Electronic check,9,DSL,Yes,No,74.65,Yes,0.7,Yes,High
9828-QHFBK,Month-to-month,Electronic check,24,DSL,Yes,No,51.15,No,0.14,No,Low
3908-MKIMJ,Two year,Electronic check,68,DSL,Yes,No,41.95,No,0.09,No,Low
5012-YSPJJ,Month-to-month,Mailed check,31,DSL,No,Yes,54.35,No,0.02,No,Low
5909-ECHUI,Month-to-month,Electronic check,1,DSL,No,No,56.25,Yes,0.79,Yes,Critical
1309-BXVOQ,Month-to-month,Electronic check,21,Fiber optic,No,Yes,106.1,Yes,0.88,Yes,Critical
6728-VOIFY,One year,Electronic check,63,Fiber optic,No,No,96.0,No,0.1,No,Low
9317-WZPGV,Month-to-month,Bank transfer (automatic),2,Fiber optic,No,No,79.75,Yes,0.9,Yes,Critical
4891-NLUBA,Two year,Bank transfer (automatic),61,DSL,No,Yes,61.45,No,0.0,No,Low
2856-HYAPG,Month-to-month,Electronic check,1,Fiber optic,No,No,68.65,Yes,0.9,Yes,Critical
8969-PRHFK,One year,Mailed check,18,No,No internet service,No internet service,19.65,No,0.0,No,Low
0661-KQHNK,One year,Credit card (automatic),6,No,No internet service,No internet service,19.0,No,0.02,No,Low
8709-KRDVL,Month-to-month,Electronic check,33,Fiber optic,No,No,100.0,No,0.87,Yes,Critical
4488-PSYCG,Month-to-month,Bank transfer (automatic),16,No,No internet service,No internet service,20.25,Yes,0.72,Yes,High
1427-VERSM,Month-to-month,Electronic check,56,Fiber optic,No,Yes,98.7,No,0.07,No,Low
9801-NOSHQ,One year,Mailed check,23,No,No internet service,No internet service,19.8,No,0.0,No,Low
6339-YPSAH,Month-to-month,Electronic check,9,Fiber optic,No,No,73.8,No,0.18,No,Low
3621-CEOVK,Month-to-month,Electronic check,14,Fiber optic,No,No,100.2,Yes,0.87,Yes,Critical
6906-ANDWJ,Month-to-month,Bank transfer (automatic),15,Fiber optic,No,No,74.9,Yes,0.79,Yes,Critical
2159-TURXX,Month-to-month,Credit card (automatic),5,No,No internet service,No internet service,20.05,No,0.1,No,Low
1548-FEHVL,Month-to-month,Electronic check,61,Fiber optic,Yes,No,106.2,No,0.03,No,Low
3795-CAWEX,Two year,Credit card (automatic),70,Fiber optic,Yes,Yes,116.55,No,0.01,No,Low
6215-NQCPY,Month-to-month,Electronic check,15,Fiber optic,Yes,No,99.7,No,0.32,No,Medium
5647-URDKA,Two year,Mailed check,8,No,No internet service,No internet service,19.7,No,0.0,No,Low
2229-DPMBI,Two year,Mailed check,8,No,No internet service,No internet service,19.5,No,0.0,No,Low
9626-WEQRM,Month-to-month,Mailed check,4,DSL,Yes,No,29.15,No,0.11,No,Low
2188-SXWVT,One year,Mailed check,34,DSL,Yes,No,55.0,No,0.01,No,Low
6258-PVZWJ,Two year,Credit card (automatic),68,DSL,Yes,Yes,90.8,No,0.0,No,Low
1094-BKOSX,One year,Bank transfer (automatic),45,DSL,No,Yes,51.0,No,0.08,No,Low
6969-MVBAI,Month-to-month,Electronic check,9,Fiber optic,No,No,90.1,No,0.75,Yes,Critical
2978-XXSOG,Month-to-month,Mailed check,22,DSL,Yes,Yes,59.05,No,0.09,No,Low
2342-CKIAO,Month-to-month,Mailed check,2,No,No internet service,No internet service,20.3,No,0.02,No,Low
6953-PBDIN,Two year,Bank transfer (automatic),70,DSL,No,Yes,72.95,No,0.01,No,Low
3898-BSJYF,One year,Credit card (automatic),10,DSL,Yes,Yes,73.55,No,0.0,No,Low
3938-YFPXD,Two year,Credit card (automatic),72,DSL,Yes,Yes,84.3,No,0.0,No,Low
7696-AMHOD,One year,Credit card (automatic),49,DSL,No,No,78.0,No,0.01,No,Low
2453-SAFNS,One year,Mailed check,54,DSL,No,Yes,72.1,No,0.03,No,Low
9558-IHEZX,Two year,Credit card (automatic),71,Fiber optic,Yes,No,106.75,No,0.03,No,Low
9617-UDPEU,One year,Mailed check,22,No,No internet service,No internet service,19.25,No,0.0,No,Low
6340-DACFT,Two year,Credit card (automatic),50,No,No internet service,No internet service,20.55,No,0.0,No,Low
4955-VCWBI,One year,Mailed check,43,No,No internet service,No internet service,20.0,No,0.0,No,Low
6813-GZQCG,Two year,Credit card (automatic),45,No,No internet service,No internet service,24.65,No,0.02,No,Low
7426-GSWPO,Month-to-month,Bank transfer (automatic),64,Fiber optic,Yes,No,103.5,No,0.01,No,Low
3389-KTRXV,Two year,Mailed check,23,No,No internet service,No internet service,23.85,No,0.03,No,Low
3118-UHVVQ,Two year,Credit card (automatic),68,No,No internet service,No internet service,25.8,No,0.0,No,Low
1031-IIDEO,Month-to-month,Electronic check,1,Fiber optic,No,No,70.85,Yes,0.92,Yes,Critical
5832-XKAES,Month-to-month,Credit card (automatic),2,Fiber optic,No,No,69.8,Yes,0.8,Yes,Critical
3205-MXZRA,One year,Credit card (automatic),26,DSL,No,Yes,59.45,No,0.02,No,Low
4701-AHWMW,Month-to-month,Bank transfer (automatic),55,DSL,No,Yes,54.55,Yes,0.05,No,Low
8317-BVKSO,Month-to-month,Electronic check,14,No,No internet service,No internet service,20.05,No,0.02,No,Low
5702-KVQRD,Two year,Electronic check,71,DSL,Yes,Yes,82.55,No,0.02,No,Low
0083-PIVIK,One year,Electronic check,64,DSL,Yes,Yes,81.25,No,0.05,No,Low
9210-IAHGH,Month-to-month,Credit card (automatic),7,DSL,No,Yes,70.75,Yes,0.68,Yes,High
6169-PGNCD,Two year,Credit card (automatic),57,DSL,Yes,Yes,74.3,No,0.01,No,Low
0023-XUOPT,Month-to-month,Electronic check,13,Fiber optic,No,No,94.1,Yes,0.52,Yes,Medium
4592-IWTJI,Month-to-month,Credit card (automatic),3,DSL,Yes,No,29.7,Yes,0.76,Yes,Critical
4909-JOUPP,Two year,Credit card (automatic),72,Fiber optic,No,Yes,109.7,No,0.01,No,Low
4657-FWVFY,Month-to-month,Credit card (automatic),40,Fiber optic,No,No,96.35,No,0.14,No,Low
2257-BOVXD,Month-to-month,Credit card (automatic),14,DSL,No,Yes,66.6,No,0.21,No,Low
7729-JTEEC,Month-to-month,Electronic check,2,DSL,No,No,44.5,No,0.27,No,Low
7632-MNYOY,One year,Credit card (automatic),66,Fiber optic,No,Yes,110.9,Yes,0.71,Yes,High
6518-LGAOV,Month-to-month,Electronic check,38,Fiber optic,No,Yes,105.0,Yes,0.72,Yes,High
7242-QZLXF,Month-to-month,Electronic check,1,DSL,No,No,25.3,Yes,0.78,Yes,Critical
4576-CSAJH,One year,Credit card (automatic),22,DSL,No,Yes,55.15,Yes,0.68,Yes,High
1000-AJSLD,Month-to-month,Mailed check,1,No,No internet service,No internet service,20.1,Yes,0.8,Yes,Critical
9696-RMYBA,Month-to-month,Mailed check,5,Fiber optic,No,No,80.1,No,0.29,No,Low
8690-UPCZI,One year,Bank transfer (automatic),29,DSL,Yes,Yes,69.05,No,0.07,No,Low
1062-LHZOD,Month-to-month,Mailed check,1,Fiber optic,No,No,69.9,Yes,0.92,Yes,Critical
9770-LXDBK,Month-to-month,Mailed check,3,No,No internet service,No internet service,20.4,No,0.04,No,Low
4086-WITJG,Two year,Credit card (automatic),71,No,No internet service,No internet service,19.7,No,0.0,No,Low
8344-WFMFH,Month-to-month,Electronic check,9,DSL,No,No,50.1,No,0.14,No,Low
9600-NAXZN,Month-to-month,Electronic check,43,Fiber optic,No,No,101.4,Yes,0.97,Yes,Critical
8822-KNBHV,One year,Credit card (automatic),48,DSL,Yes,No,83.45,No,0.0,No,Low
8404-FYDIB,Month-to-month,Credit card (automatic),26,Fiber optic,Yes,No,86.65,No,0.11,No,Low
2791-SFVEW,Month-to-month,Bank transfer (automatic),9,No,No internet service,No internet service,20.15,No,0.16,No,Low
6457-USBER,Month-to-month,Electronic check,1,Fiber optic,No,No,80.8,Yes,0.91,Yes,Critical
6762-NSODU,Two year,Credit card (automatic),46,No,No internet service,No internet service,19.4,No,0.0,No,Low
4662-EKDPQ,Month-to-month,Bank transfer (automatic),2,DSL,No,No,62.05,Yes,0.83,Yes,Critical
9248-OJYKK,Month-to-month,Electronic check,1,Fiber optic,No,No,76.45,Yes,0.99,Yes,Critical
9888-ZCUMM,Two year,Bank transfer (automatic),64,DSL,Yes,Yes,60.05,No,0.0,No,Low
3398-FSHON,Month-to-month,Electronic check,12,Fiber optic,No,No,91.3,Yes,0.88,Yes,Critical
3319-DWOEP,Month-to-month,Electronic check,6,Fiber optic,No,No,95.75,Yes,0.89,Yes,Critical
1074-WVEVG,One year,Mailed check,59,No,No internet service,No internet service,20.35,No,0.02,No,Low
9979-RGMZT,One year,Mailed check,7,Fiber optic,No,No,94.05,No,0.38,No,Medium
6437-UDQJM,Two year,Credit card (automatic),72,DSL,Yes,No,84.1,No,0.03,No,Low
1226-IENZN,Month-to-month,Electronic check,16,Fiber optic,No,No,78.75,No,0.16,No,Low
2108-GLPQB,Month-to-month,Credit card (automatic),25,DSL,No,No,55.55,No,0.02,No,Low
9259-PACGQ,Month-to-month,Electronic check,34,DSL,Yes,Yes,62.65,Yes,0.63,Yes,High
4415-IJZTP,Month-to-month,Electronic check,1,Fiber optic,No,No,74.5,Yes,0.93,Yes,Critical
1465-VINDH,Month-to-month,Credit card (automatic),10,Fiber optic,No,No,102.1,Yes,0.79,Yes,Critical
5474-LAMUQ,One year,Mailed check,24,No,No internet service,No internet service,20.1,No,0.0,No,Low
3468-DRVQJ,One year,Electronic check,10,DSL,Yes,No,70.3,No,0.04,No,Low
1122-YJBCS,One year,Credit card (automatic),69,DSL,Yes,No,53.65,No,0.08,No,Low
4990-ALDGW,Two year,Mailed check,57,No,No internet service,No internet service,20.75,No,0.04,No,Low
4816-OKWNX,One year,Bank transfer (automatic),50,Fiber optic,No,Yes,103.4,No,0.13,No,Low
3315-IKYZQ,One year,Mailed check,28,DSL,Yes,Yes,50.8,No,0.02,No,Low
2810-FTLEM,Month-to-month,Electronic check,16,DSL,Yes,No,50.15,Yes,0.7,Yes,High
4747-LCAQL,Month-to-month,Mailed check,25,DSL,Yes,Yes,79.0,No,0.02,No,Low
3411-WLRSQ,Month-to-month,Bank transfer (automatic),3,Fiber optic,No,No,74.6,No,0.25,No,Low
0898-XCGTF,One year,Bank transfer (automatic),61,Fiber optic,No,No,96.5,No,0.11,No,Low
8006-PYCSW,Month-to-month,Mailed check,2,No,No internet service,No internet service,20.1,No,0.0,No,Low
8249-THVEC,One year,Mailed check,51,No,No internet service,No internet service,19.4,No,0.0,No,Low
8722-PRFDV,Two year,Credit card (automatic),71,DSL,Yes,No,77.55,No,0.04,No,Low
2164-SOQXL,Month-to-month,Mailed check,20,No,No internet service,No internet service,20.05,No,0.02,No,Low
4020-KIUDI,Month-to-month,Credit card (automatic),6,No,No internet service,No internet service,19.85,No,0.02,No,Low
5850-BDWCY,Month-to-month,Mailed check,6,No,No internet service,No internet service,20.2,No,0.045,No,Low
2038-YSEZE,Month-to-month,Mailed check,29,DSL,Yes,Yes,67.45,No,0.04,No,Low
0827-ITJPH,Two year,Credit card (automatic),36,No,No internet service,No internet service,18.55,No,0.0,No,Low
8799-OXZMD,Month-to-month,Mailed check,28,DSL,No,No,29.75,No,0.07,No,Low
1925-TIBLE,Month-to-month,Electronic check,7,Fiber optic,No,No,86.5,Yes,0.92,Yes,Critical
1705-GUHPV,Two year,Mailed check,63,No,No internet service,No internet service,24.2,No,0.0,No,Low
4779-ZGICK,Two year,Mailed check,48,No,No internet service,No internet service,23.55,No,0.0,No,Low
0048-PIHNL,One year,Bank transfer (automatic),49,No,No internet service,No internet service,20.45,No,0.14,No,Low
0818-OCPZO,Month-to-month,Electronic check,27,Fiber optic,No,No,81.45,Yes,0.83,Yes,Critical
3967-KXAPS,Two year,Credit card (automatic),72,DSL,Yes,Yes,92.3,No,0.0,No,Low
1447-GIQMR,Month-to-month,Electronic check,1,Fiber optic,No,No,69.15,Yes,1.0,Yes,Critical
3704-IEAXF,Two year,Credit card (automatic),72,DSL,No,Yes,53.65,No,0.01,No,Low
6810-VCAEX,One year,Credit card (automatic),47,DSL,Yes,Yes,39.65,No,0.0,No,Low
0674-EYYZV,Month-to-month,Electronic check,1,DSL,No,No,54.65,No,0.26,No,Low
4480-MBMLB,One year,Bank transfer (automatic),36,Fiber optic,No,No,104.8,No,0.09,No,Low
1395-OFUWC,Month-to-month,Credit card (automatic),43,DSL,No,No,29.3,No,0.27,No,Low
0822-QGCXA,Month-to-month,Electronic check,27,DSL,No,Yes,83.85,No,0.1,No,Low
0872-NXJYS,Month-to-month,Electronic check,9,Fiber optic,No,No,79.55,Yes,0.88,Yes,Critical
2832-KJCRD,Month-to-month,Electronic check,38,Fiber optic,No,Yes,103.65,No,0.21,No,Low
3588-WSTTJ,Month-to-month,Electronic check,35,Fiber optic,Yes,No,99.05,No,0.16,No,Low
4075-WKNIU,Two year,Mailed check,0,DSL,No,Yes,73.35,No,0.08,No,Low
5090-EMGTC,Two year,Mailed check,59,Fiber optic,No,Yes,100.05,No,0.01,No,Low
2346-CZYIL,Two year,Credit card (automatic),27,No,No internet service,No internet service,20.35,No,0.0,No,Low
3798-EPWRR,Month-to-month,Electronic check,2,DSL,No,No,43.95,No,0.14,No,Low
6258-NGCNG,Month-to-month,Mailed check,7,No,No internet service,No internet service,23.5,No,0.26,No,Low
4186-ZBUEW,One year,Mailed check,36,DSL,No,Yes,70.7,No,0.06,No,Low
5274-XHAKY,Month-to-month,Bank transfer (automatic),41,Fiber optic,Yes,No,94.3,No,0.13,No,Low
1442-BQPVU,Month-to-month,Electronic check,13,DSL,No,No,29.15,No,0.08,No,Low
3978-YNKDD,Two year,Credit card (automatic),19,No,No internet service,No internet service,20.85,No,0.0,No,Low
4940-KHCWD,Two year,Bank transfer (automatic),60,DSL,Yes,Yes,37.7,No,0.04,No,Low
9412-ARGBX,Two year,Mailed check,48,Fiber optic,No,Yes,95.5,Yes,0.09,No,Low
1389-CXMLU,Month-to-month,Electronic check,3,Fiber optic,No,No,91.05,Yes,0.91,Yes,Critical
9589-ABEPT,Two year,Mailed check,69,Fiber optic,No,Yes,92.45,No,0.01,No,Low
9388-ZEYVT,One year,Electronic check,43,DSL,No,Yes,44.15,No,0.04,No,Low
0305-SQECB,One year,Mailed check,11,DSL,Yes,Yes,36.05,No,0.01,No,Low
7605-SNLQG,Month-to-month,Credit card (automatic),45,DSL,No,No,50.25,No,0.03,No,Low
4670-TABXH,Two year,Credit card (automatic),72,Fiber optic,No,Yes,109.75,No,0.05,No,Low
5561-NWEVX,Month-to-month,Electronic check,2,Fiber optic,No,No,79.2,Yes,0.89,Yes,Critical
0064-SUDOG,Two year,Bank transfer (automatic),12,No,No internet service,No internet service,20.3,No,0.07,No,Low
8561-NMTBD,One year,Credit card (automatic),67,Fiber optic,No,Yes,112.35,No,0.05,No,Low
5161-XEUVX,Two year,Mailed check,37,Fiber optic,No,Yes,94.3,No,0.05,No,Low
8292-FRFZQ,One year,Bank transfer (automatic),39,DSL,Yes,Yes,41.15,No,0.0,No,Low
8591-NXRCV,Month-to-month,Bank transfer (automatic),41,DSL,Yes,Yes,74.65,No,0.06,No,Low
7895-VONWT,Month-to-month,Electronic check,25,DSL,No,No,48.25,No,0.09,No,Low
4526-RMTLL,Two year,Credit card (automatic),8,DSL,Yes,Yes,76.15,No,0.04,No,Low
6253-GNHWH,Two year,Mailed check,71,DSL,Yes,Yes,71.1,No,0.01,No,Low
4566-NECEV,Month-to-month,Electronic check,5,Fiber optic,No,No,96.55,No,0.19,No,Low
8080-POTJR,One year,Credit card (automatic),30,DSL,Yes,No,79.3,No,0.02,No,Low
6906-MPARY,One year,Credit card (automatic),40,Fiber optic,No,Yes,89.6,No,0.04,No,Low
3662-FXJFO,Two year,Mailed check,54,No,No internet service,No internet service,20.5,No,0.0,No,Low
8107-RZLNV,Two year,Bank transfer (automatic),72,Fiber optic,No,No,106.3,No,0.04,No,Low
0516-OOHAR,One year,Bank transfer (automatic),28,Fiber optic,No,No,100.35,No,0.2,No,Low
2027-CWDNU,Month-to-month,Electronic check,18,Fiber optic,No,Yes,85.6,No,0.21,No,Low
2737-WFVYW,Month-to-month,Electronic check,2,DSL,No,No,45.25,Yes,0.91,Yes,Critical
9912-OMZDS,One year,Electronic check,59,Fiber optic,No,No,106.15,No,0.05,No,Low
3733-ZEECP,Month-to-month,Electronic check,22,DSL,No,Yes,51.1,No,0.11,No,Low
7878-RTCZG,Month-to-month,Mailed check,1,No,No internet service,No internet service,19.9,No,0.41471428571428576,No,Medium
2452-MRMZF,Two year,Credit card (automatic),72,No,No internet service,No internet service,25.7,No,0.01,No,Low
2272-QAGFO,Month-to-month,Electronic check,14,Fiber optic,No,No,74.3,Yes,0.92,Yes,Critical
7103-IPXPJ,One year,Electronic check,50,Fiber optic,No,Yes,99.4,No,0.14,No,Low
4342-HFXWS,One year,Bank transfer (automatic),48,DSL,Yes,Yes,69.7,No,0.0,No,Low
3545-CNWRG,Month-to-month,Electronic check,49,Fiber optic,No,No,98.35,No,0.12,No,Low
1785-BPHTP,Month-to-month,Electronic check,28,Fiber optic,No,No,85.45,No,0.19,No,Low
4989-LIXVT,Month-to-month,Electronic check,68,Fiber optic,No,No,95.9,No,0.11,No,Low
7315-WYOAW,Month-to-month,Electronic check,13,Fiber optic,No,Yes,100.75,No,0.14,No,Low
1173-XZPYF,Month-to-month,Electronic check,11,Fiber optic,No,No,89.2,No,0.36,No,Medium
9850-OWRHQ,Month-to-month,Credit card (automatic),3,Fiber optic,No,No,74.1,Yes,0.96,Yes,Critical
3768-NLUBH,Month-to-month,Electronic check,57,Fiber optic,No,No,100.6,Yes,0.78,Yes,Critical
8676-TRMJS,Month-to-month,Mailed check,3,Fiber optic,No,No,75.0,Yes,0.67,Yes,High
2509-TFPJU,Two year,Credit card (automatic),72,No,No internet service,No internet service,25.75,No,0.0,No,Low
9530-GRMJG,Two year,Electronic check,70,DSL,No,Yes,84.1,No,0.01,No,Low
6898-RBTLU,Two year,Bank transfer (automatic),49,DSL,No,Yes,79.3,No,0.01,No,Low
5481-NTDOH,One year,Credit card (automatic),67,Fiber optic,Yes,No,107.05,No,0.07,No,Low
2068-WWXQZ,Two year,Bank transfer (automatic),46,No,No internet service,No internet service,20.05,No,0.0,No,Low
7359-SSBJK,Two year,Credit card (automatic),64,DSL,Yes,Yes,70.2,Yes,0.71,Yes,High
2061-VVFST,Month-to-month,Bank transfer (automatic),37,No,No internet service,No internet service,19.5,No,0.25,No,Low
0685-MLYYM,Month-to-month,Electronic check,2,Fiber optic,No,No,70.75,Yes,0.83,Yes,Critical
0749-IRGQE,Month-to-month,Electronic check,13,DSL,No,No,45.3,No,0.65,Yes,High
2380-DAMQP,Two year,Electronic check,72,Fiber optic,Yes,Yes,115.15,No,0.01,No,Low
2256-YLYLP,Two year,Bank transfer (automatic),68,DSL,No,Yes,72.95,No,0.03,No,Low
1272-ILHFG,One year,Mailed check,15,No,No internet service,No internet service,19.65,No,0.0,No,Low
0164-XAIRP,Two year,Bank transfer (automatic),24,No,No internet service,No internet service,19.55,No,0.01,No,Low
5666-CYCYZ,Month-to-month,Electronic check,24,Fiber optic,No,Yes,89.55,No,0.32,No,Medium
4011-ARPHK,Month-to-month,Mailed check,27,DSL,Yes,No,50.35,No,0.03,No,Low
8182-PNAGI,Month-to-month,Bank transfer (automatic),12,DSL,No,Yes,50.25,Yes,0.67,Yes,High
6365-HITVU,Two year,Credit card (automatic),71,DSL,Yes,Yes,87.25,No,0.0,No,Low
7558-IMLMT,Two year,Mailed check,67,No,No internet service,No internet service,20.8,No,0.0,No,Low
9488-FYQAU,Two year,Bank transfer (automatic),63,Fiber optic,No,Yes,109.25,No,0.01,No,Low
3590-TCXTB,Month-to-month,Mailed check,1,No,No internet service,No internet service,20.35,No,0.01,No,Low
6994-KERXL,Month-to-month,Electronic check,4,DSL,No,No,55.9,No,0.25,No,Low
7957-RYHQD,Month-to-month,Credit card (automatic),40,Fiber optic,Yes,No,79.2,Yes,0.48,No,Medium
2180-DXNEG,Month-to-month,Electronic check,12,Fiber optic,No,No,96.0,Yes,0.88,Yes,Critical
1960-UOTYM,Two year,Electronic check,52,DSL,Yes,No,79.2,No,0.01,No,Low
2740-JFBOK,Month-to-month,Electronic check,10,No,No internet service,No internet service,24.0,No,0.03,No,Low
6500-JVEGC,One year,Bank transfer (automatic),68,Fiber optic,Yes,No,101.35,No,0.02,No,Low
5515-AKOAJ,Month-to-month,Electronic check,54,Fiber optic,No,Yes,100.1,Yes,0.77,Yes,Critical
8976-OQHGT,Month-to-month,Mailed check,4,DSL,No,Yes,56.5,Yes,0.68,Yes,High
5245-VDBUR,One year,Mailed check,52,DSL,Yes,No,35.45,No,0.08,No,Low
6230-BSUXY,Month-to-month,Electronic check,1,Fiber optic,No,No,85.0,Yes,0.9,Yes,Critical
8469-SNFFH,One year,Bank transfer (automatic),70,DSL,Yes,Yes,79.4,No,0.02,No,Low
2144-ESWKO,One year,Credit card (automatic),43,DSL,Yes,No,35.2,No,0.04,No,Low
1241-FPMOF,Two year,Mailed check,52,No,No internet service,No internet service,19.65,No,0.0,No,Low
9928-BZVLZ,Two year,Mailed check,12,DSL,Yes,Yes,49.85,No,0.01,No,Low
4114-QMKVN,One year,Bank transfer (automatic),56,DSL,Yes,No,68.75,No,0.02,No,Low
2775-SEFEE,Two year,Bank transfer (automatic),0,DSL,Yes,Yes,61.9,No,0.08,No,Low
9003-CPATH,Month-to-month,Electronic check,42,Fiber optic,No,No,79.9,No,0.19,No,Low
1754-GKYPY,Month-to-month,Bank transfer (automatic),22,Fiber optic,No,No,89.75,No,0.16,No,Low
5294-CDGWY,One year,Electronic check,51,DSL,Yes,No,59.3,Yes,0.68,Yes,High
7956-XQWGU,Month-to-month,Credit card (automatic),27,No,No internet service,No internet service,19.4,No,0.0,No,Low
1591-MQJTP,One year,Bank transfer (automatic),51,Fiber optic,Yes,No,93.65,No,0.1,No,Low
5295-PCJOO,Month-to-month,Electronic check,4,DSL,Yes,No,49.4,Yes,0.77,Yes,Critical
2369-FEVNO,Month-to-month,Mailed check,1,No,No internet service,No internet service,19.9,No,0.3025,No,Medium
9863-JZAIC,Month-to-month,Mailed check,35,DSL,No,No,55.0,Yes,0.63,Yes,High
7471-MQPOS,One year,Bank transfer (automatic),71,DSL,No,Yes,72.9,No,0.49,No,Medium
7660-HDPJV,Month-to-month,Electronic check,1,Fiber optic,No,No,69.2,Yes,1.0,Yes,Critical
5115-SQAAU,Two year,Bank transfer (automatic),69,No,No internet service,No internet service,25.6,No,0.0,No,Low
9845-QOMAD,One year,Mailed check,14,No,No internet service,No internet service,19.75,No,0.0,No,Low
7672-VFMXZ,Month-to-month,Electronic check,57,DSL,Yes,Yes,55.7,No,0.07,No,Low
9739-JLPQJ,Two year,Credit card (automatic),72,Fiber optic,Yes,Yes,117.5,No,0.03,No,Low
9916-AYHTC,Two year,Credit card (automatic),48,No,No internet service,No internet service,19.85,No,0.0,No,Low
3855-ONCAR,Month-to-month,Mailed check,4,Fiber optic,No,No,78.9,No,0.2,No,Low
1488-SYSFC,Month-to-month,Electronic check,31,No,No internet service,No internet service,20.65,No,0.04,No,Low
7931-PXHFC,One year,Mailed check,38,DSL,No,Yes,62.3,Yes,0.73,Yes,High
3990-QYKBE,Month-to-month,Electronic check,37,Fiber optic,No,No,92.5,Yes,0.86,Yes,Critical
0970-QXPXW,Month-to-month,Mailed check,1,No,No internet service,No internet service,19.65,No,0.3132380952380952,No,Medium
3259-KNMRR,Two year,Bank transfer (automatic),57,DSL,No,No,79.75,No,0.06,No,Low
6120-RJKLU,Two year,Credit card (automatic),62,DSL,Yes,Yes,79.95,No,0.03,No,Low
9572-WUKSB,Month-to-month,Electronic check,3,DSL,No,Yes,29.9,No,0.4,No,Medium
5893-KCLGT,Two year,Mailed check,72,No,No internet service,No internet service,19.75,No,0.01,No,Low
0076-LVEPS,Month-to-month,Mailed check,29,DSL,Yes,Yes,45.0,No,0.16,No,Low
3640-JQGJG,Month-to-month,Bank transfer (automatic),13,DSL,No,No,44.8,No,0.04,No,Low
4919-MOAVT,Month-to-month,Electronic check,3,Fiber optic,No,No,69.65,Yes,0.83,Yes,Critical
1596-OQSPS,Month-to-month,Electronic check,11,DSL,No,No,51.1,No,0.01,No,Low
9867-XOBQA,Two year,Mailed check,21,DSL,Yes,Yes,53.15,No,0.02,No,Low
9546-KDTRB,Month-to-month,Bank transfer (automatic),19,No,No internet service,No internet service,24.7,No,0.04,No,Low
3090-HAWSU,Two year,Credit card (automatic),61,Fiber optic,Yes,Yes,111.6,Yes,0.72,Yes,High
9820-RMCQV,Month-to-month,Credit card (automatic),11,DSL,Yes,No,48.55,Yes,0.17,No,Low
3174-RKMOW,Month-to-month,Electronic check,35,Fiber optic,No,Yes,109.95,No,0.15,No,Low
1760-CAZHT,Month-to-month,Mailed check,25,No,No internet service,No internet service,20.8,No,0.0,No,Low
7839-QRKXN,Month-to-month,Mailed check,1,No,No internet service,No internet service,20.2,Yes,0.8658333333333335,Yes,Critical
8441-SHIPE,Two year,Bank transfer (automatic),67,No,No internet service,No internet service,25.6,No,0.0,No,Low
5204-QZXPU,Month-to-month,Electronic check,19,DSL,No,No,39.65,Yes,0.87,Yes,Critical
4597-ELFTS,One year,Electronic check,56,No,No internet service,No internet service,24.9,Yes,0.6,Yes,High
1320-GVNHT,Two year,Credit card (automatic),72,Fiber optic,Yes,No,108.4,No,0.02,No,Low
1047-RNXZV,Two year,Mailed check,43,No,No internet service,No internet service,19.55,No,0.0,No,Low
3541-ZNUHK,Month-to-month,Electronic check,55,Fiber optic,Yes,No,85.1,No,0.04,No,Low
8450-JOVAH,Month-to-month,Mailed check,2,DSL,Yes,No,56.7,Yes,0.3,No,Medium
8725-JEDFD,Month-to-month,Mailed check,27,Fiber optic,No,No,69.05,No,0.15,No,Low
7562-UXTPG,Month-to-month,Mailed check,13,Fiber optic,No,No,70.15,No,0.2,No,Low
8071-SBTRN,Two year,Mailed check,70,Fiber optic,Yes,No,111.15,No,0.03,No,Low
1113-IUJYX,One year,Mailed check,14,Fiber optic,Yes,Yes,105.95,Yes,0.77,Yes,Critical
6668-CNMFP,One year,Bank transfer (automatic),19,Fiber optic,No,Yes,89.35,No,0.08,No,Low
5626-MGTUK,Month-to-month,Bank transfer (automatic),20,Fiber optic,Yes,No,89.1,No,0.26,No,Low
5681-LLOEI,One year,Credit card (automatic),43,Fiber optic,Yes,Yes,91.25,No,0.04,No,Low
8212-DJRCH,Month-to-month,Mailed check,5,Fiber optic,Yes,No,90.35,No,0.52,Yes,Medium
4323-OHFOW,One year,Bank transfer (automatic),70,Fiber optic,No,Yes,105.55,No,0.05,No,Low
4933-BSAIP,Two year,Mailed check,40,No,No internet service,No internet service,19.1,No,0.0,No,Low
2030-BTZRO,Two year,Credit card (automatic),6,No,No internet service,No internet service,20.4,No,0.0,No,Low
1116-DXXDF,Two year,Electronic check,39,Fiber optic,Yes,No,100.45,No,0.09,No,Low
9274-CNFMO,Month-to-month,Electronic check,4,Fiber optic,No,No,74.95,Yes,0.88,Yes,Critical
7758-XKCBS,Month-to-month,Electronic check,15,DSL,No,Yes,29.7,Yes,0.74,Yes,High
8992-JQYUN,Month-to-month,Electronic check,1,DSL,No,No,50.35,Yes,0.99,Yes,Critical
6563-VNPMN,Month-to-month,Bank transfer (automatic),45,Fiber optic,Yes,Yes,85.7,No,0.08,No,Low
0617-AQNWT,Two year,Electronic check,64,DSL,Yes,Yes,47.85,Yes,0.75,Yes,Critical
2267-WTPYD,Month-to-month,Credit card (automatic),57,Fiber optic,No,No,94.0,No,0.08,No,Low
0270-THENM,Two year,Bank transfer (automatic),72,DSL,Yes,Yes,69.85,No,0.02,No,Low
2446-PLQVO,Month-to-month,Electronic check,1,Fiber optic,No,No,70.3,Yes,0.8,Yes,Critical
4707-MAXGU,Two year,Credit card (automatic),72,No,No internet service,No internet service,25.85,No,0.0,No,Low
2710-WYVXG,Two year,Mailed check,3,DSL,Yes,Yes,71.1,No,0.04,No,Low
3005-NFMTA,Month-to-month,Electronic check,55,Fiber optic,Yes,No,98.8,Yes,0.7,Yes,High
6300-BWMJX,Month-to-month,Electronic check,59,Fiber optic,No,Yes,93.35,No,0.07,No,Low
8784-CGILN,Month-to-month,Bank transfer (automatic),18,Fiber optic,No,Yes,99.85,Yes,0.82,Yes,Critical
5389-FFVKB,Month-to-month,Credit card (automatic),32,Fiber optic,No,No,80.3,Yes,0.73,Yes,High
7009-LGECI,Month-to-month,Bank transfer (automatic),4,DSL,Yes,No,50.55,No,0.11,No,Low
8444-WRIDW,Month-to-month,Credit card (automatic),66,Fiber optic,No,No,80.45,Yes,0.74,Yes,High
5022-KVDQT,Month-to-month,Electronic check,27,Fiber optic,No,No,81.3,No,0.28,No,Low
7976-CICYS,Month-to-month,Credit card (automatic),4,No,No internet service,No internet service,20.7,No,0.06,No,Low
1036-GUDCL,Month-to-month,Credit card (automatic),60,DSL,Yes,Yes,79.05,No,0.12,No,Low
2005-DWQZJ,Two year,Mailed check,8,No,No internet service,No internet service,19.05,No,0.0,No,Low
8148-WOCMK,Two year,Credit card (automatic),8,No,No internet service,No internet service,19.6,No,0.0,No,Low
7815-PDTHL,Two year,Mailed check,35,No,No internet service,No internet service,20.2,No,0.0,No,Low
9451-LPGOO,Month-to-month,Electronic check,7,Fiber optic,No,No,86.8,Yes,0.97,Yes,Critical
9173-IVZVP,Two year,Mailed check,53,No,No internet service,No internet service,20.9,No,0.0,No,Low
9129-UXERG,Month-to-month,Credit card (automatic),18,Fiber optic,No,Yes,103.6,No,0.21,No,Low
3635-JBPSG,Two year,Mailed check,15,DSL,No,No,38.8,No,0.09,No,Low
7964-ZRKKG,One year,Bank transfer (automatic),67,Fiber optic,No,No,88.4,No,0.05,No,Low
5868-YWPDW,Month-to-month,Electronic check,6,Fiber optic,No,No,84.2,Yes,0.85,Yes,Critical
6229-LSCKB,Month-to-month,Electronic check,6,Fiber optic,No,No,79.7,No,0.35,No,Medium
2025-JKFWI,Month-to-month,Mailed check,13,Fiber optic,No,Yes,99.0,Yes,0.63,Yes,High
4078-SAYYN,Month-to-month,Electronic check,11,Fiber optic,No,No,100.75,Yes,0.98,Yes,Critical
1724-IQWNM,Month-to-month,Mailed check,1,No,No internet service,No internet service,19.3,No,0.18,No,Low
8217-QYOHV,Month-to-month,Mailed check,5,DSL,Yes,Yes,55.75,No,0.06,No,Low
5546-QUERU,One year,Mailed check,13,No,No internet service,No internet service,19.95,No,0.0,No,Low
9940-HPQPG,Month-to-month,Bank transfer (automatic),9,Fiber optic,Yes,No,91.75,Yes,0.77,Yes,Critical
6897-UUBNU,Month-to-month,Mailed check,29,Fiber optic,No,Yes,89.65,No,0.12,No,Low
6127-IYJOZ,Month-to-month,Mailed check,1,DSL,No,No,45.85,No,0.33,No,Medium
6618-RYATB,Month-to-month,Mailed check,1,Fiber optic,No,No,79.55,Yes,0.98,Yes,Critical
8930-XOTDP,Month-to-month,Mailed check,18,DSL,No,No,55.95,No,0.18,No,Low
5916-QEWPT,Month-to-month,Credit card (automatic),2,DSL,No,No,69.0,No,0.27,No,Low
5060-TQUQN,Month-to-month,Bank transfer (automatic),30,Fiber optic,No,Yes,83.55,No,0.07,No,Low
0531-XBKMM,Two year,Bank transfer (automatic),66,DSL,Yes,Yes,65.7,No,0.01,No,Low
8465-SBRXP,Two year,Bank transfer (automatic),38,Fiber optic,No,Yes,94.9,No,0.03,No,Low
2408-PSJVE,Month-to-month,Mailed check,44,DSL,No,Yes,61.9,No,0.03,No,Low
9079-YEXQJ,Month-to-month,Electronic check,54,Fiber optic,No,Yes,111.1,Yes,0.36,No,Medium
9700-ZCLOT,Month-to-month,Mailed check,2,No,No internet service,No internet service,20.0,No,0.14666666666666667,No,Low
8738-JOKAR,One year,Mailed check,42,DSL,Yes,Yes,67.7,No,0.04,No,Low
4534-WGCIR,Two year,Credit card (automatic),58,No,No internet service,No internet service,25.15,No,0.0,No,Low
1930-WNXSB,Month-to-month,Electronic check,58,Fiber optic,No,No,92.85,No,0.09,No,Low
2685-SREOM,Month-to-month,Electronic check,25,Fiber optic,No,No,89.1,Yes,0.88,Yes,Critical
3508-CFVZL,Two year,Mailed check,71,Fiber optic,Yes,Yes,111.3,No,0.01,No,Low
0402-CQAJN,Month-to-month,Bank transfer (automatic),37,Fiber optic,No,No,101.9,Yes,0.85,Yes,Critical
6692-UDPJC,Month-to-month,Electronic check,14,Fiber optic,No,Yes,91.65,Yes,0.84,Yes,Critical
1273-MTETI,Month-to-month,Electronic check,4,Fiber optic,No,No,88.85,Yes,0.95,Yes,Critical
0657-DOGUM,One year,Bank transfer (automatic),48,DSL,Yes,Yes,60.6,No,0.02,No,Low
5480-HPRRX,Month-to-month,Electronic check,3,DSL,No,No,25.3,Yes,0.56,Yes,High
8792-AOROI,Two year,Mailed check,8,DSL,Yes,Yes,65.5,No,0.02,No,Low
0295-PPHDO,Month-to-month,Electronic check,1,Fiber optic,No,No,95.45,Yes,0.93,Yes,Critical
5146-YYFRZ,Two year,Bank transfer (automatic),67,No,No internet service,No internet service,19.95,No,0.0,No,Low
1195-OIYEJ,Month-to-month,Electronic check,13,Fiber optic,No,No,91.1,Yes,0.93,Yes,Critical
5906-CVLHP,One year,Credit card (automatic),45,DSL,No,Yes,54.15,Yes,0.69,Yes,High
3452-SRFEG,Month-to-month,Bank transfer (automatic),49,Fiber optic,No,No,74.6,No,0.11,No,Low
4070-OKWVH,Month-to-month,Bank transfer (automatic),52,Fiber optic,No,No,94.6,No,0.12,No,Low
5297-MDOIR,One year,Credit card (automatic),63,Fiber optic,Yes,No,81.15,No,0.04,No,Low
6369-MCAKO,Two year,Bank transfer (automatic),68,DSL,Yes,Yes,89.05,No,0.0,No,Low
4926-UMJZD,Month-to-month,Mailed check,31,DSL,No,Yes,49.2,No,0.02,No,Low
6848-HJTXY,Two year,Credit card (automatic),64,No,No internet service,No internet service,19.45,No,0.0,No,Low
6341-AEVKX,One year,Electronic check,62,Fiber optic,Yes,Yes,104.3,No,0.12,No,Low
4501-EQDRN,Month-to-month,Bank transfer (automatic),1,Fiber optic,No,No,69.7,Yes,0.89,Yes,Critical
2990-HWIML,Month-to-month,Electronic check,6,Fiber optic,No,No,89.5,Yes,0.91,Yes,Critical
0682-USIXD,Month-to-month,Electronic check,21,Fiber optic,No,Yes,86.05,No,0.37,No,Medium
6976-BWGLQ,Two year,Bank transfer (automatic),72,No,No internet service,No internet service,25.2,No,0.0,No,Low
7078-NVFAM,Month-to-month,Electronic check,32,DSL,Yes,No,35.15,No,0.08,No,Low
8065-QBYTO,One year,Credit card (automatic),71,Fiber optic,Yes,Yes,99.65,No,0.08,No,Low
2133-TSRRM,Month-to-month,Bank transfer (automatic),34,Fiber optic,Yes,No,105.35,No,0.09,No,Low
7384-GHBPI,Month-to-month,Electronic check,3,DSL,No,No,35.15,Yes,0.88,Yes,Critical
7603-USHJS,Month-to-month,Credit card (automatic),12,Fiber optic,No,No,73.75,Yes,0.4,No,Medium
7234-FECYN,Month-to-month,Electronic check,8,Fiber optic,No,No,101.35,Yes,0.86,Yes,Critical
2511-ALLCS,Two year,Bank transfer (automatic),35,No,No internet service,No internet service,24.3,No,0.0,No,Low
3191-CSNMG,Month-to-month,Electronic check,3,Fiber optic,No,No,80.7,No,0.15,No,Low
7952-OBOYL,Month-to-month,Mailed check,3,Fiber optic,No,Yes,89.85,No,0.86,Yes,Critical
7470-DYNOE,One year,Electronic check,53,DSL,No,No,61.1,No,0.03,No,Low
7853-OETYL,Month-to-month,Electronic check,4,DSL,Yes,No,29.05,No,0.14,No,Low
1545-ACTAS,One year,Bank transfer (automatic),48,Fiber optic,Yes,No,99.7,No,0.12,No,Low
5876-HZVZM,Month-to-month,Credit card (automatic),6,DSL,Yes,No,55.9,Yes,0.61,Yes,High
1400-MMYXY,Month-to-month,Electronic check,3,Fiber optic,No,No,105.9,Yes,0.83,Yes,Critical
5126-RCXYW,Two year,Credit card (automatic),54,DSL,No,Yes,46.0,No,0.0,No,Low
3085-QUOZK,Month-to-month,Mailed check,1,DSL,No,No,43.95,Yes,0.87,Yes,Critical
2363-BJLSL,Month-to-month,Bank transfer (automatic),62,DSL,No,Yes,80.4,No,0.02,No,Low
1956-YIFGE,One year,Mailed check,22,Fiber optic,No,No,100.05,No,0.29,No,Low
3926-CUQZX,Month-to-month,Bank transfer (automatic),1,DSL,No,No,45.1,Yes,0.77,Yes,Critical
7921-LMDFQ,One year,Bank transfer (automatic),51,Fiber optic,No,No,94.0,No,0.09,No,Low
2925-MXLSX,One year,Credit card (automatic),30,DSL,No,No,68.95,No,0.03,No,Low
5820-PTRYM,One year,Credit card (automatic),56,DSL,Yes,Yes,68.45,No,0.01,No,Low
9609-BENEA,One year,Electronic check,35,DSL,No,Yes,69.0,No,0.04,No,Low
6211-WHMYA,Month-to-month,Electronic check,64,DSL,No,Yes,43.85,No,0.1,No,Low
4459-BBGHE,Month-to-month,Electronic check,30,DSL,No,No,44.5,No,0.14,No,Low
9945-PSVIP,Two year,Mailed check,25,No,No internet service,No internet service,18.7,No,0.01,No,Low
1041-RXHRA,Month-to-month,Bank transfer (automatic),41,Fiber optic,No,No,70.25,Yes,0.72,Yes,High
1750-CSKKM,Month-to-month,Electronic check,9,DSL,No,No,55.35,Yes,0.72,Yes,High
9108-EJFJP,Month-to-month,Mailed check,1,DSL,Yes,No,53.55,No,0.18,No,Low
0530-IJVDB,Two year,Electronic check,70,Fiber optic,Yes,Yes,114.6,No,0.01,No,Low
0508-SQWPL,Two year,Bank transfer (automatic),57,No,No internet service,No internet service,20.1,No,0.0,No,Low
2215-ZAFGX,Month-to-month,Electronic check,9,Fiber optic,No,No,85.5,No,0.32,No,Medium
8213-TAZPM,One year,Bank transfer (automatic),69,Fiber optic,No,Yes,108.75,No,0.04,No,Low
7142-HVGBG,Month-to-month,Electronic check,43,Fiber optic,No,No,103.0,Yes,0.9,Yes,Critical
1304-SEGFY,Two year,Electronic check,72,Fiber optic,No,No,97.85,No,0.06,No,Low
7242-EDTYC,Two year,Bank transfer (automatic),44,No,No internet service,No internet service,19.55,No,0.07,No,Low
2904-GGUAZ,Two year,Bank transfer (automatic),72,Fiber optic,Yes,No,84.05,No,0.01,No,Low
8267-ZNYVZ,One year,Electronic check,33,Fiber optic,Yes,Yes,103.75,Yes,0.78,Yes,Critical
5136-GFPMB,Month-to-month,Credit card (automatic),54,Fiber optic,No,No,89.4,No,0.47,No,Medium
2595-KIWPV,Two year,Credit card (automatic),27,No,No internet service,No internet service,19.7,No,0.01,No,Low
5243-SAOTC,Month-to-month,Bank transfer (automatic),54,Fiber optic,No,No,79.85,No,0.1,No,Low
9398-MMQTO,Month-to-month,Credit card (automatic),3,Fiber optic,No,No,74.45,No,0.14,No,Low
7619-PLRLP,One year,Bank transfer (automatic),53,DSL,Yes,No,74.1,No,0.0,No,Low
6457-GIRWB,Month-to-month,Electronic check,1,Fiber optic,No,No,69.35,Yes,1.0,Yes,Critical
6508-NJYRO,One year,Mailed check,15,No,No internet service,No internet service,18.8,No,0.02,No,Low
1450-SKCVI,Month-to-month,Electronic check,56,Fiber optic,No,No,73.85,Yes,0.76,Yes,Critical
4710-NKCAW,Month-to-month,Credit card (automatic),5,DSL,Yes,Yes,64.4,No,0.05,No,Low
5306-BVTKJ,One year,Credit card (automatic),48,DSL,No,No,55.8,No,0.06,No,Low
0357-NVCRI,Month-to-month,Credit card (automatic),25,No,No internet service,No internet service,20.05,No,0.01,No,Low
5570-PTWEH,Month-to-month,Credit card (automatic),3,Fiber optic,No,No,75.15,Yes,0.99,Yes,Critical
2371-KFUOG,One year,Bank transfer (automatic),58,Fiber optic,Yes,No,99.15,No,0.04,No,Low
0463-ZSDNT,Month-to-month,Bank transfer (automatic),10,DSL,No,No,56.75,No,0.12,No,Low
6502-MJQAE,Month-to-month,Electronic check,1,Fiber optic,No,No,69.6,Yes,1.0,Yes,Critical
6257-DTAYD,Two year,Credit card (automatic),71,Fiber optic,No,Yes,104.15,No,0.12,No,Low
4616-ULAOA,Two year,Credit card (automatic),65,Fiber optic,No,Yes,110.8,No,0.01,No,Low
7693-LCKZL,Month-to-month,Electronic check,5,Fiber optic,No,No,80.15,Yes,0.92,Yes,Critical
7746-AWNQW,Month-to-month,Mailed check,28,DSL,No,Yes,35.75,No,0.01,No,Low
5996-EBTKM,Two year,Bank transfer (automatic),67,DSL,No,Yes,69.9,No,0.03,No,Low
2758-RNWXS,One year,Electronic check,35,Fiber optic,Yes,Yes,89.2,No,0.17,No,Low
2314-TNDJQ,Two year,Credit card (automatic),72,DSL,Yes,Yes,55.65,No,0.01,No,Low
2405-LBMUW,One year,Bank transfer (automatic),61,DSL,Yes,Yes,50.7,No,0.05,No,Low
3454-JFUBC,Two year,Credit card (automatic),68,No,No internet service,No internet service,20.0,No,0.01,No,Low
0032-PGELS,Month-to-month,Bank transfer (automatic),1,DSL,Yes,No,30.5,Yes,0.76,Yes,Critical
9039-ZVJDC,Month-to-month,Mailed check,3,No,No internet service,No internet service,19.1,No,0.09,No,Low
6797-LNAQX,Two year,Bank transfer (automatic),70,Fiber optic,No,No,98.3,Yes,0.03,No,Low
9013-AQORL,Month-to-month,Credit card (automatic),48,DSL,No,No,45.55,No,0.37,No,Medium
2898-MRKPI,One year,Credit card (automatic),68,Fiber optic,No,No,101.05,No,0.12,No,Low
2750-BJLSB,One year,Electronic check,47,Fiber optic,Yes,Yes,103.7,No,0.37,No,Medium
3648-GZPHF,One year,Mailed check,32,DSL,No,Yes,36.25,No,0.03,No,Low
2075-RMJIK,Month-to-month,Mailed check,5,DSL,Yes,No,49.4,No,0.13,No,Low
9588-YRFHY,Two year,Credit card (automatic),49,No,No internet service,No internet service,19.9,No,0.0,No,Low
6394-MFYNG,Month-to-month,Bank transfer (automatic),48,Fiber optic,No,No,107.4,Yes,0.81,Yes,Critical
1564-NTYXF,Month-to-month,Electronic check,13,Fiber optic,No,No,82.0,Yes,0.92,Yes,Critical
9364-YKUVW,Month-to-month,Mailed check,15,No,No internet service,No internet service,19.8,No,0.4,No,Medium
5392-AKEMH,Month-to-month,Electronic check,12,DSL,No,No,45.05,No,0.2,No,Low
2451-YMUXS,Two year,Bank transfer (automatic),67,DSL,Yes,Yes,64.55,No,0.03,No,Low
3914-FDRHP,Month-to-month,Electronic check,9,Fiber optic,No,Yes,86.25,No,0.16,No,Low
3078-ZKNTS,Two year,Bank transfer (automatic),13,No,No internet service,No internet service,19.75,No,0.03,No,Low
1024-KPRBB,One year,Mailed check,38,Fiber optic,No,No,89.1,No,0.08,No,Low
4690-PKDQG,Month-to-month,Electronic check,42,Fiber optic,No,No,95.55,No,0.17,No,Low
8155-IBNHG,Month-to-month,Credit card (automatic),24,Fiber optic,No,No,75.4,Yes,0.66,Yes,High
0886-QGENL,Month-to-month,Electronic check,27,Fiber optic,Yes,No,101.25,Yes,0.75,Yes,Critical
9547-ITEFG,Month-to-month,Credit card (automatic),9,Fiber optic,No,No,102.6,No,0.35,No,Medium
1264-FUHCX,One year,Credit card (automatic),49,DSL,No,Yes,56.3,No,0.11,No,Low
7789-CRUVC,Month-to-month,Credit card (automatic),61,Fiber optic,Yes,Yes,94.2,No,0.17,No,Low
6598-KELSS,One year,Bank transfer (automatic),50,DSL,Yes,No,43.05,No,0.04,No,Low
8739-WWKDU,Month-to-month,Electronic check,25,Fiber optic,No,No,89.5,Yes,0.85,Yes,Critical
8685-WHQPW,Month-to-month,Bank transfer (automatic),22,Fiber optic,No,No,74.4,Yes,0.76,Yes,Critical
4745-LSPLO,Month-to-month,Mailed check,1,No,No internet service,No internet service,20.5,Yes,0.75,Yes,Critical
8083-YTZES,Month-to-month,Electronic check,4,Fiber optic,No,No,74.35,Yes,0.81,Yes,Critical
7240-FQLHE,Month-to-month,Bank transfer (automatic),18,Fiber optic,No,Yes,99.75,Yes,0.84,Yes,Critical
6664-FPDAC,One year,Electronic check,56,Fiber optic,No,Yes,111.95,Yes,0.31,No,Medium
9972-VAFJJ,One year,Electronic check,53,Fiber optic,No,Yes,94.0,No,0.09,No,Low
0422-UXFAP,One year,Electronic check,51,Fiber optic,No,No,98.85,No,0.18,No,Low
1904-WAJAA,Two year,Electronic check,24,DSL,Yes,No,64.35,No,0.04,No,Low
5130-YPIRV,Two year,Credit card (automatic),62,DSL,Yes,No,72.0,No,0.0,No,Low
2843-CQMEG,Month-to-month,Mailed check,24,DSL,No,No,49.7,No,0.09,No,Low
6439-PKTRR,Two year,Electronic check,70,DSL,Yes,Yes,80.7,No,0.0,No,Low
5351-QESIO,Month-to-month,Mailed check,1,DSL,No,No,24.2,No,0.31,No,Medium
0786-VSSUD,Month-to-month,Mailed check,16,DSL,No,No,39.0,Yes,0.78,Yes,Critical
5568-DMXZS,Month-to-month,Electronic check,8,DSL,No,Yes,65.45,No,0.03,No,Low
8468-FZTOE,Two year,Electronic check,72,DSL,Yes,Yes,74.35,No,0.0,No,Low
6633-SYEUS,Month-to-month,Bank transfer (automatic),23,Fiber optic,No,Yes,83.2,No,0.13,No,Low
6447-GORXK,Month-to-month,Credit card (automatic),31,DSL,No,No,25.0,No,0.03,No,Low
6967-PEJLL,One year,Electronic check,37,DSL,Yes,Yes,40.2,No,0.21,No,Low
3976-BWUCK,Month-to-month,Credit card (automatic),30,Fiber optic,No,Yes,94.1,Yes,0.67,Yes,High
5981-ZVXOT,One year,Electronic check,35,Fiber optic,Yes,No,108.35,No,0.15,No,Low
1684-FLBGS,Month-to-month,Credit card (automatic),23,DSL,No,Yes,69.5,No,0.07,No,Low
1389-WNUIB,One year,Bank transfer (automatic),20,DSL,Yes,No,76.0,No,0.02,No,Low
0376-OIWME,Month-to-month,Electronic check,36,Fiber optic,Yes,No,93.6,No,0.2,No,Low
3585-ISXZP,Month-to-month,Bank transfer (automatic),8,Fiber optic,No,No,95.65,Yes,0.88,Yes,Critical
0218-QNVAS,One year,Bank transfer (automatic),71,Fiber optic,No,No,100.55,No,0.06,No,Low
6583-QGCSI,Month-to-month,Electronic check,50,Fiber optic,No,No,88.05,Yes,0.81,Yes,Critical
0804-YGEQV,One year,Bank transfer (automatic),43,No,No internet service,No internet service,24.45,No,0.01,No,Low
7164-BPTUT,Two year,Mailed check,57,DSL,Yes,Yes,89.55,No,0.0,No,Low
4174-LPGTI,One year,Bank transfer (automatic),41,DSL,No,Yes,66.5,Yes,0.65,Yes,High
2523-EWWZL,Month-to-month,Electronic check,27,Fiber optic,No,No,76.1,No,0.18,No,Low
0928-XUTSN,Month-to-month,Electronic check,13,Fiber optic,No,No,80.5,No,0.16,No,Low
2108-XWMPY,Month-to-month,Mailed check,3,DSL,Yes,No,35.45,Yes,0.87,Yes,Critical
0052-YNYOT,One year,Electronic check,67,No,No internet service,No internet service,20.55,No,0.08,No,Low
6304-IJFSQ,Month-to-month,Mailed check,3,DSL,No,No,49.9,Yes,0.53,Yes,Medium
9586-JGQKH,Two year,Bank transfer (automatic),64,Fiber optic,No,Yes,105.4,No,0.01,No,Low
4501-VCPFK,Month-to-month,Electronic check,26,DSL,No,Yes,35.75,No,0.08,No,Low
6075-SLNIL,Month-to-month,Credit card (automatic),38,Fiber optic,No,No,95.1,No,0.13,No,Low
9347-AERRL,One year,Credit card (automatic),23,No,No internet service,No internet service,19.3,No,0.0,No,Low
0093-XWZFY,Month-to-month,Credit card (automatic),40,Fiber optic,No,No,104.5,Yes,0.86,Yes,Critical
2274-XUATA,Two year,Bank transfer (automatic),72,DSL,Yes,Yes,63.1,No,0.0,No,Low
1980-KXVPM,Month-to-month,Credit card (automatic),3,Fiber optic,No,No,75.05,Yes,0.89,Yes,Critical
7703-ZEKEF,Month-to-month,Electronic check,23,Fiber optic,No,No,81.0,Yes,0.71,Yes,High
0723-DRCLG,Month-to-month,Electronic check,1,Fiber optic,No,No,74.45,Yes,0.98,Yes,Critical
5482-NUPNA,Month-to-month,Mailed check,4,DSL,Yes,Yes,60.4,Yes,0.32,No,Medium
6691-CCIHA,Two year,Electronic check,62,DSL,Yes,Yes,84.95,No,0.04,No,Low
1685-BQULA,Month-to-month,Bank transfer (automatic),40,Fiber optic,No,No,93.4,No,0.18,No,Low
9053-EJUNL,Month-to-month,Electronic check,41,Fiber optic,No,No,89.2,No,0.09,No,Low
0666-UXTJO,Month-to-month,Credit card (automatic),34,Fiber optic,No,No,85.2,No,0.06,No,Low
1471-GIQKQ,Month-to-month,Electronic check,1,DSL,No,No,49.95,No,0.21,No,Low
4807-IZYOZ,Two year,Bank transfer (automatic),51,No,No internet service,No internet service,20.65,No,0.0,No,Low
1122-JWTJW,Month-to-month,Mailed check,1,Fiber optic,No,No,70.65,Yes,0.86,Yes,Critical
9710-NJERN,Two year,Mailed check,39,No,No internet service,No internet service,20.15,No,0.0,No,Low
9837-FWLCH,Month-to-month,Electronic check,12,No,No internet service,No internet service,19.2,No,0.12,No,Low
1699-HPSBG,One year,Electronic check,12,DSL,No,Yes,59.8,Yes,0.69,Yes,High
7203-OYKCT,One year,Electronic check,72,Fiber optic,No,No,104.95,No,0.09,No,Low
1035-IPQPU,Month-to-month,Electronic check,63,Fiber optic,No,No,103.5,No,0.28,No,Low
7398-LXGYX,Month-to-month,Credit card (automatic),44,Fiber optic,Yes,No,84.8,No,0.13,No,Low
2823-LKABH,Month-to-month,Bank transfer (automatic),18,Fiber optic,No,Yes,95.05,No,0.11,No,Low
8775-CEBBJ,Month-to-month,Bank transfer (automatic),9,DSL,No,No,44.2,Yes,0.72,Yes,High
0550-DCXLH,Month-to-month,Mailed check,13,DSL,No,Yes,73.35,No,0.1,No,Low
9281-CEDRU,Two year,Bank transfer (automatic),68,DSL,No,Yes,64.1,No,0.03,No,Low
2235-DWLJU,Month-to-month,Electronic check,6,DSL,No,No,44.4,No,0.2,No,Low
0871-OPBXW,Month-to-month,Mailed check,2,No,No internet service,No internet service,20.05,No,0.01,No,Low
3605-JISKB,One year,Credit card (automatic),55,DSL,Yes,No,60.0,No,0.02,No,Low
6894-LFHLY,Month-to-month,Electronic check,1,Fiber optic,No,No,75.75,Yes,1.0,Yes,Critical
9767-FFLEM,Month-to-month,Credit card (automatic),38,Fiber optic,No,No,69.5,No,0.22,No,Low
0639-TSIQW,Month-to-month,Credit card (automatic),67,Fiber optic,Yes,No,102.95,Yes,0.68,Yes,High
8456-QDAVC,Month-to-month,Bank transfer (automatic),19,Fiber optic,No,No,78.7,No,0.16,No,Low
7750-EYXWZ,One year,Electronic check,12,DSL,No,Yes,60.65,No,0.12,No,Low
2569-WGERO,Two year,Bank transfer (automatic),72,No,No internet service,No internet service,21.15,No,0.0,No,Low
6840-RESVB,One year,Mailed check,24,DSL,Yes,Yes,84.8,No,0.02,No,Low
2234-XADUH,One year,Credit card (automatic),72,Fiber optic,No,No,103.2,No,0.07,No,Low
4801-JZAZL,Month-to-month,Electronic check,11,DSL,Yes,No,29.6,No,0.05,No,Low
8361-LTMKD,Month-to-month,Mailed check,4,Fiber optic,No,No,74.4,Yes,0.78,Yes,Critical
3186-AJIEK,Two year,Bank transfer (automatic),66,Fiber optic,Yes,Yes,105.65,No,0.14,No,Low
