International plan,Voice mail plan,Account length,Total day charge,Customer service calls,Churn,State,churn_probability,predicted_churn,risk_tier
No,Yes,128,45.07,1,No,KS,0.03,No,Low
No,Yes,107,27.47,1,No,OH,0.04,No,Low
No,No,137,41.38,0,No,NJ,0.05,No,Low
Yes,No,84,50.9,2,No,OH,0.15,No,Low
Yes,No,75,28.34,3,No,OK,0.24,No,Low
Yes,No,118,37.98,0,No,AL,0.07,No,Low
No,Yes,121,37.09,3,No,MA,0.08,No,Low
Yes,No,147,26.69,0,No,MO,0.09,No,Low
Yes,Yes,141,43.96,0,No,WV,0.1,No,Low
No,No,74,31.91,0,No,RI,0.01,No,Low
No,No,168,21.9,1,No,IA,0.05,No,Low
No,No,95,26.62,3,No,MT,0.09,No,Low
No,No,62,20.52,4,No,IA,0.14,No,Low
No,Yes,85,33.39,1,No,ID,0.04,No,Low
No,No,93,32.42,3,No,VT,0.0,No,Low
No,Yes,76,32.25,1,No,VA,0.02,No,Low
No,No,73,38.15,1,No,TX,0.17,No,Low
No,No,147,26.37,0,No,FL,0.01,No,Low
No,No,77,10.61,5,Yes,CO,0.91,Yes,Critical
No,No,130,31.11,0,No,AZ,0.08,No,Low
No,No,132,13.79,0,No,VA,0.01,No,Low
No,No,174,21.13,3,No,NE,0.06,No,Low
No,Yes,57,36.21,0,No,WY,0.03,No,Low
No,No,54,22.83,3,No,MT,0.0,No,Low
No,No,20,32.3,0,No,MO,0.02,No,Low
No,No,142,14.42,2,No,IL,0.02,No,Low
No,No,75,38.44,1,No,NH,0.01,No,Low
No,No,172,36.04,3,No,LA,0.03,No,Low
No,No,12,42.43,1,Yes,AZ,0.79,Yes,Critical
No,Yes,57,30.06,0,No,OK,0.01,No,Low
No,Yes,72,37.4,3,No,GA,0.01,No,Low
No,No,78,22.24,1,No,MA,0.01,No,Low
Yes,Yes,136,34.66,3,No,AK,0.1,No,Low
No,No,149,23.87,1,No,NJ,0.04,No,Low
No,No,98,21.47,3,No,GA,0.01,No,Low
Yes,Yes,135,29.43,0,Yes,MD,0.95,Yes,Critical
No,No,34,21.22,2,No,AR,0.09,No,Low
No,No,160,14.59,3,No,ID,0.13,No,Low
No,No,64,26.18,1,No,WI,0.03,No,Low
No,Yes,59,20.55,2,No,OR,0.01,No,Low
No,No,142,31.79,2,No,DE,0.01,No,Low
No,Yes,97,22.64,1,No,WY,0.02,No,Low
No,No,52,32.62,3,No,IA,0.03,No,Low
No,No,60,37.5,1,No,IN,0.05,No,Low
No,No,96,27.23,2,No,UT,0.03,No,Low
No,No,87,25.67,5,Yes,WY,0.84,Yes,Critical
No,No,81,29.84,1,No,IN,0.03,No,Low
No,No,141,21.57,1,No,CO,0.0,No,Low
No,Yes,121,33.73,3,Yes,CO,0.64,Yes,High
No,No,125,38.98,1,No,OK,0.01,No,Low
No,No,174,32.66,1,No,ID,0.01,No,Low
No,Yes,116,45.66,2,No,CA,0.16,No,Low
No,Yes,149,30.72,3,No,SD,0.02,No,Low
No,No,38,22.3,2,No,NC,0.0,No,Low
No,Yes,40,25.18,2,No,WA,0.0,No,Low
Yes,No,43,42.76,0,No,WY,0.45,No,Medium
Yes,No,113,21.28,0,No,MN,0.11,No,Low
No,No,126,35.97,1,No,UT,0.0,No,Low
No,No,150,30.41,4,Yes,TX,0.75,Yes,Critical
No,No,138,41.11,3,No,NJ,0.02,No,Low
No,Yes,162,38.23,0,No,MN,0.03,No,Low
No,No,147,42.26,3,No,NM,0.01,No,Low
No,No,90,34.58,1,No,NV,0.02,No,Low
No,No,50,26.71,1,No,MN,0.02,No,Low
No,No,82,51.05,0,Yes,DC,0.97,Yes,Critical
No,No,144,10.47,4,Yes,NY,0.76,Yes,Critical
No,No,70,28.93,1,No,MD,0.01,No,Low
No,No,144,34.19,1,No,WV,0.09,No,Low
Yes,No,116,36.62,3,No,OR,0.08,No,Low
No,Yes,55,28.15,3,No,CO,0.0,No,Low
No,Yes,70,42.42,1,No,GA,0.04,No,Low
No,No,106,35.8,2,Yes,TX,0.67,Yes,High
No,No,94,26.84,4,Yes,IN,0.87,Yes,Critical
No,No,111,36.43,1,No,WV,0.04,No,Low
No,Yes,74,26.2,2,No,KY,0.01,No,Low
No,No,128,40.44,1,Yes,NJ,0.78,Yes,Critical
No,No,82,24.46,1,No,DC,0.04,No,Low
No,No,80,21.13,1,No,AR,0.01,No,Low
No,No,78,42.99,3,No,ME,0.06,No,Low
No,No,90,30.45,3,No,AZ,0.0,No,Low
No,No,104,47.33,1,No,AK,0.11,No,Low
No,No,99,33.69,4,No,AZ,0.07,No,Low
No,No,120,36.06,1,Yes,MS,0.06,No,Low
No,Yes,98,27.4,4,No,IA,0.05,No,Low
No,No,135,25.79,0,No,VT,0.0,No,Low
No,No,122,28.99,1,No,IN,0.0,No,Low
No,No,95,40.48,4,No,AZ,0.04,No,Low
No,Yes,93,20.04,1,No,NM,0.03,No,Low
No,No,157,39.07,3,No,UT,0.0,No,Low
No,No,120,28.05,1,No,MI,0.0,No,Low
No,No,103,31.45,2,No,MA,0.0,No,Low
No,No,98,27.37,4,No,AL,0.14,No,Low
No,No,125,21.54,1,No,DE,0.02,No,Low
Yes,Yes,36,33.46,0,Yes,ME,0.88,Yes,Critical
No,No,64,27.64,1,No,NJ,0.06,No,Low
No,No,74,48.03,1,Yes,NV,0.89,Yes,Critical
No,Yes,112,19.33,2,No,MO,0.03,No,Low
No,No,46,35.73,1,No,NE,0.02,No,Low
No,Yes,41,36.35,0,No,TX,0.0,No,Low
No,No,121,32.42,3,No,MD,0.02,No,Low
No,No,193,29.05,1,No,MS,0.0,No,Low
No,No,130,26.21,2,No,NV,0.01,No,Low
No,No,85,34.24,1,No,AZ,0.03,No,Low
No,No,162,12.02,4,Yes,MS,0.87,Yes,Critical
No,Yes,61,31.88,4,Yes,MS,0.22,No,Low
No,No,92,15.59,2,No,TX,0.12,No,Low
No,Yes,131,36.41,3,No,NE,0.03,No,Low
No,No,90,24.74,3,No,NE,0.0,No,Low
No,No,78,39.27,1,No,NJ,0.06,No,Low
No,No,82,34.05,4,No,TX,0.09,No,Low
No,No,163,33.49,1,No,AR,0.0,No,Low
Yes,No,91,22.08,3,No,AL,0.35,No,Medium
No,Yes,75,29.89,5,No,NY,0.08,No,Low
No,No,91,34.53,3,No,FL,0.0,No,Low
No,Yes,127,31.14,1,No,AK,0.05,No,Low
No,Yes,113,34.85,2,No,NV,0.01,No,Low
No,No,110,25.25,1,No,DE,0.02,No,Low
No,Yes,120,34.05,0,No,MD,0.0,No,Low
No,Yes,157,32.74,3,No,MI,0.01,No,Low
No,No,103,41.91,1,No,VT,0.33,No,Medium
Yes,No,117,28.41,2,Yes,VT,0.98,Yes,Critical
No,No,140,39.42,3,No,MI,0.01,No,Low
Yes,No,83,46.16,1,No,UT,0.21,No,Low
No,Yes,145,43.81,2,No,RI,0.06,No,Low
No,No,113,32.95,1,No,IA,0.01,No,Low
No,No,56,38.42,1,No,RI,0.04,No,Low
No,No,96,44.27,5,No,OK,0.06,No,Low
No,No,151,30.38,0,No,LA,0.03,No,Low
No,No,83,57.36,0,Yes,OH,0.93,Yes,Critical
No,Yes,139,26.79,0,No,VA,0.03,No,Low
No,Yes,115,24.16,1,No,FL,0.01,No,Low
No,No,87,23.17,0,No,SC,0.01,No,Low
No,No,141,36.91,0,No,VA,0.05,No,Low
No,Yes,141,31.88,3,No,IA,0.01,No,Low
No,No,62,16.81,1,No,MI,0.03,No,Low
No,No,146,35.07,1,No,OK,0.01,No,Low
No,Yes,92,41.33,2,No,DE,0.0,No,Low
No,Yes,185,32.27,1,No,GA,0.07,No,Low
No,No,148,34.34,1,No,DC,0.05,No,Low
No,Yes,94,28.92,1,No,AZ,0.02,No,Low
No,No,68,40.31,1,No,CO,0.11,No,Low
No,No,179,37.26,0,No,LA,0.02,No,Low
No,No,94,42.94,2,No,NE,0.01,No,Low
No,No,62,25.01,0,No,MN,0.0,No,Low
No,No,116,29.5,3,No,AR,0.05,No,Low
No,No,70,39.46,3,No,KS,0.61,Yes,High
Yes,Yes,94,33.51,4,No,WV,0.09,No,Low
No,No,126,9.89,5,Yes,AK,0.81,Yes,Critical
No,Yes,67,19.65,2,No,NY,0.0,No,Low
No,No,19,31.64,2,No,NH,0.06,No,Low
Yes,No,170,44.18,3,No,VA,0.24,No,Low
No,No,73,36.43,1,No,NM,0.05,No,Low
No,No,106,26.98,1,No,NY,0.0,No,Low
No,No,164,27.3,1,No,WY,0.01,No,Low
No,No,51,39.51,1,No,WA,0.04,No,Low
No,No,107,22.75,0,No,CO,0.0,No,Low
No,No,130,30.07,1,No,TX,0.04,No,Low
No,No,80,35.68,2,No,KY,0.01,No,Low
No,No,94,23.38,0,No,MT,0.01,No,Low
No,Yes,118,49.22,1,No,OK,0.03,No,Low
No,Yes,117,33.68,1,No,MD,0.01,No,Low
No,No,78,25.45,0,No,TN,0.0,No,Low
Yes,Yes,131,49.79,4,Yes,ME,0.84,Yes,Critical
No,No,63,14.11,0,No,DC,0.08,No,Low
No,Yes,53,24.77,3,No,MN,0.03,No,Low
No,No,62,30.99,2,No,DE,0.11,No,Low
No,No,97,37.06,3,No,MD,0.03,No,Low
No,No,105,23.9,2,No,MI,0.01,No,Low
No,No,157,25.96,1,No,WA,0.01,No,Low
No,Yes,66,18.14,1,No,MO,0.04,No,Low
No,No,38,33.05,3,No,OR,0.0,No,Low
No,No,106,36.36,3,No,MD,0.01,No,Low
No,No,99,36.92,3,No,RI,0.02,No,Low
Yes,No,144,34.6,0,No,AZ,0.1,No,Low
No,Yes,82,26.38,1,No,PA,0.04,No,Low
No,Yes,86,28.49,1,No,AZ,0.01,No,Low
Yes,No,70,38.54,2,Yes,FL,0.7,Yes,High
No,No,93,30.48,3,No,LA,0.0,No,Low
No,No,93,25.74,0,No,FL,0.0,No,Low
No,No,120,30.6,3,No,FL,0.01,No,Low
No,No,136,42.53,1,Yes,MD,0.8,Yes,Critical
No,No,106,37.91,0,No,AL,0.0,No,Low
No,No,81,31.21,3,No,WA,0.0,No,Low
No,Yes,127,28.22,1,No,TN,0.09,No,Low
No,No,35,25.38,2,No,ME,0.0,No,Low
No,No,88,11.12,2,No,OK,0.02,No,Low
No,No,123,35.17,3,No,MO,0.03,No,Low
No,Yes,126,31.65,2,No,IA,0.0,No,Low
No,Yes,104,47.63,4,No,VA,0.08,No,Low
Yes,No,93,53.04,0,Yes,MD,0.87,Yes,Critical
Yes,Yes,63,33.83,1,No,OH,0.04,No,Low
No,No,100,34.53,3,No,OK,0.03,No,Low
No,No,53,28.7,0,No,NV,0.01,No,Low
Yes,No,92,29.43,1,No,ID,0.02,No,Low
No,Yes,110,34.44,2,No,SD,0.06,No,Low
No,No,110,12.67,3,No,IL,0.02,No,Low
No,No,73,32.67,1,No,AL,0.01,No,Low
No,No,138,37.43,0,No,NJ,0.02,No,Low
Yes,No,137,22.97,2,Yes,NV,0.88,Yes,Critical
No,No,36,43.08,1,No,IN,0.07,No,Low
No,No,85,38.25,3,No,WV,0.03,No,Low
No,No,108,33.75,0,Yes,VA,0.05,No,Low
No,No,22,18.75,0,No,SC,0.02,No,Low
No,Yes,107,10.2,0,No,RI,0.02,No,Low
No,No,51,36.52,0,No,IN,0.02,No,Low
No,Yes,33,26.76,4,Yes,OR,0.4,No,Medium
No,No,106,35.34,4,No,NJ,0.22,No,Low
No,No,82,35.19,3,No,MS,0.01,No,Low
Yes,No,97,24.43,0,No,TX,0.12,No,Low
No,No,108,23.56,1,No,DC,0.01,No,Low
No,No,114,14.4,1,No,TX,0.03,No,Low
No,No,59,26.38,1,No,UT,0.0,No,Low
No,Yes,24,28.03,1,No,MN,0.05,No,Low
No,No,151,22.87,1,No,IL,0.01,No,Low
No,No,117,24.36,1,No,NM,0.01,No,Low
No,Yes,114,35.05,1,No,WV,0.03,No,Low
No,Yes,114,38.39,4,No,RI,0.07,No,Low
No,No,119,23.51,3,No,NH,0.04,No,Low
Yes,No,118,27.2,2,No,MA,0.09,No,Low
No,No,101,35.12,0,No,PA,0.0,No,Low
No,No,117,22.9,1,No,OK,0.02,No,Low
No,Yes,49,36.45,3,No,AL,0.0,No,Low
No,No,139,32.78,3,No,WY,0.01,No,Low
No,Yes,92,25.69,1,No,PA,0.03,No,Low
Yes,No,148,37.21,0,No,HI,0.03,No,Low
No,Yes,131,32.76,2,No,AL,0.0,No,Low
Yes,No,146,34.75,3,No,VT,0.09,No,Low
No,Yes,48,35.99,1,No,AK,0.01,No,Low
No,Yes,86,37.67,1,No,MI,0.06,No,Low
No,No,71,33.64,3,No,DE,0.04,No,Low
No,No,137,35.09,2,No,MI,0.01,No,Low
No,No,137,35.0,2,No,KS,0.0,No,Low
No,No,167,35.29,0,No,AL,0.05,No,Low
No,No,132,16.92,0,No,NE,0.01,No,Low
No,No,94,30.11,1,No,WI,0.01,No,Low
No,Yes,96,29.36,1,No,WI,0.0,No,Low
No,No,166,34.71,1,No,IN,0.01,No,Low
No,No,74,14.57,2,No,DC,0.06,No,Low
No,No,36,26.79,0,No,AR,0.02,No,Low
No,No,113,36.64,4,No,ME,0.08,No,Low
No,No,67,29.19,2,No,MD,0.0,No,Low
No,No,158,26.86,1,No,IA,0.02,No,Low
No,No,136,15.64,1,No,AZ,0.07,No,Low
No,No,196,39.78,2,No,MO,0.08,No,Low
No,No,113,46.26,1,Yes,VT,0.97,Yes,Critical
No,No,112,33.05,0,No,RI,0.01,No,Low
No,No,209,38.62,3,No,SD,0.18,No,Low
No,No,62,42.28,1,Yes,MN,0.79,Yes,Critical
No,Yes,110,40.17,1,No,TX,0.01,No,Low
No,No,16,34.95,0,No,VA,0.0,No,Low
No,No,73,16.0,0,No,MA,0.05,No,Low
No,No,128,21.28,0,No,ID,0.03,No,Low
No,No,39,10.27,1,No,MA,0.05,No,Low
No,Yes,103,20.57,2,No,GA,0.02,No,Low
No,Yes,119,20.03,3,No,RI,0.04,No,Low
No,Yes,173,39.51,3,No,ID,0.05,No,Low
Yes,Yes,128,38.0,2,Yes,SD,0.82,Yes,Critical
No,No,86,29.97,0,No,MA,0.01,No,Low
No,Yes,114,21.28,1,No,WY,0.01,No,Low
No,No,104,23.58,0,No,VA,0.0,No,Low
No,No,148,14.67,1,No,OR,0.01,No,Low
No,No,129,35.19,3,No,VA,0.0,No,Low
No,Yes,100,10.0,0,No,ME,0.03,No,Low
No,Yes,143,40.66,1,No,GA,0.02,No,Low
No,No,76,33.71,0,No,IA,0.03,No,Low
No,No,158,34.88,0,No,AZ,0.01,No,Low
No,No,116,32.66,3,No,FL,0.01,No,Low
No,No,54,46.34,1,Yes,MT,0.89,Yes,Critical
No,No,86,21.81,7,Yes,AL,0.84,Yes,Critical
No,No,108,28.83,0,No,DE,0.0,No,Low
No,No,66,34.22,1,No,MT,0.02,No,Low
No,Yes,151,36.5,1,No,KY,0.04,No,Low
No,No,99,28.76,0,No,SC,0.08,No,Low
No,No,55,33.0,2,No,WA,0.03,No,Low
No,No,78,38.27,0,No,AK,0.04,No,Low
No,No,89,36.21,1,Yes,GA,0.04,No,Low
No,No,101,31.26,1,No,MN,0.01,No,Low
No,Yes,44,37.71,0,No,IL,0.03,No,Low
No,Yes,98,10.98,2,No,IN,0.01,No,Low
No,Yes,64,26.28,1,No,SC,0.0,No,Low
No,No,141,44.23,3,No,VA,0.02,No,Low
No,Yes,81,27.47,1,No,WI,0.02,No,Low
No,No,162,37.5,1,No,VT,0.01,No,Low
No,Yes,83,26.5,3,No,AZ,0.01,No,Low
No,No,100,18.19,4,Yes,FL,0.93,Yes,Critical
No,No,59,31.03,4,No,AK,0.05,No,Low
Yes,Yes,179,37.42,4,No,AR,0.2,No,Low
No,No,79,25.87,1,No,AR,0.02,No,Low
No,No,117,30.86,2,No,AK,0.05,No,Low
No,No,31,28.24,1,No,ME,0.02,No,Low
No,Yes,122,22.81,2,No,NM,0.01,No,Low
Yes,Yes,37,25.45,1,No,NE,0.08,No,Low
No,Yes,90,25.52,1,No,SC,0.01,No,Low
Yes,No,159,43.71,1,Yes,CO,0.83,Yes,Critical
No,Yes,39,24.09,1,No,OH,0.01,No,Low
No,No,194,27.59,0,No,OK,0.04,No,Low
No,No,154,59.64,1,Yes,CO,0.99,Yes,Critical
No,No,112,32.86,4,No,NC,0.19,No,Low
No,No,45,13.29,1,No,MD,0.05,No,Low
No,No,132,14.18,1,No,KS,0.08,No,Low
No,No,128,33.25,0,No,MA,0.03,No,Low
No,No,56,33.49,2,No,NM,0.0,No,Low
Yes,No,151,37.06,0,Yes,CA,0.86,Yes,Critical
No,No,32,28.02,2,No,NY,0.06,No,Low
No,No,90,30.46,2,No,AZ,0.09,No,Low
No,No,138,28.99,2,No,DC,0.02,No,Low
No,No,79,34.97,1,No,ND,0.0,No,Low
Yes,No,95,28.14,1,Yes,MO,0.86,Yes,Critical
No,No,127,37.57,2,No,KS,0.01,No,Low
No,No,137,41.16,3,No,SD,0.09,No,Low
No,No,97,25.77,1,No,OK,0.0,No,Low
Yes,No,149,29.95,0,No,OR,0.02,No,Low
Yes,Yes,117,33.32,1,No,IN,0.1,No,Low
No,No,84,27.12,2,No,OH,0.02,No,Low
No,No,137,39.13,4,No,KS,0.08,No,Low
No,No,99,24.94,3,No,CT,0.03,No,Low
No,No,85,17.34,1,No,WI,0.02,No,Low
No,No,150,21.42,3,No,MS,0.0,No,Low
No,No,43,28.63,1,No,WV,0.02,No,Low
No,No,98,35.11,5,No,MD,0.13,No,Low
No,No,112,36.91,2,No,PA,0.02,No,Low
No,No,16,39.03,0,Yes,WI,0.69,Yes,High
No,Yes,98,47.31,0,No,TN,0.12,No,Low
No,No,84,30.86,1,No,IL,0.01,No,Low
No,No,66,28.44,1,Yes,DC,0.65,Yes,High
No,Yes,98,20.57,1,No,GA,0.0,No,Low
No,No,74,37.59,0,No,ID,0.03,No,Low
No,No,119,37.88,1,No,KY,0.0,No,Low
No,No,73,31.18,4,No,OH,0.05,No,Low
Yes,No,92,44.93,0,No,WI,0.16,No,Low
No,No,21,24.82,0,No,IL,0.02,No,Low
No,No,122,26.71,4,Yes,DE,0.53,Yes,Medium
Yes,No,133,21.64,1,No,RI,0.05,No,Low
No,No,145,31.94,2,No,TX,0.04,No,Low
No,No,25,30.4,2,No,OR,0.0,No,Low
No,No,126,43.61,3,No,MS,0.03,No,Low
No,No,76,28.82,0,No,OR,0.0,No,Low
No,No,113,40.75,2,Yes,DE,0.9,Yes,Critical
Yes,No,224,29.16,1,Yes,DE,0.57,Yes,High
No,Yes,128,24.19,1,No,SD,0.02,No,Low
No,No,115,31.3,2,No,NV,0.05,No,Low
No,Yes,141,35.17,2,No,NM,0.04,No,Low
No,No,51,44.18,1,No,MN,0.11,No,Low
No,No,100,34.65,0,No,NJ,0.11,No,Low
No,Yes,96,42.3,3,No,IN,0.02,No,Low
No,No,163,20.81,1,No,ME,0.02,No,Low
No,Yes,67,17.83,1,No,NH,0.03,No,Low
No,No,49,20.3,2,No,OR,0.06,No,Low
No,No,46,42.55,2,Yes,KS,0.84,Yes,Critical
No,No,148,30.31,1,No,NE,0.01,No,Low
No,No,112,41.38,1,No,MI,0.05,No,Low
No,No,78,26.35,2,No,SC,0.02,No,Low
No,Yes,61,49.08,0,No,PA,0.07,No,Low
No,Yes,58,40.87,1,No,MT,0.02,No,Low
No,No,155,32.35,1,No,NM,0.04,No,Low
No,No,100,47.26,0,Yes,OH,0.6,Yes,High
No,No,113,26.35,1,No,WY,0.08,No,Low
No,Yes,135,46.48,1,No,AR,0.03,No,Low
No,No,99,26.4,0,No,FL,0.02,No,Low
No,Yes,59,22.63,1,No,AR,0.02,No,Low
No,No,135,41.96,1,No,MO,0.02,No,Low
Yes,No,85,28.12,2,No,WI,0.14,No,Low
No,No,88,23.51,3,No,TX,0.0,No,Low
No,No,55,48.74,2,No,NM,0.17,No,Low
No,No,75,19.94,1,No,GA,0.01,No,Low
No,Yes,86,38.34,0,No,KS,0.01,No,Low
No,No,97,43.59,1,Yes,OH,0.95,Yes,Critical
No,No,88,45.02,1,Yes,MA,0.86,Yes,Critical
No,No,54,27.17,2,No,KY,0.01,No,Low
No,Yes,11,32.4,3,No,DC,0.0,No,Low
No,No,109,31.28,0,No,WA,0.01,No,Low
No,No,90,44.51,1,No,UT,0.08,No,Low
No,No,91,22.73,0,No,NV,0.02,No,Low
No,Yes,105,32.9,0,No,ND,0.0,No,Low
Yes,No,71,30.29,3,Yes,NV,0.8,Yes,Critical
No,Yes,132,38.45,3,Yes,FL,0.58,Yes,High
No,No,112,28.97,1,No,MD,0.0,No,Low
No,Yes,41,33.05,2,No,AL,0.05,No,Low
No,No,44,40.85,1,No,NE,0.1,No,Low
No,No,78,12.75,3,No,NV,0.0,No,Low
No,No,149,11.75,1,No,IL,0.04,No,Low
No,Yes,72,16.42,4,Yes,WV,0.74,Yes,High
No,No,74,25.25,3,No,AR,0.0,No,Low
No,No,50,43.88,1,No,UT,0.06,No,Low
No,Yes,141,25.45,3,No,GA,0.02,No,Low
No,No,140,25.47,1,No,AZ,0.0,No,Low
No,No,99,32.37,2,No,ID,0.03,No,Low
No,No,166,30.84,1,No,HI,0.01,No,Low
No,No,74,26.47,0,No,MD,0.01,No,Low
No,No,117,25.48,2,No,GA,0.01,No,Low
No,No,85,37.79,3,No,GA,0.02,No,Low
No,Yes,36,25.4,0,No,UT,0.03,No,Low
No,No,76,34.71,0,No,IN,0.06,No,Low
No,No,165,41.29,1,No,VT,0.05,No,Low
No,No,130,25.57,1,No,IA,0.01,No,Low
Yes,No,92,22.22,2,Yes,ME,0.87,Yes,Critical
No,No,18,46.51,1,No,MD,0.14,No,Low
Yes,No,161,26.54,2,No,FL,0.06,No,Low
No,Yes,93,30.38,2,No,CA,0.07,No,Low
No,No,144,30.18,2,No,AL,0.03,No,Low
No,No,95,29.78,1,No,WV,0.01,No,Low
No,Yes,124,42.74,1,No,FL,0.04,No,Low
Yes,No,93,36.87,1,Yes,MI,0.93,Yes,Critical
Yes,Yes,109,36.92,0,No,MI,0.06,No,Low
No,No,80,35.07,0,No,NM,0.0,No,Low
No,No,41,27.08,1,No,AK,0.02,No,Low
No,Yes,136,24.33,2,No,OH,0.02,No,Low
No,Yes,143,31.72,1,No,KS,0.0,No,Low
No,Yes,118,29.04,5,Yes,MS,0.68,Yes,High
No,Yes,193,21.08,1,No,VT,0.0,No,Low
No,No,73,33.71,3,No,NE,0.03,No,Low
No,No,62,29.38,2,No,VA,0.01,No,Low
No,Yes,30,36.96,0,No,DE,0.01,No,Low
Yes,Yes,60,45.2,0,Yes,AL,0.9,Yes,Critical
No,Yes,148,15.91,1,No,ID,0.01,No,Low
No,No,96,16.69,2,No,MS,0.07,No,Low
No,No,87,28.59,1,No,NM,0.01,No,Low
No,No,41,34.49,3,No,WI,0.0,No,Low
No,No,112,44.44,1,No,WV,0.0,No,Low
No,No,88,12.46,4,Yes,SC,0.88,Yes,Critical
No,Yes,122,43.13,7,No,KY,0.04,No,Low
No,No,61,7.65,2,No,MO,0.0,No,Low
No,No,176,8.06,2,No,OK,0.01,No,Low
No,No,30,38.66,0,No,MI,0.18,No,Low
No,No,46,21.22,2,No,ID,0.03,No,Low
Yes,No,100,11.65,0,No,DC,0.12,No,Low
No,Yes,47,27.8,2,No,NY,0.0,No,Low
No,No,77,27.71,2,No,AL,0.01,No,Low
No,Yes,98,36.33,2,No,OR,0.01,No,Low
No,Yes,125,34.22,1,No,OK,0.1,No,Low
No,No,194,8.23,1,No,NE,0.09,No,Low
No,Yes,128,29.1,1,No,TX,0.04,No,Low
No,Yes,190,28.31,0,No,UT,0.02,No,Low
No,No,59,18.33,2,No,NY,0.06,No,Low
No,Yes,47,24.02,1,No,AL,0.01,No,Low
Yes,Yes,152,40.38,9,Yes,MN,0.73,Yes,High
No,Yes,95,22.02,1,No,RI,0.02,No,Low
No,Yes,31,17.02,0,No,CT,0.01,No,Low
No,Yes,121,40.31,4,No,OK,0.02,No,Low
No,No,111,29.38,4,Yes,AK,0.81,Yes,Critical
No,No,44,48.98,3,Yes,GA,0.97,Yes,Critical
Yes,No,61,13.29,2,No,UT,0.02,No,Low
No,No,65,25.28,2,No,NM,0.04,No,Low
No,Yes,74,33.08,2,No,NE,0.0,No,Low
No,No,123,27.12,0,No,NJ,0.03,No,Low
No,Yes,58,33.07,1,No,TX,0.02,No,Low
No,No,74,29.6,2,Yes,MT,0.67,Yes,High
No,No,125,22.41,2,No,CO,0.0,No,Low
No,Yes,53,24.96,0,No,RI,0.03,No,Low
No,Yes,99,34.12,1,No,WY,0.01,No,Low
No,No,99,24.75,1,No,ID,0.07,No,Low
No,Yes,66,39.0,2,No,CT,0.01,No,Low
No,No,97,35.87,3,No,ME,0.01,No,Low
Yes,No,85,36.72,2,No,MD,0.21,No,Low
No,No,108,49.81,2,No,IN,0.32,No,Medium
Yes,Yes,133,37.59,2,Yes,NC,0.71,Yes,High
No,No,51,30.86,1,No,DE,0.04,No,Low
No,Yes,186,12.63,2,No,MN,0.02,No,Low
Yes,No,44,10.59,1,No,WI,0.26,No,Low
No,Yes,64,38.86,3,No,FL,0.04,No,Low
No,Yes,114,52.68,1,No,SD,0.06,No,Low
No,No,92,34.32,3,No,FL,0.02,No,Low
No,No,110,25.47,2,No,OR,0.04,No,Low
No,Yes,90,31.25,1,No,CO,0.0,No,Low
No,Yes,72,31.74,1,No,CT,0.02,No,Low
No,No,113,35.6,1,Yes,IN,0.72,Yes,High
No,Yes,171,37.94,3,No,PA,0.02,No,Low
No,No,104,27.91,1,No,NM,0.0,No,Low
No,No,165,25.59,1,No,ME,0.01,No,Low
No,No,104,39.81,0,Yes,SD,0.76,Yes,Critical
No,No,110,9.4,1,No,AR,0.03,No,Low
Yes,No,90,37.71,1,No,TX,0.12,No,Low
No,No,114,28.83,1,No,NH,0.03,No,Low
No,No,109,37.21,2,No,AL,0.16,No,Low
No,No,92,29.97,2,No,OK,0.0,No,Low
No,Yes,82,35.22,2,No,ME,0.0,No,Low
No,No,90,34.97,2,No,WV,0.03,No,Low
No,Yes,87,25.74,1,No,HI,0.01,No,Low
No,No,124,26.78,3,No,MN,0.0,No,Low
No,No,84,27.03,1,No,AZ,0.01,No,Low
No,Yes,75,36.4,0,No,OH,0.01,No,Low
No,No,102,17.44,2,No,MI,0.06,No,Low
Yes,No,62,27.15,0,Yes,MA,0.91,Yes,Critical
No,No,143,34.48,1,No,WV,0.04,No,Low
No,No,53,9.78,3,No,MI,0.02,No,Low
No,No,112,57.04,2,Yes,MO,0.91,Yes,Critical
No,No,129,23.72,0,No,RI,0.01,No,Low
No,No,28,31.93,0,No,WY,0.03,No,Low
No,No,90,32.93,1,No,KY,0.04,No,Low
No,No,151,26.59,4,No,OR,0.13,No,Low
No,Yes,41,40.77,2,No,DC,0.02,No,Low
No,Yes,48,29.24,1,No,UT,0.03,No,Low
No,No,153,33.22,1,No,VA,0.0,No,Low
Yes,No,110,49.86,0,Yes,KS,0.93,Yes,Critical
No,No,163,32.52,1,No,KS,0.02,No,Low
No,No,126,20.81,1,No,DC,0.0,No,Low
No,No,126,27.44,0,No,DC,0.05,No,Low
No,No,97,24.51,3,No,TX,0.05,No,Low
Yes,Yes,95,37.43,0,Yes,NJ,0.78,Yes,Critical
No,No,87,43.55,4,No,DE,0.13,No,Low
No,No,97,19.16,1,No,VT,0.03,No,Low
No,No,76,50.92,0,Yes,GA,0.91,Yes,Critical
No,No,140,33.12,0,No,TX,0.05,No,Low
No,No,169,17.14,0,No,MT,0.02,No,Low
No,Yes,68,14.03,3,No,ND,0.03,No,Low
No,Yes,122,24.89,2,No,NJ,0.05,No,Low
No,No,36,30.24,2,No,MO,0.02,No,Low
No,Yes,120,26.1,5,No,CO,0.17,No,Low
No,Yes,64,30.62,0,No,NC,0.0,No,Low
No,Yes,13,45.1,1,No,MT,0.05,No,Low
No,No,106,21.86,0,No,DE,0.01,No,Low
No,No,74,28.1,1,No,VA,0.0,No,Low
No,No,83,33.15,0,No,IL,0.0,No,Low
No,No,49,36.35,0,No,OK,0.04,No,Low
No,Yes,111,34.94,1,No,CO,0.02,No,Low
No,Yes,50,42.99,3,No,MT,0.01,No,Low
No,No,88,32.64,1,No,ME,0.0,No,Low
No,Yes,131,11.75,0,No,WI,0.02,No,Low
No,No,79,44.49,3,Yes,MO,0.78,Yes,Critical
No,No,140,40.04,2,No,NY,0.19,No,Low
No,No,105,36.28,1,No,CT,0.01,No,Low
No,Yes,87,44.85,3,No,WY,0.02,No,Low
No,Yes,96,31.18,1,No,CA,0.1,No,Low
No,No,130,41.23,2,No,AK,0.01,No,Low
No,No,34,25.67,0,No,VA,0.01,No,Low
No,No,139,23.48,1,No,CO,0.0,No,Low
No,No,63,35.9,0,No,NE,0.01,No,Low
No,No,152,33.51,3,No,VT,0.0,No,Low
No,No,147,34.9,1,No,ND,0.03,No,Low
No,Yes,112,30.91,2,No,GA,0.02,No,Low
No,No,120,42.84,2,No,OR,0.02,No,Low
No,No,171,39.3,1,No,WY,0.05,No,Low
No,Yes,101,34.02,0,No,GA,0.0,No,Low
No,No,151,29.8,0,No,IL,0.01,No,Low
No,No,60,21.27,3,No,CO,0.03,No,Low
No,No,42,41.0,0,No,MA,0.01,No,Low
No,No,84,36.91,1,No,IN,0.07,No,Low
No,No,65,33.22,0,No,NY,0.02,No,Low
Yes,No,75,37.81,1,Yes,TX,0.72,Yes,High
No,Yes,189,43.64,3,No,NE,0.01,No,Low
No,Yes,63,5.25,1,No,CO,0.03,No,Low
No,No,108,31.86,1,No,SC,0.04,No,Low
No,No,71,47.18,1,No,CO,0.15,No,Low
No,No,137,25.02,1,No,MS,0.0,No,Low
No,No,82,31.59,4,No,NE,0.16,No,Low
No,No,96,16.59,1,No,MT,0.06,No,Low
No,No,37,35.02,0,No,NH,0.02,No,Low
No,No,98,36.86,0,No,IA,0.03,No,Low
No,No,121,17.56,0,No,WV,0.0,No,Low
No,No,94,23.7,0,No,RI,0.0,No,Low
No,No,99,32.5,1,No,KS,0.04,No,Low
No,Yes,163,27.2,1,No,MT,0.03,No,Low
No,No,161,37.69,3,No,MO,0.03,No,Low
No,No,99,10.69,1,No,HI,0.0,No,Low
No,No,108,36.65,1,No,CO,0.01,No,Low
No,Yes,84,28.1,3,No,CT,0.07,No,Low
No,No,139,34.54,2,No,DC,0.04,No,Low
No,No,69,33.2,3,No,TN,0.02,No,Low
No,No,129,24.43,4,No,WY,0.07,No,Low
No,No,106,19.45,2,No,MO,0.04,No,Low
No,Yes,168,29.9,2,No,SD,0.04,No,Low
Yes,Yes,57,39.87,2,No,GA,0.06,No,Low
No,No,67,35.82,1,No,AZ,0.02,No,Low
No,No,127,30.99,1,No,AK,0.0,No,Low
No,No,78,32.35,2,No,AK,0.02,No,Low
No,Yes,100,30.11,0,No,CT,0.01,No,Low
No,No,113,36.65,1,No,KY,0.01,No,Low
No,No,78,23.36,3,No,MI,0.11,No,Low
No,Yes,129,32.78,1,No,OR,0.02,No,Low
No,No,57,25.38,2,No,TN,0.0,No,Low
No,No,82,24.43,1,No,WV,0.02,No,Low
No,No,94,46.1,3,Yes,WY,0.9,Yes,Critical
No,No,90,35.22,2,No,WY,0.03,No,Low
No,No,48,51.07,2,No,IN,0.39,No,Medium
No,Yes,85,39.03,2,No,NM,0.01,No,Low
Yes,Yes,93,31.88,1,No,NJ,0.06,No,Low
Yes,No,169,9.71,3,No,DC,0.12,No,Low
No,No,68,27.56,5,Yes,UT,0.79,Yes,Critical
Yes,No,91,24.65,2,Yes,KY,0.95,Yes,Critical
No,No,68,27.12,1,No,KS,0.01,No,Low
No,No,101,32.42,1,No,MI,0.03,No,Low
No,Yes,67,39.2,1,No,UT,0.15,No,Low
No,No,66,5.78,0,No,NE,0.0,No,Low
No,Yes,116,32.88,5,No,FL,0.07,No,Low
No,No,158,34.34,1,No,LA,0.05,No,Low
No,No,78,32.59,1,No,MT,0.03,No,Low
No,Yes,119,27.42,1,No,WA,0.03,No,Low
No,No,120,25.6,1,No,MI,0.03,No,Low
No,No,155,31.38,1,No,KY,0.01,No,Low
No,No,106,37.52,1,No,LA,0.03,No,Low
No,Yes,146,26.18,3,No,AL,0.0,No,Low
No,Yes,101,20.59,0,No,MO,0.01,No,Low
No,Yes,22,30.96,3,No,CO,0.01,No,Low
No,No,41,35.68,1,No,NY,0.0,No,Low
No,No,69,28.48,2,No,OR,0.01,No,Low
No,No,33,36.36,2,No,WY,0.09,No,Low
No,No,112,19.69,1,No,UT,0.0,No,Low
No,Yes,136,30.5,2,No,NV,0.02,No,Low
No,No,128,31.84,1,No,NC,0.01,No,Low
No,No,27,34.2,2,No,NC,0.02,No,Low
Yes,No,161,32.23,1,No,WY,0.04,No,Low
No,Yes,120,26.1,0,No,FL,0.01,No,Low
No,No,113,31.89,2,No,CA,0.01,No,Low
Yes,No,122,39.25,0,Yes,PA,0.67,Yes,High
No,Yes,148,41.63,2,No,WV,0.03,No,Low
No,No,74,39.25,3,No,NJ,0.03,No,Low
No,No,106,31.81,1,No,MT,0.01,No,Low
No,No,179,29.02,1,No,MN,0.02,No,Low
No,No,77,32.22,0,No,ID,0.01,No,Low
Yes,No,127,30.07,1,Yes,MA,0.85,Yes,Critical
No,No,80,27.39,1,No,OR,0.0,No,Low
No,Yes,61,43.25,0,No,AL,0.01,No,Low
Yes,Yes,135,21.71,2,No,ND,0.08,No,Low
No,Yes,115,28.99,6,No,LA,0.31,No,Medium
Yes,No,107,46.5,2,No,MS,0.19,No,Low
Yes,No,112,27.52,1,No,WV,0.06,No,Low
Yes,No,103,10.68,3,No,KS,0.12,No,Low
No,No,69,38.79,3,No,PA,0.05,No,Low
No,No,85,35.67,0,No,SD,0.0,No,Low
No,No,24,45.15,2,Yes,NJ,0.49,No,Medium
No,No,90,36.53,2,No,AL,0.0,No,Low
No,No,137,18.79,3,No,ME,0.07,No,Low
Yes,Yes,69,46.16,1,Yes,NV,0.81,Yes,Critical
No,No,45,19.18,2,No,WI,0.03,No,Low
No,No,73,31.84,1,No,HI,0.01,No,Low
No,No,92,33.49,1,No,DE,0.03,No,Low
No,Yes,113,30.67,1,No,AZ,0.01,No,Low
No,Yes,135,33.51,2,No,GA,0.01,No,Low
No,Yes,100,26.13,1,No,AZ,0.01,No,Low
No,Yes,96,44.42,1,No,MN,0.03,No,Low
No,No,108,41.85,1,No,ME,0.02,No,Low
No,No,84,32.47,0,No,FL,0.03,No,Low
No,No,134,35.41,1,No,WA,0.02,No,Low
No,No,72,43.01,0,No,MT,0.09,No,Low
No,No,83,34.39,0,No,AL,0.02,No,Low
No,No,137,29.65,0,No,WV,0.0,No,Low
No,Yes,56,21.61,1,No,GA,0.01,No,Low
Yes,Yes,61,24.4,0,No,OH,0.2,No,Low
No,Yes,171,31.77,1,No,DE,0.05,No,Low
No,No,58,39.92,0,No,FL,0.01,No,Low
No,No,156,21.03,1,No,AK,0.01,No,Low
No,No,166,29.56,0,No,WI,0.04,No,Low
No,No,75,53.48,2,Yes,KY,0.89,Yes,Critical
No,No,83,38.74,1,No,OH,0.02,No,Low
No,No,243,16.24,2,No,UT,0.07,No,Low
No,No,150,24.87,1,No,MN,0.02,No,Low
No,Yes,92,31.28,2,No,WV,0.0,No,Low
No,No,80,17.99,0,No,MN,0.02,No,Low
No,No,134,30.26,1,No,AL,0.01,No,Low
No,Yes,77,25.4,1,No,PA,0.05,No,Low
No,No,147,35.6,2,No,DE,0.03,No,Low
No,No,74,29.26,1,No,MO,0.0,No,Low
Yes,No,138,28.78,1,No,IL,0.04,No,Low
No,No,64,33.01,2,No,HI,0.02,No,Low
No,No,120,33.8,2,No,ME,0.02,No,Low
Yes,No,121,28.51,3,Yes,CO,0.93,Yes,Critical
No,No,88,34.37,2,No,NH,0.0,No,Low
No,No,104,12.99,3,No,FL,0.02,No,Low
No,No,27,12.36,1,No,GA,0.03,No,Low
No,Yes,81,35.77,0,No,IL,0.02,No,Low
Yes,Yes,64,21.62,0,No,NC,0.08,No,Low
No,Yes,107,34.31,1,No,VT,0.03,No,Low
No,Yes,88,37.32,1,No,DC,0.02,No,Low
No,No,111,16.88,3,No,VT,0.08,No,Low
No,No,77,40.66,5,No,NV,0.1,No,Low
Yes,No,67,20.55,2,No,OR,0.11,No,Low
No,No,102,38.2,1,No,AL,0.0,No,Low
No,Yes,146,30.02,1,No,ND,0.01,No,Low
No,No,96,30.7,1,Yes,NE,0.63,Yes,High
No,No,149,40.39,0,No,ME,0.02,No,Low
No,No,129,33.73,2,No,IL,0.01,No,Low
No,No,166,46.63,0,No,WA,0.13,No,Low
No,No,149,37.01,3,No,KS,0.06,No,Low
No,No,70,22.9,3,No,RI,0.01,No,Low
No,No,66,43.57,2,No,IA,0.05,No,Low
No,No,160,29.95,1,No,NV,0.0,No,Low
No,Yes,129,34.85,1,No,WI,0.0,No,Low
No,No,93,45.54,3,Yes,AL,0.95,Yes,Critical
No,No,169,30.46,2,No,HI,0.02,No,Low
No,No,58,25.4,1,No,MO,0.06,No,Low
No,No,45,35.29,1,No,MO,0.0,No,Low
No,No,155,28.12,3,No,CT,0.0,No,Low
No,No,52,35.67,4,No,MD,0.11,No,Low
No,Yes,119,37.42,0,No,OH,0.02,No,Low
No,No,86,24.02,1,No,NV,0.02,No,Low
No,No,42,33.41,0,No,MD,0.05,No,Low
No,No,123,17.85,0,No,OH,0.02,No,Low
No,No,98,46.14,4,Yes,MA,0.89,Yes,Critical
No,Yes,149,35.14,1,No,OK,0.04,No,Low
No,No,160,28.36,1,No,MA,0.02,No,Low
No,No,103,34.83,5,No,WA,0.12,No,Low
No,Yes,132,26.28,1,No,HI,0.0,No,Low
No,No,137,21.59,1,No,CO,0.02,No,Low
Yes,No,129,45.46,1,No,FL,0.15,No,Low
No,No,62,47.77,1,No,WI,0.1,No,Low
No,No,32,29.1,1,No,WY,0.0,No,Low
No,No,86,21.1,3,No,GA,0.03,No,Low
No,No,130,27.68,1,No,FL,0.01,No,Low
No,No,42,24.87,1,No,WY,0.01,No,Low
No,No,73,43.32,2,No,DE,0.07,No,Low
No,Yes,66,43.33,2,No,ME,0.05,No,Low
No,Yes,103,18.31,0,No,DC,0.01,No,Low
No,No,128,27.0,1,No,IA,0.0,No,Low
No,No,104,31.09,2,No,CO,0.02,No,Low
No,No,103,33.75,0,No,MN,0.01,No,Low
No,No,87,18.85,1,No,AZ,0.05,No,Low
No,Yes,109,28.37,1,Yes,LA,0.6,Yes,High
No,No,97,20.54,4,Yes,ME,0.85,Yes,Critical
No,No,106,28.1,2,No,MD,0.03,No,Low
No,No,125,21.54,2,No,VT,0.02,No,Low
No,Yes,108,36.7,0,No,DC,0.02,No,Low
No,No,125,23.82,1,No,WY,0.02,No,Low
Yes,Yes,72,23.77,0,No,VA,0.04,No,Low
No,No,23,54.67,2,Yes,CT,0.89,Yes,Critical
No,No,149,28.32,7,No,HI,0.15,No,Low
No,No,73,36.41,0,No,WI,0.01,No,Low
No,No,61,44.2,1,Yes,MD,0.79,Yes,Critical
No,No,161,32.62,4,Yes,WV,0.34,No,Medium
No,Yes,118,20.08,1,No,UT,0.12,No,Low
No,No,23,32.33,6,No,CO,0.1,No,Low
No,Yes,127,13.97,0,No,NC,0.03,No,Low
No,Yes,42,27.85,0,No,NJ,0.02,No,Low
No,No,118,45.53,5,Yes,AR,0.9,Yes,Critical
No,No,45,27.17,2,No,IA,0.02,No,Low
No,Yes,50,36.43,1,No,GA,0.02,No,Low
No,No,179,48.84,0,Yes,MO,0.99,Yes,Critical
No,No,152,17.2,2,No,MO,0.02,No,Low
No,No,105,17.48,2,No,WY,0.11,No,Low
No,No,72,18.55,0,No,HI,0.07,No,Low
No,No,52,36.7,1,No,PA,0.03,No,Low
No,No,125,34.58,1,No,TX,0.01,No,Low
No,No,143,18.72,1,No,VA,0.03,No,Low
No,No,65,18.87,1,No,RI,0.05,No,Low
No,No,80,40.78,1,No,WI,0.09,No,Low
No,No,43,14.31,1,No,NC,0.05,No,Low
No,No,143,35.55,0,No,NV,0.07,No,Low
No,Yes,81,22.12,0,No,UT,0.0,No,Low
No,Yes,205,29.89,2,No,ME,0.03,No,Low
No,No,24,41.12,1,No,HI,0.0,No,Low
No,No,74,23.24,0,No,OH,0.01,No,Low
No,No,74,34.07,1,No,OK,0.01,No,Low
Yes,No,74,21.39,1,Yes,KY,0.91,Yes,Critical
No,No,200,21.79,1,No,AL,0.03,No,Low
No,No,86,38.47,4,No,MD,0.1,No,Low
No,Yes,91,27.59,0,No,NE,0.05,No,Low
No,No,130,20.49,1,No,TX,0.02,No,Low
No,No,56,15.49,2,No,OH,0.05,No,Low
No,No,117,28.7,0,No,DE,0.04,No,Low
No,No,126,38.45,0,No,VT,0.04,No,Low
No,No,132,32.62,1,No,OR,0.01,No,Low
No,Yes,81,28.54,4,Yes,NV,0.36,No,Medium
No,No,122,30.6,2,No,NC,0.0,No,Low
No,No,46,43.76,2,Yes,NJ,0.86,Yes,Critical
No,No,99,27.15,1,No,ID,0.05,No,Low
No,No,87,40.32,1,No,AL,0.04,No,Low
No,No,108,17.51,1,No,AK,0.01,No,Low
No,No,53,34.87,3,No,PA,0.0,No,Low
Yes,No,144,25.5,0,No,NV,0.12,No,Low
No,Yes,91,39.51,3,No,AL,0.03,No,Low
No,No,58,28.12,2,No,GA,0.04,No,Low
No,No,5,33.86,3,No,AR,0.03,No,Low
No,No,97,36.99,0,No,MA,0.1,No,Low
No,Yes,142,26.18,1,No,MO,0.01,No,Low
No,Yes,9,32.95,1,No,NY,0.02,No,Low
No,No,73,29.82,0,No,AZ,0.01,No,Low
No,No,43,39.13,0,No,WV,0.01,No,Low
No,Yes,122,29.73,1,Yes,NM,0.66,Yes,High
No,No,93,32.33,0,No,SC,0.01,No,Low
No,No,85,29.99,1,No,VT,0.02,No,Low
No,No,87,38.88,1,No,LA,0.02,No,Low
No,No,137,24.48,0,No,OH,0.01,No,Low
No,Yes,21,23.1,6,No,OR,0.13,No,Low
No,No,104,22.19,0,No,KY,0.02,No,Low
No,Yes,93,22.81,4,Yes,GA,0.77,Yes,Critical
No,No,63,47.26,4,Yes,VT,0.95,Yes,Critical
No,No,161,17.92,0,No,OR,0.03,No,Low
No,Yes,103,19.01,1,No,MO,0.01,No,Low
No,Yes,84,27.05,1,No,ND,0.05,No,Low
No,No,92,36.11,1,No,MN,0.01,No,Low
No,No,77,24.19,1,No,NV,0.01,No,Low
Yes,No,64,58.96,1,Yes,NY,0.97,Yes,Critical
No,Yes,159,19.36,1,No,FL,0.02,No,Low
Yes,Yes,110,45.54,1,Yes,KS,0.86,Yes,Critical
No,No,138,29.14,3,No,NV,0.05,No,Low
No,No,178,46.82,1,No,NV,0.22,No,Low
No,Yes,38,33.52,0,No,SC,0.05,No,Low
No,Yes,45,15.59,1,No,MI,0.03,No,Low
No,No,70,21.47,0,No,TN,0.0,No,Low
No,Yes,147,42.76,3,No,NY,0.04,No,Low
No,No,94,32.4,1,No,NV,0.0,No,Low
No,No,179,19.74,0,No,IL,0.0,No,Low
No,No,59,30.5,0,No,ND,0.0,No,Low
No,No,165,35.31,0,No,NC,0.02,No,Low
No,No,133,47.14,2,Yes,MI,0.81,Yes,Critical
No,No,140,21.3,1,No,TN,0.0,No,Low
No,Yes,93,23.48,2,No,VT,0.0,No,Low
No,Yes,64,34.22,1,No,DE,0.0,No,Low
No,No,48,32.37,2,No,OR,0.01,No,Low
No,No,181,24.36,1,No,NY,0.01,No,Low
No,Yes,168,16.56,2,No,MO,0.16,No,Low
No,No,155,30.84,3,No,FL,0.0,No,Low
No,No,11,24.38,2,No,NY,0.02,No,Low
No,No,182,17.83,2,No,ND,0.01,No,Low
No,No,102,19.52,0,No,OH,0.03,No,Low
No,No,122,39.53,0,No,AL,0.02,No,Low
No,No,41,24.41,1,No,SC,0.01,No,Low
No,No,132,30.04,2,No,GA,0.02,No,Low
No,No,76,44.78,1,Yes,WY,0.48,No,Medium
No,Yes,115,24.65,2,No,HI,0.02,No,Low
No,No,154,28.37,0,No,LA,0.01,No,Low
No,No,100,24.23,2,No,AR,0.01,No,Low
Yes,No,146,22.61,1,No,AK,0.13,No,Low
No,Yes,67,16.15,2,No,AL,0.04,No,Low
Yes,No,161,33.01,1,Yes,UT,0.88,Yes,Critical
No,No,70,37.88,1,No,KS,0.0,No,Low
No,Yes,99,36.72,2,Yes,VA,0.58,Yes,High
No,No,87,24.87,1,No,UT,0.02,No,Low
No,No,87,39.92,1,No,IN,0.02,No,Low
No,No,70,33.76,2,No,CT,0.01,No,Low
No,Yes,119,24.24,3,No,MO,0.02,No,Low
Yes,No,87,22.81,0,No,RI,0.1,No,Low
No,No,112,19.02,5,Yes,CA,0.88,Yes,Critical
No,No,75,20.88,2,No,RI,0.0,No,Low
No,No,150,32.18,4,No,CT,0.05,No,Low
No,Yes,161,40.87,0,No,IN,0.02,No,Low
Yes,Yes,91,15.9,0,No,FL,0.09,No,Low
No,No,124,26.96,3,No,KS,0.01,No,Low
No,No,158,37.55,0,No,RI,0.04,No,Low
No,No,102,24.55,0,No,NV,0.03,No,Low
No,No,85,36.09,0,No,UT,0.01,No,Low
No,No,79,24.99,1,No,OK,0.01,No,Low
No,Yes,139,16.35,2,No,MN,0.02,No,Low
No,No,103,44.78,0,No,NC,0.3,No,Medium
Yes,No,98,2.13,1,No,OR,0.1,No,Low
No,No,78,27.59,2,No,NH,0.0,No,Low
No,No,50,31.21,1,No,AK,0.02,No,Low
No,Yes,86,20.91,1,No,WV,0.0,No,Low
No,No,92,35.36,0,No,GA,0.0,No,Low
No,No,174,40.66,1,No,NM,0.01,No,Low
No,No,124,32.81,1,No,OH,0.04,No,Low
No,Yes,190,19.84,1,No,RI,0.02,No,Low
No,No,101,15.95,1,No,HI,0.01,No,Low
Yes,Yes,185,26.2,2,No,WY,0.05,No,Low
No,Yes,68,40.72,0,No,NY,0.01,No,Low
No,Yes,117,36.72,0,No,KS,0.01,No,Low
No,No,118,31.86,1,No,LA,0.0,No,Low
No,No,124,28.46,0,No,PA,0.0,No,Low
No,No,22,27.27,1,No,NV,0.04,No,Low
No,No,75,24.34,1,No,MN,0.01,No,Low
No,Yes,164,37.25,1,No,MO,0.01,No,Low
No,No,177,39.58,2,No,ME,0.07,No,Low
No,No,110,27.54,0,No,NH,0.01,No,Low
No,No,158,35.68,1,No,MN,0.0,No,Low
No,No,114,32.56,0,No,OH,0.04,No,Low
No,Yes,64,49.49,1,No,NC,0.06,No,Low
No,No,111,43.5,3,No,KY,0.05,No,Low
No,No,60,42.96,2,No,MT,0.08,No,Low
No,No,113,22.46,3,No,NJ,0.02,No,Low
No,No,109,36.89,1,No,FL,0.02,No,Low
No,Yes,105,17.32,0,No,IN,0.03,No,Low
No,No,85,35.96,2,No,DE,0.02,No,Low
No,No,131,26.08,0,No,AL,0.01,No,Low
No,No,59,28.27,2,No,ME,0.02,No,Low
No,No,148,31.48,1,No,SD,0.01,No,Low
No,No,210,17.78,2,No,VA,0.03,No,Low
No,No,106,46.65,1,No,ID,0.33,No,Medium
No,Yes,57,47.58,1,No,KY,0.14,No,Low
No,No,98,31.82,1,No,ND,0.01,No,Low
No,No,157,46.95,3,No,HI,0.18,No,Low
No,Yes,116,34.07,1,No,WI,0.02,No,Low
No,No,30,27.59,2,No,WV,0.03,No,Low
No,No,111,30.07,4,Yes,NJ,0.33,No,Medium
No,No,52,28.14,0,No,KS,0.02,No,Low
No,Yes,135,34.24,2,Yes,NJ,0.04,No,Low
No,No,86,32.39,3,No,NC,0.0,No,Low
No,No,151,40.1,3,No,WY,0.02,No,Low
No,No,117,24.58,2,No,NY,0.0,No,Low
No,No,82,17.17,0,No,ID,0.08,No,Low
No,No,152,35.07,1,No,IA,0.0,No,Low
No,Yes,108,28.07,1,No,TN,0.02,No,Low
No,No,98,28.05,1,Yes,OH,0.64,Yes,High
No,No,47,26.4,3,No,MA,0.0,No,Low
No,No,189,35.41,3,No,OK,0.04,No,Low
No,No,159,32.15,1,Yes,NE,0.04,No,Low
No,Yes,11,22.36,2,No,VA,0.02,No,Low
No,No,111,24.19,2,No,MT,0.03,No,Low
No,Yes,99,14.91,2,No,VT,0.02,No,Low
Yes,Yes,114,29.67,2,No,VA,0.04,No,Low
No,No,71,17.56,2,No,AL,0.02,No,Low
No,Yes,100,41.92,1,No,AL,0.01,No,Low
No,Yes,83,13.35,1,No,WV,0.01,No,Low
No,No,64,25.18,5,Yes,NV,0.89,Yes,Critical
No,No,105,35.05,1,No,TN,0.01,No,Low
No,Yes,144,42.77,2,No,ID,0.03,No,Low
Yes,Yes,106,45.95,1,Yes,WY,0.89,Yes,Critical
No,Yes,19,26.62,1,No,TX,0.01,No,Low
No,No,46,23.7,1,No,MA,0.04,No,Low
No,No,127,37.43,2,No,IL,0.02,No,Low
No,Yes,9,36.4,1,No,LA,0.03,No,Low
No,No,157,33.32,1,No,CO,0.01,No,Low
No,No,105,18.09,6,Yes,UT,0.6,Yes,High
No,No,31,30.14,0,No,ID,0.0,No,Low
No,Yes,95,44.57,0,No,MN,0.08,No,Low
No,No,132,32.86,5,Yes,GA,0.7,Yes,High
No,Yes,119,36.92,0,No,HI,0.01,No,Low
No,No,16,35.62,1,No,AL,0.0,No,Low
No,No,99,16.22,1,No,CT,0.01,No,Low
No,Yes,76,36.48,1,No,CO,0.0,No,Low
No,No,167,22.37,4,Yes,KS,0.62,Yes,High
No,No,129,28.63,1,No,NJ,0.0,No,Low
No,No,116,24.89,1,No,FL,0.0,No,Low
Yes,No,60,31.11,1,No,CA,0.09,No,Low
No,Yes,47,19.07,0,No,TX,0.01,No,Low
Yes,No,40,29.02,3,No,MN,0.27,No,Low
No,No,173,29.33,0,No,AK,0.02,No,Low
No,Yes,157,33.03,1,No,OR,0.0,No,Low
No,Yes,66,31.93,2,No,MS,0.0,No,Low
Yes,Yes,50,52.21,0,No,VT,0.15,No,Low
No,No,72,20.09,3,No,UT,0.02,No,Low
No,No,130,26.18,1,No,KS,0.02,No,Low
No,No,143,26.44,1,No,NV,0.01,No,Low
No,No,32,26.84,1,No,TX,0.04,No,Low
No,No,166,34.58,2,No,MA,0.01,No,Low
No,Yes,72,15.78,1,No,CA,0.06,No,Low
No,Yes,134,36.86,0,No,IA,0.02,No,Low
No,No,13,32.84,4,No,NH,0.07,No,Low
No,No,90,19.24,3,No,GA,0.05,No,Low
No,Yes,111,28.25,3,No,WI,0.03,No,Low
No,Yes,101,44.57,1,No,CO,0.04,No,Low
No,No,72,35.33,0,No,SC,0.02,No,Low
No,Yes,67,41.72,1,No,MI,0.0,No,Low
No,No,172,48.81,3,Yes,MD,0.83,Yes,Critical
No,Yes,154,32.69,2,No,IN,0.0,No,Low
No,No,69,33.01,2,No,ME,0.09,No,Low
No,No,123,35.87,3,No,DC,0.0,No,Low
No,Yes,130,24.12,0,No,TN,0.07,No,Low
No,Yes,142,37.49,2,No,FL,0.03,No,Low
No,Yes,87,24.4,0,No,HI,0.0,No,Low
No,No,149,26.52,0,No,NE,0.03,No,Low
Yes,No,146,27.22,2,No,TN,0.09,No,Low
Yes,No,88,39.97,4,Yes,MD,0.82,Yes,Critical
No,No,48,32.03,1,No,VT,0.02,No,Low
No,No,135,33.12,1,No,OR,0.0,No,Low
No,No,100,42.13,1,No,IN,0.01,No,Low
No,No,98,37.6,4,No,MO,0.2,No,Low
No,Yes,75,20.15,2,No,FL,0.01,No,Low
No,Yes,180,39.41,1,No,DC,0.02,No,Low
No,Yes,100,36.7,1,No,VT,0.0,No,Low
No,Yes,119,36.91,2,No,OH,0.05,No,Low
No,Yes,155,31.16,1,No,LA,0.02,No,Low
Yes,No,78,40.26,1,Yes,IL,0.86,Yes,Critical
No,No,153,32.95,1,No,NJ,0.01,No,Low
No,No,154,32.54,3,No,NE,0.01,No,Low
No,No,48,46.78,1,No,WV,0.12,No,Low
No,No,94,29.58,1,No,ND,0.01,No,Low
No,No,139,28.05,1,No,UT,0.05,No,Low
No,No,126,38.88,1,No,MS,0.01,No,Low
No,No,122,18.34,2,No,MN,0.0,No,Low
No,Yes,131,42.43,3,No,KS,0.02,No,Low
No,No,36,30.36,1,No,KS,0.01,No,Low
No,No,180,23.63,2,No,NV,0.03,No,Low
No,No,25,22.83,2,No,MT,0.02,No,Low
No,No,120,30.33,1,No,AK,0.02,No,Low
No,No,109,29.02,2,No,AR,0.01,No,Low
No,Yes,162,31.37,0,No,LA,0.05,No,Low
No,Yes,124,27.4,1,No,KS,0.03,No,Low
No,No,177,14.43,2,No,OR,0.11,No,Low
No,No,91,37.04,1,No,WI,0.06,No,Low
No,No,105,46.05,0,Yes,CO,0.91,Yes,Critical
No,No,24,41.31,0,Yes,KS,0.14,No,Low
No,No,86,21.47,2,No,IA,0.01,No,Low
No,No,91,27.03,0,No,NE,0.02,No,Low
Yes,Yes,147,37.38,3,No,OH,0.05,No,Low
No,Yes,108,27.56,4,Yes,TN,0.78,Yes,Critical
No,No,159,33.8,5,No,OK,0.08,No,Low
Yes,No,136,43.66,3,No,ND,0.37,No,Medium
No,Yes,45,33.46,1,No,NC,0.01,No,Low
No,No,122,23.82,2,No,MN,0.02,No,Low
No,No,138,33.03,5,No,MN,0.26,No,Low
No,No,132,19.99,1,No,MA,0.0,No,Low
No,No,58,41.33,2,No,GA,0.02,No,Low
No,No,81,24.72,1,No,NV,0.0,No,Low
No,No,87,28.75,3,No,TX,0.05,No,Low
No,No,116,38.98,2,No,ME,0.0,No,Low
No,Yes,62,31.69,2,Yes,MN,0.68,Yes,High
No,No,98,27.68,2,No,TN,0.0,No,Low
Yes,No,107,33.05,2,No,RI,0.12,No,Low
No,No,30,24.65,3,No,NC,0.02,No,Low
No,Yes,40,38.2,1,Yes,MA,0.67,Yes,High
No,No,72,24.99,1,No,TN,0.0,No,Low
No,Yes,95,44.34,1,No,WY,0.06,No,Low
No,No,42,26.42,0,No,IA,0.02,No,Low
No,No,86,28.25,1,No,IN,0.03,No,Low
No,Yes,55,22.19,4,Yes,FL,0.81,Yes,Critical
No,No,74,27.66,0,No,MT,0.05,No,Low
Yes,Yes,81,40.31,1,No,ND,0.27,No,Low
No,No,81,28.25,4,No,MI,0.26,No,Low
No,No,28,20.69,6,Yes,MT,0.9,Yes,Critical
No,No,111,29.99,0,No,AL,0.01,No,Low
No,Yes,3,11.46,2,No,NV,0.07,No,Low
No,Yes,68,29.92,1,No,FL,0.0,No,Low
No,No,163,42.11,0,Yes,NY,0.81,Yes,Critical
No,No,87,19.62,2,No,KS,0.05,No,Low
No,No,58,19.07,0,Yes,NC,0.68,Yes,High
No,No,109,27.64,0,No,MN,0.02,No,Low
No,No,111,39.0,4,No,RI,0.14,No,Low
No,No,144,23.73,2,No,UT,0.0,No,Low
No,No,135,44.85,5,Yes,OR,0.9,Yes,Critical
No,Yes,109,36.98,4,No,SC,0.09,No,Low
No,Yes,107,19.43,1,No,IL,0.01,No,Low
No,No,149,33.37,2,No,OH,0.01,No,Low
No,No,56,43.04,1,No,MA,0.03,No,Low
No,No,129,16.66,0,No,OR,0.02,No,Low
No,No,92,42.4,0,No,CA,0.04,No,Low
No,Yes,67,22.03,1,No,WV,0.0,No,Low
No,No,120,37.62,0,No,VT,0.04,No,Low
No,No,76,34.61,0,No,GA,0.0,No,Low
No,No,79,36.31,2,No,ME,0.05,No,Low
No,Yes,98,30.87,2,No,HI,0.01,No,Low
No,Yes,141,36.62,1,No,AZ,0.02,No,Low
No,No,46,33.86,3,No,IA,0.0,No,Low
No,No,137,19.55,3,No,CT,0.02,No,Low
No,No,171,45.99,1,Yes,WA,0.82,Yes,Critical
No,No,10,37.77,1,No,VA,0.03,No,Low
No,No,88,10.52,3,No,CO,0.07,No,Low
No,No,82,32.16,3,Yes,TX,0.59,Yes,High
No,No,139,33.32,3,No,SD,0.02,No,Low
No,No,87,29.17,0,No,VA,0.02,No,Low
Yes,No,137,29.58,2,No,NY,0.06,No,Low
No,No,45,13.36,1,Yes,WA,0.75,Yes,Critical
No,No,103,24.02,1,No,TN,0.02,No,Low
No,No,100,40.09,2,No,CT,0.02,No,Low
No,No,110,31.47,3,No,WA,0.03,No,Low
No,No,124,43.23,2,No,NH,0.03,No,Low
No,No,10,31.11,2,No,MT,0.03,No,Low
No,Yes,89,27.8,2,No,NE,0.05,No,Low
No,No,121,35.34,2,No,WA,0.0,No,Low
No,No,101,42.26,3,No,WI,0.01,No,Low
No,Yes,103,31.52,2,No,AR,0.03,No,Low
No,No,51,33.63,1,No,WI,0.03,No,Low
Yes,No,2,22.46,2,Yes,DE,0.77,Yes,Critical
No,No,111,33.51,0,No,NH,0.02,No,Low
No,No,118,26.28,2,No,VA,0.01,No,Low
No,Yes,17,26.03,6,Yes,TN,0.76,Yes,Critical
No,No,130,35.9,2,No,VA,0.01,No,Low
No,No,137,23.99,2,No,AZ,0.0,No,Low
No,Yes,185,25.69,2,No,MT,0.06,No,Low
No,No,101,35.63,3,No,OK,0.01,No,Low
No,Yes,95,41.99,3,No,ID,0.02,No,Low
No,No,126,54.62,1,Yes,KS,0.71,Yes,High
No,No,124,42.76,3,No,MS,0.06,No,Low
Yes,No,97,40.27,0,Yes,WY,0.57,Yes,High
No,No,28,27.15,2,No,TX,0.05,No,Low
Yes,No,90,25.19,4,Yes,WA,0.9,Yes,Critical
No,No,190,25.65,1,No,HI,0.03,No,Low
No,Yes,52,29.05,2,No,AK,0.01,No,Low
No,No,73,43.3,0,No,MD,0.05,No,Low
No,No,98,0.0,4,Yes,SD,0.73,Yes,High
Yes,No,106,22.73,1,Yes,PA,0.86,Yes,Critical
No,No,111,38.23,0,No,NC,0.02,No,Low
No,No,59,25.81,1,No,VT,0.05,No,Low
No,Yes,71,24.04,2,No,KY,0.01,No,Low
No,No,55,48.57,0,Yes,WA,0.94,Yes,Critical
No,No,13,9.93,1,No,LA,0.0,No,Low
No,Yes,136,15.37,0,No,WA,0.01,No,Low
No,No,123,19.45,0,No,ME,0.03,No,Low
No,No,105,25.11,2,No,WI,0.03,No,Low
No,Yes,50,51.46,3,No,TX,0.1,No,Low
No,No,118,23.14,1,No,IA,0.0,No,Low
No,No,73,37.03,1,Yes,VT,0.63,Yes,High
No,No,35,21.11,2,No,HI,0.01,No,Low
No,No,64,35.05,1,No,WY,0.03,No,Low
No,No,63,22.59,3,No,WV,0.01,No,Low
No,Yes,117,17.83,3,No,OK,0.05,No,Low
No,No,115,41.65,1,Yes,CT,0.85,Yes,Critical
No,No,162,31.37,1,No,UT,0.0,No,Low
No,No,89,15.22,3,No,NY,0.02,No,Low
Yes,No,94,40.05,1,No,VA,0.13,No,Low
No,No,129,31.62,4,No,VT,0.06,No,Low
No,No,96,30.52,1,No,PA,0.0,No,Low
No,No,108,19.04,4,Yes,SC,0.85,Yes,Critical
No,Yes,97,28.63,0,No,MI,0.01,No,Low
No,Yes,84,36.43,0,No,VT,0.03,No,Low
No,No,65,41.77,4,Yes,OH,0.45,No,Medium
No,Yes,131,26.62,1,No,VT,0.03,No,Low
Yes,Yes,58,24.28,1,No,IL,0.03,No,Low
No,No,54,19.86,1,No,WI,0.03,No,Low
No,Yes,125,40.14,2,No,GA,0.03,No,Low
No,Yes,72,23.48,2,No,VT,0.01,No,Low
No,No,141,8.82,3,No,CT,0.02,No,Low
No,No,113,13.82,0,No,AZ,0.09,No,Low
No,Yes,20,29.16,0,No,SD,0.06,No,Low
No,No,212,21.42,1,No,CT,0.04,No,Low
Yes,No,99,33.52,4,No,IN,0.24,No,Low
No,No,94,33.0,1,No,OH,0.06,No,Low
No,No,40,19.67,1,No,NY,0.0,No,Low
No,Yes,86,26.72,3,No,NE,0.03,No,Low
No,No,101,45.85,3,Yes,OK,0.84,Yes,Critical
No,No,105,38.66,1,No,HI,0.29,No,Low
Yes,Yes,140,32.11,4,No,MD,0.1,No,Low
No,No,101,0.0,1,No,VT,0.11,No,Low
No,Yes,98,18.79,1,No,TX,0.02,No,Low
No,No,104,28.49,4,No,AZ,0.04,No,Low
No,No,115,22.44,3,No,VA,0.01,No,Low
No,No,70,36.28,1,No,NE,0.02,No,Low
No,No,126,29.82,0,No,KY,0.0,No,Low
No,Yes,87,14.04,3,No,NV,0.02,No,Low
No,No,86,21.34,1,No,MO,0.04,No,Low
No,Yes,1,31.13,0,No,NJ,0.02,No,Low
No,No,133,27.56,1,No,NH,0.02,No,Low
No,No,103,28.32,1,No,NC,0.03,No,Low
No,Yes,131,23.1,1,No,MT,0.02,No,Low
No,No,99,24.19,0,No,LA,0.0,No,Low
No,No,27,30.19,3,No,NV,0.03,No,Low
No,No,141,14.14,1,No,AK,0.01,No,Low
Yes,Yes,29,39.95,2,No,OH,0.2,No,Low
No,No,65,17.97,2,No,NM,0.02,No,Low
Yes,No,81,25.4,3,Yes,MI,0.97,Yes,Critical
No,Yes,37,45.0,0,No,MN,0.05,No,Low
No,Yes,107,27.25,1,No,WY,0.2,No,Low
Yes,Yes,127,16.3,1,No,WY,0.06,No,Low
No,No,78,23.92,0,No,WA,0.04,No,Low
No,No,176,42.65,2,No,RI,0.02,No,Low
Yes,No,96,34.1,2,No,AL,0.09,No,Low
No,Yes,11,35.67,1,No,WV,0.01,No,Low
No,Yes,48,33.66,1,No,WV,0.01,No,Low
No,Yes,47,19.18,2,No,UT,0.02,No,Low
Yes,Yes,89,19.14,0,Yes,IL,0.91,Yes,Critical
No,Yes,83,38.49,1,No,MI,0.04,No,Low
Yes,Yes,126,41.63,4,No,WI,0.07,No,Low
No,No,60,34.54,2,No,ND,0.01,No,Low
No,No,122,23.24,0,No,VT,0.02,No,Low
No,No,136,25.94,1,No,WA,0.03,No,Low
No,Yes,172,46.73,1,No,NC,0.07,No,Low
No,No,102,33.27,1,Yes,ME,0.6,Yes,High
Yes,No,113,34.73,1,No,SD,0.07,No,Low
No,No,79,37.79,3,No,WV,0.04,No,Low
No,Yes,55,37.83,1,No,ID,0.06,No,Low
No,No,160,29.63,0,No,GA,0.01,No,Low
No,No,110,41.23,4,No,FL,0.05,No,Low
No,No,192,37.67,4,No,CO,0.1,No,Low
No,No,93,19.43,0,No,NV,0.0,No,Low
No,Yes,101,37.35,2,No,IN,0.02,No,Low
No,No,77,24.63,2,No,VA,0.02,No,Low
No,Yes,105,40.21,2,No,UT,0.02,No,Low
No,Yes,133,29.58,2,Yes,UT,0.68,Yes,High
No,No,131,18.62,1,No,MO,0.08,No,Low
No,Yes,106,13.87,1,No,CT,0.0,No,Low
No,No,118,22.68,1,No,HI,0.01,No,Low
No,No,125,23.31,1,No,MD,0.03,No,Low
No,No,95,33.49,0,No,VA,0.04,No,Low
No,No,80,33.68,3,No,MT,0.03,No,Low
No,No,145,6.72,0,No,SC,0.03,No,Low
No,No,37,33.92,2,No,CO,0.0,No,Low
No,No,87,26.66,1,No,ID,0.02,No,Low
No,No,69,31.18,3,No,AL,0.0,No,Low
No,No,83,22.51,1,No,CO,0.0,No,Low
No,No,195,10.74,0,No,UT,0.02,No,Low
Yes,Yes,67,30.79,0,Yes,DE,0.93,Yes,Critical
No,Yes,75,19.98,3,No,OH,0.05,No,Low
No,Yes,123,37.18,0,No,RI,0.0,No,Low
No,Yes,41,35.24,1,No,FL,0.03,No,Low
No,No,75,25.6,0,No,OH,0.0,No,Low
Yes,No,76,46.46,1,Yes,MD,0.91,Yes,Critical
Yes,No,86,45.24,1,No,IL,0.36,No,Medium
No,No,140,19.18,0,No,PA,0.04,No,Low
No,No,70,17.8,3,No,AZ,0.02,No,Low
No,No,118,43.04,2,No,HI,0.01,No,Low
No,Yes,66,29.7,1,No,NJ,0.03,No,Low
No,No,78,14.79,0,No,WI,0.03,No,Low
No,Yes,129,34.77,2,No,MD,0.01,No,Low
No,No,6,38.51,3,No,OR,0.05,No,Low
Yes,No,107,39.8,1,No,NV,0.19,No,Low
Yes,No,107,22.66,3,Yes,AR,0.86,Yes,Critical
No,No,138,22.76,1,No,MT,0.01,No,Low
No,No,103,27.23,0,No,CT,0.02,No,Low
No,Yes,116,39.2,0,No,UT,0.01,No,Low
No,No,189,38.66,2,No,GA,0.03,No,Low
No,No,161,12.38,2,No,NV,0.05,No,Low
No,No,1,33.34,1,No,TN,0.04,No,Low
No,No,89,33.51,1,No,DE,0.0,No,Low
No,No,64,37.33,1,No,NY,0.04,No,Low
No,Yes,126,26.08,4,Yes,MT,0.83,Yes,Critical
No,No,129,36.72,2,No,IA,0.01,No,Low
No,Yes,128,37.89,0,No,VT,0.05,No,Low
No,No,114,32.27,1,No,MT,0.01,No,Low
No,No,50,26.3,0,No,NH,0.03,No,Low
No,No,86,23.19,3,No,WV,0.0,No,Low
No,No,96,28.99,1,No,ID,0.03,No,Low
Yes,Yes,57,40.21,2,No,WV,0.04,No,Low
No,No,65,26.16,2,No,OH,0.01,No,Low
No,No,136,42.91,2,No,MD,0.14,No,Low
No,No,116,33.64,1,No,MN,0.0,No,Low
No,No,93,25.91,3,No,NE,0.05,No,Low
No,Yes,142,40.36,3,No,MN,0.01,No,Low
No,No,92,45.15,1,No,NY,0.21,No,Low
No,No,70,33.54,1,No,HI,0.0,No,Low
No,Yes,22,33.85,1,No,MO,0.06,No,Low
No,No,37,39.73,2,No,NV,0.02,No,Low
No,No,51,31.13,1,No,MA,0.0,No,Low
No,No,174,23.7,2,No,NH,0.03,No,Low
No,No,68,36.36,1,Yes,UT,0.64,Yes,High
No,No,130,35.21,1,No,FL,0.01,No,Low
No,No,134,30.12,2,No,CT,0.02,No,Low
No,Yes,108,28.87,2,No,KY,0.02,No,Low
No,No,103,29.5,3,No,NM,0.03,No,Low
No,No,62,27.18,1,No,ND,0.01,No,Low
No,No,162,19.57,2,No,NV,0.02,No,Low
No,No,42,15.67,1,No,ID,0.02,No,Low
No,Yes,155,41.46,2,No,OK,0.09,No,Low
No,No,36,19.91,0,No,IA,0.02,No,Low
No,No,143,37.96,0,Yes,OH,0.58,Yes,High
No,No,81,44.44,1,Yes,IA,0.83,Yes,Critical
Yes,No,138,7.91,4,Yes,DE,0.8,Yes,Critical
No,Yes,103,25.48,0,Yes,CA,0.63,Yes,High
Yes,No,127,41.17,2,Yes,WY,0.94,Yes,Critical
No,No,136,44.1,1,Yes,OR,0.72,Yes,High
No,No,99,37.81,2,No,ME,0.05,No,Low
No,No,95,11.8,0,No,AR,0.07,No,Low
Yes,Yes,118,26.61,4,Yes,ME,0.39,No,Medium
No,No,113,10.4,5,Yes,WV,0.86,Yes,Critical
Yes,No,128,41.68,0,No,PA,0.3,No,Medium
No,No,117,17.39,3,No,HI,0.02,No,Low
No,Yes,48,39.25,3,No,MT,0.03,No,Low
Yes,No,81,38.66,0,No,DC,0.16,No,Low
No,No,140,27.64,1,No,MS,0.01,No,Low
No,Yes,107,37.3,2,No,OH,0.0,No,Low
No,No,56,23.32,1,No,MO,0.01,No,Low
No,No,159,14.91,1,No,TX,0.05,No,Low
No,No,102,46.09,1,No,MD,0.16,No,Low
No,No,106,8.87,2,No,SC,0.03,No,Low
No,No,225,28.12,0,Yes,MI,0.69,Yes,High
No,No,86,37.03,0,No,CO,0.05,No,Low
No,No,169,40.07,1,No,ID,0.17,No,Low
No,Yes,122,34.77,2,No,AZ,0.0,No,Low
No,Yes,52,22.12,2,No,MN,0.06,No,Low
No,Yes,79,17.63,2,No,DE,0.01,No,Low
No,No,135,40.78,2,No,MI,0.04,No,Low
No,No,37,32.49,0,No,CA,0.08,No,Low
No,Yes,161,37.15,1,No,MN,0.03,No,Low
No,No,123,21.88,0,No,CT,0.02,No,Low
No,Yes,80,40.22,2,No,WV,0.01,No,Low
No,No,94,14.6,0,No,WV,0.03,No,Low
No,Yes,105,24.0,1,No,NE,0.0,No,Low
No,Yes,73,33.05,0,No,NC,0.0,No,Low
No,No,112,28.49,2,No,NE,0.06,No,Low
No,No,179,39.87,1,No,IL,0.05,No,Low
No,No,57,26.21,1,No,MA,0.0,No,Low
No,Yes,127,24.34,1,No,AZ,0.02,No,Low
Yes,Yes,122,36.79,1,No,SD,0.11,No,Low
No,Yes,33,27.52,1,No,MT,0.05,No,Low
No,No,94,20.18,3,No,VT,0.07,No,Low
No,No,100,30.45,1,No,UT,0.0,No,Low
No,No,106,25.14,2,No,HI,0.0,No,Low
No,Yes,148,35.56,2,No,DC,0.04,No,Low
No,Yes,120,41.53,0,No,WI,0.06,No,Low
No,Yes,91,29.8,1,No,UT,0.05,No,Low
No,No,86,25.59,1,No,WA,0.01,No,Low
No,Yes,78,33.56,0,No,SD,0.02,No,Low
No,No,94,27.8,1,No,MT,0.02,No,Low
No,No,85,40.27,2,Yes,NJ,0.59,Yes,High
No,No,89,13.99,1,No,CT,0.0,No,Low
No,No,128,36.72,1,No,VA,0.01,No,Low
Yes,No,115,30.6,1,No,NC,0.06,No,Low
No,No,76,24.43,1,No,AK,0.02,No,Low
No,Yes,75,33.69,1,No,MD,0.02,No,Low
No,Yes,82,27.85,2,No,ND,0.0,No,Low
No,No,87,32.22,1,No,IN,0.03,No,Low
No,Yes,115,26.38,0,No,MI,0.01,No,Low
Yes,No,99,41.19,0,Yes,AR,0.45,No,Medium
Yes,Yes,121,43.2,3,No,VT,0.1,No,Low
No,Yes,54,19.04,2,No,WV,0.01,No,Low
No,No,95,33.73,0,No,CT,0.01,No,Low
No,Yes,163,37.33,2,No,OR,0.08,No,Low
No,No,57,28.83,0,No,VT,0.03,No,Low
Yes,No,104,27.27,4,No,RI,0.13,No,Low
No,Yes,83,16.15,0,No,RI,0.0,No,Low
No,No,141,27.22,2,No,NM,0.03,No,Low
No,No,95,33.08,3,No,AL,0.0,No,Low
No,No,184,40.19,1,Yes,MT,0.88,Yes,Critical
No,No,74,26.71,2,No,CT,0.04,No,Low
No,No,67,30.57,0,No,TN,0.0,No,Low
Yes,No,104,25.19,0,No,ID,0.03,No,Low
No,No,149,20.26,4,Yes,NH,0.8,Yes,Critical
No,Yes,154,38.08,0,No,ND,0.0,No,Low
No,Yes,138,3.32,0,No,SC,0.05,No,Low
No,No,117,31.42,1,No,KS,0.02,No,Low
No,No,130,29.97,1,No,ME,0.03,No,Low
No,No,73,41.09,2,No,RI,0.03,No,Low
No,Yes,100,38.2,0,No,WI,0.12,No,Low
No,No,149,35.24,1,No,NC,0.0,No,Low
No,No,29,33.46,2,No,OH,0.04,No,Low
No,No,131,18.85,1,No,WY,0.01,No,Low
No,No,153,20.83,2,No,NJ,0.05,No,Low
No,No,84,38.57,2,No,ND,0.02,No,Low
No,No,133,31.79,2,No,WI,0.01,No,Low
No,No,87,34.82,0,No,NY,0.04,No,Low
No,No,72,28.2,2,No,MO,0.0,No,Low
No,Yes,65,26.88,1,No,MN,0.01,No,Low
No,No,74,38.28,2,No,CO,0.06,No,Low
No,No,116,27.1,6,Yes,MD,0.89,Yes,Critical
No,No,68,29.36,2,No,AR,0.0,No,Low
No,No,68,37.88,3,No,TN,0.0,No,Low
Yes,No,54,36.4,1,No,DE,0.04,No,Low
No,No,107,22.78,3,No,WI,0.01,No,Low
No,No,173,49.61,0,Yes,MN,0.75,Yes,Critical
No,No,110,37.86,1,No,MO,0.05,No,Low
No,No,102,29.67,0,No,VA,0.0,No,Low
No,Yes,91,46.41,1,No,OK,0.06,No,Low
Yes,No,64,38.3,1,Yes,CT,0.84,Yes,Critical
No,Yes,176,48.14,1,No,TN,0.15,No,Low
No,Yes,84,15.25,1,No,WI,0.09,No,Low
No,No,138,21.61,3,No,SD,0.02,No,Low
No,Yes,101,18.0,1,No,ND,0.13,No,Low
No,No,136,24.19,2,No,VA,0.0,No,Low
No,No,111,32.52,2,No,UT,0.05,No,Low
No,Yes,132,34.32,0,No,MA,0.1,No,Low
No,No,128,42.04,3,No,SD,0.11,No,Low
No,Yes,92,41.17,1,No,AL,0.02,No,Low
Yes,No,197,21.64,5,Yes,AL,0.91,Yes,Critical
No,Yes,99,30.45,2,No,SC,0.04,No,Low
No,Yes,106,33.56,3,No,FL,0.01,No,Low
No,No,78,32.83,0,No,UT,0.03,No,Low
No,No,98,29.19,1,No,NY,0.0,No,Low
No,Yes,17,33.75,1,No,MS,0.0,No,Low
No,Yes,56,20.69,1,No,NH,0.0,No,Low
No,No,84,22.13,2,No,VA,0.09,No,Low
No,No,95,34.58,2,No,VT,0.02,No,Low
Yes,No,76,40.97,1,Yes,NV,0.88,Yes,Critical
No,No,93,24.09,0,No,WV,0.01,No,Low
No,No,83,22.92,2,No,WA,0.02,No,Low
No,No,123,27.73,1,No,KS,0.04,No,Low
No,No,64,24.74,1,No,VT,0.06,No,Low
No,No,82,56.07,0,Yes,OK,0.97,Yes,Critical
No,No,110,22.42,1,No,CO,0.01,No,Low
No,Yes,47,33.42,2,No,TN,0.01,No,Low
No,No,115,16.95,2,No,KY,0.04,No,Low
No,No,69,24.41,3,No,PA,0.0,No,Low
No,No,90,6.43,3,No,CT,0.03,No,Low
No,No,98,12.38,3,No,MN,0.04,No,Low
No,Yes,90,16.12,1,No,WY,0.0,No,Low
No,Yes,174,37.71,1,No,PA,0.03,No,Low
No,No,79,45.61,1,Yes,PA,0.71,Yes,High
No,No,99,19.64,7,Yes,VT,0.83,Yes,Critical
No,No,114,34.36,2,No,ID,0.01,No,Low
No,No,141,36.65,1,No,PA,0.02,No,Low
No,No,132,28.88,1,No,NM,0.01,No,Low
No,No,133,34.29,0,No,FL,0.02,No,Low
No,No,133,37.59,4,No,TX,0.23,No,Low
No,Yes,93,37.18,2,No,VT,0.01,No,Low
No,No,140,20.45,4,Yes,OR,0.84,Yes,Critical
No,No,144,47.35,1,Yes,FL,0.89,Yes,Critical
No,Yes,24,40.17,3,No,ID,0.03,No,Low
No,No,54,46.55,1,No,MD,0.32,No,Medium
No,No,50,22.29,5,Yes,WV,0.83,Yes,Critical
No,Yes,92,28.46,4,No,ID,0.23,No,Low
No,No,96,33.61,3,No,NV,0.03,No,Low
No,No,102,29.67,4,No,SC,0.07,No,Low
No,No,99,34.0,3,No,NE,0.01,No,Low
No,Yes,36,25.98,1,No,ME,0.01,No,Low
No,No,70,22.08,1,No,MI,0.05,No,Low
Yes,No,109,45.63,2,Yes,AZ,0.78,Yes,Critical
No,No,100,32.05,2,No,AZ,0.04,No,Low
No,No,80,25.47,2,No,MA,0.03,No,Low
No,No,100,19.7,1,No,SC,0.02,No,Low
No,No,50,22.39,1,No,WV,0.0,No,Low
No,No,105,17.24,1,No,MS,0.08,No,Low
No,Yes,113,25.33,4,No,VA,0.11,No,Low
No,Yes,111,16.46,2,No,MS,0.03,No,Low
No,No,161,18.28,2,No,NM,0.12,No,Low
No,No,70,39.58,0,Yes,TX,0.89,Yes,Critical
No,Yes,97,20.59,3,No,HI,0.02,No,Low
No,No,130,21.13,0,No,WA,0.04,No,Low
No,No,92,26.81,1,No,WI,0.05,No,Low
No,No,119,21.13,0,No,CO,0.02,No,Low
No,No,115,48.69,1,Yes,NV,0.84,Yes,Critical
No,Yes,127,29.41,0,No,VA,0.03,No,Low
No,Yes,153,37.15,0,No,ND,0.05,No,Low
No,No,79,7.12,1,No,HI,0.02,No,Low
No,No,35,44.34,1,No,ND,0.4,No,Medium
No,No,68,38.54,0,No,MN,0.02,No,Low
No,No,60,30.48,1,Yes,DC,0.68,Yes,High
No,Yes,71,29.87,1,No,MT,0.07,No,Low
No,No,124,26.76,3,No,WV,0.0,No,Low
No,No,23,19.23,1,Yes,ME,0.07,No,Low
No,No,225,31.06,1,No,WY,0.15,No,Low
Yes,No,181,27.42,0,Yes,NY,0.96,Yes,Critical
No,No,63,24.23,2,No,VT,0.01,No,Low
Yes,No,54,32.39,2,Yes,NC,0.59,Yes,High
Yes,Yes,80,27.08,1,No,MO,0.07,No,Low
Yes,Yes,118,26.15,1,No,NC,0.1,No,Low
Yes,No,42,30.72,2,No,NJ,0.07,No,Low
No,No,134,34.46,0,No,OH,0.02,No,Low
No,Yes,66,32.44,0,No,TX,0.01,No,Low
No,No,66,34.87,2,No,WA,0.01,No,Low
No,Yes,127,40.05,1,No,TN,0.04,No,Low
No,No,146,32.18,0,No,HI,0.04,No,Low
No,Yes,93,28.37,1,No,WY,0.1,No,Low
No,No,77,41.68,0,Yes,CT,0.79,Yes,Critical
No,No,111,22.54,4,Yes,NM,0.79,Yes,Critical
No,Yes,115,32.69,2,No,AL,0.01,No,Low
Yes,No,115,20.74,2,Yes,MN,0.91,Yes,Critical
No,No,114,32.81,2,No,NC,0.01,No,Low
No,No,106,26.96,0,No,OH,0.01,No,Low
No,No,59,26.11,1,No,CO,0.0,No,Low
Yes,Yes,87,37.67,1,No,ND,0.07,No,Low
No,No,21,41.6,1,No,NY,0.01,No,Low
No,Yes,142,40.77,0,No,WI,0.01,No,Low
No,No,149,41.23,3,Yes,OR,0.85,Yes,Critical
No,Yes,54,19.99,2,No,CO,0.03,No,Low
No,No,88,37.09,1,No,PA,0.01,No,Low
No,Yes,85,24.58,1,No,IL,0.0,No,Low
Yes,No,51,26.11,0,Yes,DE,0.92,Yes,Critical
No,Yes,45,23.09,2,No,MO,0.0,No,Low
No,Yes,146,34.43,1,No,OH,0.01,No,Low
No,Yes,63,25.87,1,No,WI,0.01,No,Low
No,No,72,23.61,1,No,OH,0.02,No,Low
No,No,130,21.59,0,No,TN,0.0,No,Low
No,No,97,28.66,1,No,SD,0.04,No,Low
No,No,54,48.72,1,Yes,NY,0.93,Yes,Critical
No,Yes,160,27.98,1,No,GA,0.05,No,Low
No,No,79,24.48,1,No,TX,0.05,No,Low
No,Yes,92,24.07,0,No,WV,0.1,No,Low
No,No,59,34.73,1,No,MI,0.02,No,Low
No,No,132,27.74,1,No,ND,0.0,No,Low
No,No,93,29.94,2,No,SD,0.02,No,Low
No,Yes,147,43.21,5,No,NJ,0.17,No,Low
No,No,101,29.73,1,No,AK,0.04,No,Low
Yes,No,125,31.84,0,Yes,CT,0.79,Yes,Critical
No,No,63,36.01,3,No,CO,0.02,No,Low
No,No,107,41.12,0,No,MD,0.0,No,Low
No,No,117,27.47,1,No,MN,0.03,No,Low
No,No,124,32.98,0,No,KY,0.01,No,Low
No,No,115,18.65,3,No,NH,0.04,No,Low
Yes,No,156,47.09,1,No,CO,0.22,No,Low
No,No,89,32.66,0,No,KY,0.0,No,Low
No,No,72,33.73,0,No,KY,0.01,No,Low
No,No,53,31.42,2,No,OR,0.02,No,Low
No,No,116,28.53,2,No,SD,0.03,No,Low
No,No,78,23.66,3,No,DE,0.03,No,Low
No,No,56,20.67,1,No,NE,0.02,No,Low
No,Yes,123,45.97,1,No,OH,0.07,No,Low
No,Yes,116,43.01,2,No,AR,0.04,No,Low
No,No,102,34.1,3,No,WI,0.01,No,Low
No,No,95,28.49,2,No,OR,0.02,No,Low
No,No,102,26.61,2,No,VA,0.01,No,Low
No,Yes,89,36.57,1,No,AR,0.0,No,Low
No,No,50,51.29,1,No,CT,0.14,No,Low
No,Yes,93,25.89,7,No,OH,0.09,No,Low
No,No,68,33.22,1,No,WY,0.03,No,Low
No,No,70,35.48,2,No,IL,0.03,No,Low
No,Yes,138,32.32,0,No,MO,0.0,No,Low
No,Yes,112,31.14,0,No,MA,0.01,No,Low
Yes,No,117,9.21,1,Yes,NH,0.92,Yes,Critical
No,Yes,1,35.36,1,No,IA,0.02,No,Low
No,No,70,39.15,1,No,AL,0.0,No,Low
No,Yes,52,33.27,2,No,WV,0.02,No,Low
No,No,105,28.24,2,No,NV,0.02,No,Low
No,Yes,77,23.1,4,Yes,SC,0.71,Yes,High
Yes,No,80,32.15,2,Yes,NC,0.92,Yes,Critical
No,Yes,120,30.24,1,No,NH,0.01,No,Low
No,Yes,54,24.46,2,No,WY,0.01,No,Low
Yes,No,148,25.19,2,No,FL,0.05,No,Low
No,No,119,48.81,2,Yes,PA,0.78,Yes,Critical
No,No,85,28.19,5,Yes,MO,0.72,Yes,High
No,Yes,101,24.5,1,No,KS,0.06,No,Low
No,No,172,29.33,0,No,KY,0.0,No,Low
No,No,80,33.97,1,No,DE,0.01,No,Low
No,No,67,18.55,2,No,WI,0.04,No,Low
No,No,86,29.21,1,No,CO,0.02,No,Low
No,No,107,37.79,1,Yes,NM,0.71,Yes,High
No,No,133,41.79,0,No,DE,0.12,No,Low
No,No,116,27.98,0,No,IL,0.01,No,Low
No,No,63,35.99,0,No,WA,0.06,No,Low
Yes,Yes,119,25.02,0,Yes,MA,0.83,Yes,Critical
Yes,No,133,43.3,0,Yes,OH,0.83,Yes,Critical
Yes,No,94,28.92,1,No,TN,0.08,No,Low
No,No,69,33.17,0,No,MA,0.02,No,Low
No,No,146,25.38,7,Yes,MI,0.86,Yes,Critical
Yes,Yes,142,32.49,0,No,NH,0.07,No,Low
No,No,123,35.17,3,No,MD,0.06,No,Low
No,No,101,40.63,1,Yes,MS,0.87,Yes,Critical
No,No,43,30.48,0,No,AZ,0.0,No,Low
No,No,69,31.5,0,No,IN,0.01,No,Low
Yes,No,15,24.04,2,No,NY,0.11,No,Low
No,No,67,25.93,2,No,WV,0.02,No,Low
No,No,99,24.75,1,No,NY,0.02,No,Low
No,No,46,27.91,1,No,OK,0.04,No,Low
Yes,No,55,37.57,1,No,NC,0.08,No,Low
No,No,39,50.22,1,Yes,KY,0.8,Yes,Critical
No,No,92,23.77,2,No,TX,0.09,No,Low
No,No,56,27.59,4,Yes,CT,0.36,No,Medium
No,No,76,46.36,0,Yes,NE,0.95,Yes,Critical
Yes,Yes,132,34.05,2,No,HI,0.06,No,Low
Yes,Yes,51,23.09,2,No,AK,0.28,No,Low
No,No,27,40.24,1,No,SD,0.13,No,Low
No,No,224,18.94,3,No,ID,0.03,No,Low
Yes,Yes,105,26.54,0,Yes,OK,0.87,Yes,Critical
No,No,117,32.49,2,No,WA,0.0,No,Low
No,No,146,34.92,3,No,VA,0.08,No,Low
Yes,No,147,38.28,0,Yes,WI,0.89,Yes,Critical
No,No,68,42.48,2,Yes,IN,0.9,Yes,Critical
No,No,68,22.37,3,No,NM,0.01,No,Low
No,No,159,46.89,2,Yes,VT,0.88,Yes,Critical
No,Yes,134,24.29,1,No,AZ,0.01,No,Low
No,No,113,35.22,1,No,VT,0.02,No,Low
No,No,132,35.05,1,No,MO,0.0,No,Low
Yes,Yes,93,38.37,1,Yes,NJ,0.88,Yes,Critical
No,Yes,174,28.53,4,Yes,WA,0.69,Yes,High
No,No,61,33.61,2,No,NY,0.0,No,Low
No,Yes,91,28.87,1,No,DC,0.08,No,Low
No,Yes,88,32.4,2,No,NE,0.01,No,Low
No,Yes,88,13.65,2,No,MA,0.02,No,Low
No,No,182,11.75,0,No,NM,0.04,No,Low
No,No,118,32.1,4,No,CO,0.15,No,Low
No,No,103,25.6,8,Yes,NH,0.82,Yes,Critical
No,No,65,32.64,2,No,IL,0.0,No,Low
No,Yes,61,27.83,3,No,UT,0.01,No,Low
No,No,172,35.99,1,No,WV,0.02,No,Low
No,No,72,29.84,1,No,NJ,0.01,No,Low
No,No,113,25.52,2,No,NM,0.0,No,Low
No,No,67,36.64,1,No,NM,0.01,No,Low
No,No,136,17.29,3,No,DE,0.01,No,Low
No,No,71,43.93,4,No,GA,0.1,No,Low
No,No,134,41.21,1,No,HI,0.05,No,Low
No,No,84,32.33,2,No,NJ,0.02,No,Low
No,No,39,26.2,2,No,ME,0.01,No,Low
No,No,110,31.96,3,No,OK,0.05,No,Low
No,No,102,17.53,1,No,TN,0.02,No,Low
No,No,70,29.82,0,No,WY,0.03,No,Low
No,No,142,24.72,1,No,NY,0.01,No,Low
No,No,17,27.46,1,No,RI,0.01,No,Low
No,No,119,44.22,1,Yes,PA,0.87,Yes,Critical
Yes,Yes,108,22.12,3,Yes,MD,0.93,Yes,Critical
No,No,90,17.34,2,No,VA,0.02,No,Low
No,Yes,100,37.18,1,No,IN,0.0,No,Low
No,Yes,155,21.85,1,No,OR,0.01,No,Low
No,No,113,21.88,2,Yes,AZ,0.7,Yes,High
No,No,123,29.27,1,No,WI,0.01,No,Low
No,No,145,33.86,1,No,VA,0.04,No,Low
No,No,42,31.37,2,No,MO,0.02,No,Low
No,No,125,28.66,0,No,NV,0.0,No,Low
No,Yes,131,29.58,1,No,HI,0.0,No,Low
No,No,107,39.17,1,No,WA,0.02,No,Low
No,No,48,33.69,1,No,IL,0.01,No,Low
No,No,76,31.64,0,No,IL,0.01,No,Low
No,No,128,25.25,1,No,LA,0.01,No,Low
No,No,73,26.71,0,No,WI,0.02,No,Low
No,No,52,26.35,4,Yes,TX,0.89,Yes,Critical
No,No,124,32.05,1,No,NC,0.01,No,Low
No,No,137,35.5,0,No,WA,0.01,No,Low
No,Yes,107,33.81,3,No,MS,0.0,No,Low
No,No,147,36.18,1,No,KY,0.0,No,Low
No,No,116,23.36,3,No,RI,0.03,No,Low
No,Yes,60,32.61,2,No,NY,0.0,No,Low
No,No,38,25.33,0,No,TX,0.11,No,Low
No,No,63,19.91,3,No,DE,0.0,No,Low
No,No,94,18.36,3,No,NM,0.01,No,Low
No,No,131,19.18,0,No,RI,0.02,No,Low
No,No,158,29.9,1,No,MS,0.01,No,Low
No,No,139,40.22,1,Yes,NY,0.02,No,Low
No,No,140,22.03,3,No,WI,0.02,No,Low
No,Yes,52,22.66,1,No,SD,0.04,No,Low
No,No,103,28.53,5,No,VA,0.17,No,Low
No,Yes,85,48.14,5,No,CO,0.22,No,Low
No,No,71,24.0,2,No,WA,0.01,No,Low
No,Yes,177,39.13,1,No,NV,0.01,No,Low
Yes,No,49,40.43,2,Yes,SC,0.9,Yes,Critical
Yes,No,106,34.68,3,Yes,RI,0.92,Yes,Critical
No,No,60,37.59,1,No,ID,0.02,No,Low
No,No,43,30.12,4,No,KY,0.16,No,Low
No,No,125,27.85,0,No,SD,0.01,No,Low
No,Yes,114,24.02,3,No,SC,0.03,No,Low
No,No,112,46.33,3,Yes,TN,0.83,Yes,Critical
No,Yes,101,20.21,2,No,MT,0.01,No,Low
No,No,70,1.34,0,No,WI,0.03,No,Low
No,No,59,27.12,0,No,AK,0.04,No,Low
No,No,59,25.53,1,No,AZ,0.02,No,Low
No,No,99,23.92,2,No,DE,0.06,No,Low
No,No,150,28.76,1,No,VA,0.0,No,Low
No,No,81,37.54,2,No,MA,0.06,No,Low
No,No,86,36.77,0,No,IN,0.0,No,Low
No,No,84,28.82,0,No,MD,0.01,No,Low
No,Yes,118,43.57,1,No,NV,0.04,No,Low
No,No,89,30.55,1,No,CO,0.02,No,Low
No,No,93,45.22,3,No,KS,0.11,No,Low
No,No,85,16.44,2,No,AR,0.02,No,Low
No,No,160,14.06,0,No,WY,0.02,No,Low
No,No,28,28.59,3,No,PA,0.01,No,Low
No,No,73,48.69,1,Yes,TX,0.91,Yes,Critical
No,No,156,29.63,3,No,NY,0.01,No,Low
Yes,No,33,32.4,1,No,OR,0.11,No,Low
No,No,77,29.84,4,No,CA,0.11,No,Low
No,No,119,22.68,1,No,NY,0.0,No,Low
No,Yes,91,34.78,3,No,AR,0.01,No,Low
No,No,102,41.17,3,No,MI,0.04,No,Low
No,Yes,86,43.03,3,No,OK,0.0,No,Low
No,No,82,22.1,0,No,TX,0.04,No,Low
No,No,89,18.0,0,No,NC,0.18,No,Low
No,No,86,33.01,3,No,ID,0.0,No,Low
No,No,92,33.41,2,No,OR,0.01,No,Low
No,No,87,31.37,3,No,SD,0.03,No,Low
No,No,64,44.52,0,No,NE,0.18,No,Low
No,No,80,34.41,3,No,RI,0.01,No,Low
No,Yes,165,28.46,3,No,MD,0.06,No,Low
No,Yes,153,28.51,1,No,ID,0.05,No,Low
No,No,108,40.83,2,No,SD,0.1,No,Low
No,Yes,104,32.15,1,No,NY,0.0,No,Low
No,No,115,21.71,1,No,DE,0.01,No,Low
No,No,87,34.88,1,No,OK,0.02,No,Low
No,No,119,26.27,2,No,IN,0.02,No,Low
No,No,69,26.13,1,No,NV,0.0,No,Low
No,No,93,55.78,1,Yes,SD,0.85,Yes,Critical
Yes,No,154,24.8,0,Yes,OK,0.91,Yes,Critical
No,Yes,57,34.2,1,No,KS,0.01,No,Low
No,No,130,23.65,5,No,IA,0.16,No,Low
No,No,151,20.21,2,No,NJ,0.2,No,Low
No,No,162,36.99,2,Yes,NJ,0.8,Yes,Critical
No,No,60,24.65,1,No,MT,0.04,No,Low
No,No,81,34.6,3,No,IA,0.01,No,Low
No,No,136,45.87,1,Yes,TX,0.95,Yes,Critical
No,Yes,121,21.47,1,No,MS,0.0,No,Low
No,Yes,105,14.98,2,No,IA,0.01,No,Low
No,Yes,105,37.15,2,No,WI,0.01,No,Low
No,Yes,51,40.26,1,No,MT,0.03,No,Low
No,No,64,21.1,3,No,GA,0.01,No,Low
Yes,Yes,80,31.31,0,No,MT,0.1,No,Low
No,No,56,37.86,4,No,ND,0.23,No,Low
No,No,120,25.36,1,No,VT,0.0,No,Low
No,No,103,35.11,3,No,SD,0.01,No,Low
No,Yes,164,27.15,3,No,OH,0.01,No,Low
No,Yes,116,34.8,2,No,OH,0.0,No,Low
No,No,121,36.24,1,No,MT,0.02,No,Low
No,No,183,19.84,2,No,NV,0.05,No,Low
No,No,104,44.78,0,No,UT,0.35,No,Medium
No,No,90,23.83,1,No,NH,0.01,No,Low
No,No,82,33.61,1,No,LA,0.0,No,Low
No,Yes,9,15.05,2,No,NY,0.01,No,Low
No,No,97,36.6,0,No,CT,0.03,No,Low
No,Yes,127,34.65,0,No,MI,0.0,No,Low
No,Yes,125,45.63,0,No,SD,0.04,No,Low
No,No,140,27.05,1,No,ME,0.04,No,Low
No,No,90,19.45,2,No,MD,0.01,No,Low
No,No,67,23.61,2,No,VA,0.02,No,Low
No,No,113,31.62,1,No,NJ,0.01,No,Low
No,Yes,121,28.97,0,No,TN,0.05,No,Low
No,No,93,27.97,4,No,DC,0.12,No,Low
No,No,121,28.66,1,No,DC,0.01,No,Low
No,No,53,44.4,0,Yes,OR,0.85,Yes,Critical
No,No,75,32.39,1,No,RI,0.04,No,Low
No,No,132,30.79,2,No,AK,0.06,No,Low
No,No,162,30.11,3,No,WI,0.01,No,Low
No,No,140,27.29,1,No,IN,0.02,No,Low
No,No,91,22.9,2,No,MI,0.01,No,Low
No,Yes,73,33.69,2,No,ID,0.02,No,Low
Yes,No,95,38.91,4,Yes,NH,0.6,Yes,High
No,No,145,41.09,0,No,MN,0.07,No,Low
No,No,100,22.29,1,No,AZ,0.01,No,Low
No,No,122,39.8,2,No,MN,0.15,No,Low
No,No,109,34.02,0,No,MO,0.07,No,Low
No,No,82,26.18,1,No,AL,0.02,No,Low
No,Yes,65,38.11,0,No,PA,0.0,No,Low
No,No,52,25.21,3,No,AK,0.01,No,Low
No,Yes,136,29.68,2,No,MS,0.03,No,Low
No,No,75,23.55,1,No,IA,0.01,No,Low
No,No,146,18.53,1,No,WY,0.05,No,Low
No,No,105,27.59,4,No,NE,0.1,No,Low
No,No,48,35.84,2,No,ND,0.01,No,Low
No,No,45,24.21,1,No,CT,0.01,No,Low
No,Yes,106,38.0,2,No,NC,0.01,No,Low
No,No,33,31.03,2,No,CT,0.01,No,Low
No,No,106,32.91,0,No,WA,0.02,No,Low
No,No,141,32.71,0,No,NV,0.01,No,Low
No,Yes,94,39.64,0,No,KS,0.02,No,Low
No,No,65,27.0,2,No,CO,0.04,No,Low
No,No,85,21.44,1,No,MO,0.02,No,Low
No,No,71,49.37,3,Yes,MA,0.96,Yes,Critical
No,Yes,112,10.3,0,No,NY,0.01,No,Low
No,No,110,25.23,0,No,AK,0.0,No,Low
No,No,111,41.91,2,No,WI,0.06,No,Low
No,No,74,50.68,2,Yes,NH,0.99,Yes,Critical
No,No,105,20.28,2,No,TN,0.03,No,Low
No,No,40,41.23,0,No,NY,0.03,No,Low
Yes,Yes,128,37.76,0,Yes,GA,0.9,Yes,Critical
No,No,123,40.15,2,Yes,MN,0.93,Yes,Critical
No,No,122,24.51,0,No,MI,0.07,No,Low
No,Yes,114,26.28,3,No,ID,0.0,No,Low
No,Yes,102,23.36,2,No,CT,0.01,No,Low
No,No,126,17.63,0,No,NC,0.09,No,Low
No,No,150,23.22,4,Yes,LA,0.86,Yes,Critical
No,No,60,49.27,2,Yes,NJ,0.96,Yes,Critical
Yes,No,138,33.35,0,Yes,CA,0.84,Yes,Critical
No,No,29,33.25,1,No,MD,0.0,No,Low
No,No,111,37.77,4,No,WY,0.09,No,Low
Yes,No,37,29.39,0,Yes,TX,0.83,Yes,Critical
No,No,81,26.27,1,No,UT,0.03,No,Low
No,No,46,15.37,1,No,WA,0.06,No,Low
No,No,125,18.04,1,No,OH,0.01,No,Low
No,No,43,4.59,3,No,KS,0.06,No,Low
No,No,94,41.65,1,No,IN,0.03,No,Low
No,No,46,33.44,3,No,VT,0.01,No,Low
No,Yes,73,22.3,2,No,MT,0.01,No,Low
No,Yes,146,25.43,2,No,CT,0.01,No,Low
No,No,93,40.77,1,No,NM,0.09,No,Low
No,Yes,52,24.16,1,No,OH,0.0,No,Low
No,No,202,19.62,3,No,GA,0.02,No,Low
No,Yes,129,32.81,2,No,MN,0.04,No,Low
No,No,94,35.04,1,No,CT,0.13,No,Low
No,No,100,27.25,0,No,AL,0.01,No,Low
No,No,43,33.98,1,No,WV,0.01,No,Low
No,No,130,36.23,0,No,NH,0.03,No,Low
No,No,124,30.31,3,No,WY,0.02,No,Low
Yes,No,92,42.89,3,Yes,VA,0.71,Yes,High
No,No,48,33.61,4,No,VT,0.25,No,Low
No,Yes,98,18.89,2,No,OH,0.01,No,Low
No,No,100,16.41,1,Yes,MT,0.65,Yes,High
No,No,79,26.67,3,No,MA,0.03,No,Low
No,No,164,20.96,1,No,VA,0.02,No,Low
Yes,No,89,35.17,0,No,AR,0.08,No,Low
No,No,126,42.47,3,Yes,NE,0.74,Yes,High
No,No,96,24.48,1,No,WY,0.01,No,Low
No,Yes,120,50.92,0,No,IA,0.02,No,Low
No,No,212,38.42,2,Yes,SC,0.79,Yes,Critical
No,No,72,23.39,2,No,NC,0.01,No,Low
Yes,Yes,155,35.99,1,No,HI,0.09,No,Low
No,No,89,15.25,2,No,UT,0.02,No,Low
Yes,No,126,33.59,2,No,WY,0.04,No,Low
No,No,172,45.9,2,Yes,AL,0.91,Yes,Critical
No,No,143,33.03,2,No,WI,0.02,No,Low
Yes,No,166,8.11,0,Yes,FL,0.86,Yes,Critical
No,No,132,32.32,1,No,KS,0.03,No,Low
Yes,No,94,15.22,1,Yes,NV,0.89,Yes,Critical
No,No,99,31.04,0,No,NY,0.01,No,Low
No,Yes,136,34.94,1,No,VA,0.05,No,Low
No,No,119,39.36,1,No,KS,0.14,No,Low
Yes,No,115,42.72,3,Yes,NC,0.9,Yes,Critical
No,No,160,29.1,2,No,MO,0.02,No,Low
No,No,166,33.64,2,No,ND,0.04,No,Low
No,No,120,22.92,1,No,CA,0.03,No,Low
No,No,173,32.54,1,No,WV,0.0,No,Low
No,No,156,29.67,0,No,IL,0.03,No,Low
No,No,70,30.16,0,No,NY,0.02,No,Low
No,No,41,30.96,1,No,NV,0.02,No,Low
No,No,132,37.81,0,No,AL,0.02,No,Low
Yes,No,47,8.13,0,Yes,KS,0.89,Yes,Critical
No,No,160,20.71,1,No,ND,0.02,No,Low
No,No,180,24.4,3,No,OK,0.03,No,Low
No,No,93,28.03,2,No,UT,0.01,No,Low
No,No,109,32.91,2,No,OH,0.01,No,Low
No,No,80,17.19,0,No,WY,0.01,No,Low
No,Yes,54,15.69,2,No,NM,0.03,No,Low
No,No,121,28.71,2,No,AL,0.01,No,Low
No,Yes,157,37.26,1,No,DC,0.01,No,Low
No,Yes,170,30.28,0,No,ID,0.02,No,Low
No,No,138,24.91,3,No,AR,0.03,No,Low
No,Yes,92,29.29,1,No,ID,0.01,No,Low
No,No,167,28.76,4,Yes,WA,0.39,No,Medium
No,No,91,21.05,2,No,UT,0.12,No,Low
No,No,127,16.32,3,No,RI,0.08,No,Low
No,Yes,88,15.88,1,No,NC,0.04,No,Low
No,No,123,43.84,2,No,TX,0.23,No,Low
Yes,Yes,136,14.48,2,No,DE,0.06,No,Low
No,Yes,68,27.2,1,No,MS,0.02,No,Low
No,Yes,132,31.09,0,No,OH,0.02,No,Low
No,No,133,36.75,2,No,LA,0.04,No,Low
No,No,127,44.49,0,No,FL,0.1,No,Low
No,No,121,30.12,1,No,WV,0.1,No,Low
No,No,116,15.22,2,No,NY,0.11,No,Low
Yes,No,97,24.65,4,Yes,PA,0.84,Yes,Critical
No,No,43,27.12,2,No,MS,0.02,No,Low
No,No,110,25.81,3,No,IN,0.07,No,Low
No,No,67,29.95,1,No,VA,0.02,No,Low
No,No,166,25.86,0,No,MN,0.01,No,Low
No,No,129,27.42,1,No,DE,0.03,No,Low
Yes,No,103,29.19,3,No,OR,0.08,No,Low
No,No,71,47.41,0,Yes,UT,0.96,Yes,Critical
No,Yes,112,36.21,4,No,CT,0.01,No,Low
No,Yes,8,41.29,1,No,AL,0.05,No,Low
No,No,98,36.92,0,Yes,TX,0.78,Yes,Critical
No,No,90,29.9,1,No,CT,0.03,No,Low
No,No,13,51.54,0,Yes,MS,0.83,Yes,Critical
No,No,58,40.61,2,No,AR,0.05,No,Low
No,Yes,137,32.23,2,No,CA,0.16,No,Low
No,No,116,22.66,5,Yes,MI,0.79,Yes,Critical
No,Yes,94,15.76,3,No,WV,0.0,No,Low
No,No,87,30.12,3,No,DE,0.06,No,Low
No,No,120,31.37,2,No,FL,0.02,No,Low
No,Yes,97,29.94,0,No,AK,0.01,No,Low
No,No,134,34.8,6,No,ID,0.08,No,Low
No,No,68,24.41,2,No,OH,0.01,No,Low
No,No,93,30.48,1,No,NH,0.01,No,Low
No,No,120,23.34,1,No,MA,0.08,No,Low
No,No,41,40.43,2,No,SC,0.08,No,Low
No,No,80,34.63,2,No,OR,0.0,No,Low
No,Yes,83,32.52,2,No,OH,0.02,No,Low
Yes,No,109,35.55,2,No,NC,0.05,No,Low
No,Yes,66,15.1,3,No,KY,0.0,No,Low
No,No,89,23.44,1,No,WA,0.01,No,Low
No,Yes,117,35.29,1,No,RI,0.01,No,Low
No,No,128,45.58,2,No,KS,0.1,No,Low
No,No,88,28.34,4,Yes,NV,0.79,Yes,Critical
No,No,22,30.91,2,No,FL,0.0,No,Low
No,No,78,25.01,0,No,WY,0.02,No,Low
No,Yes,56,6.41,1,No,WA,0.02,No,Low
No,No,192,31.45,2,No,CO,0.0,No,Low
No,No,70,26.59,2,No,WI,0.01,No,Low
No,No,148,40.68,1,No,KS,0.04,No,Low
No,No,119,22.93,1,No,MT,0.07,No,Low
No,No,80,33.12,0,No,CO,0.0,No,Low
No,No,113,15.74,3,No,FL,0.01,No,Low
No,No,75,35.6,1,No,VT,0.06,No,Low
No,No,80,33.59,1,No,OH,0.02,No,Low
No,No,148,2.99,1,No,NH,0.06,No,Low
No,Yes,97,34.39,1,No,FL,0.08,No,Low
No,No,166,23.14,0,No,MD,0.04,No,Low
No,No,94,35.19,1,No,WY,0.03,No,Low
No,Yes,85,35.34,1,No,FL,0.05,No,Low
Yes,No,80,47.01,1,Yes,TN,0.86,Yes,Critical
No,Yes,210,53.35,3,No,NC,0.02,No,Low
Yes,Yes,88,49.05,1,No,IN,0.11,No,Low
No,Yes,154,11.03,1,No,WV,0.05,No,Low
No,Yes,32,41.4,1,No,UT,0.02,No,Low
No,No,18,33.49,3,No,GA,0.01,No,Low
No,Yes,126,47.26,0,No,AK,0.05,No,Low
No,Yes,144,37.38,1,No,UT,0.05,No,Low
No,Yes,86,24.77,0,No,AR,0.04,No,Low
No,Yes,138,12.89,0,No,AK,0.04,No,Low
No,No,146,33.3,3,No,AK,0.01,No,Low
No,No,74,21.08,2,No,WV,0.03,No,Low
No,No,48,29.22,2,No,CT,0.01,No,Low
No,Yes,74,42.4,4,No,GA,0.16,No,Low
Yes,No,105,38.83,0,No,NV,0.11,No,Low
No,No,157,28.66,3,No,VT,0.02,No,Low
No,No,217,21.03,0,No,DC,0.06,No,Low
No,No,68,30.38,1,No,TN,0.11,No,Low
No,No,80,19.24,1,No,OR,0.01,No,Low
No,Yes,38,24.21,2,No,MS,0.03,No,Low
No,Yes,107,34.71,0,No,NC,0.05,No,Low
No,No,140,25.45,3,No,CO,0.01,No,Low
No,No,98,38.61,5,Yes,AR,0.24,No,Low
No,No,114,26.4,2,No,PA,0.0,No,Low
No,No,46,26.59,1,No,MN,0.0,No,Low
No,Yes,118,25.28,0,No,NM,0.01,No,Low
No,No,37,46.19,3,No,UT,0.37,No,Medium
No,No,34,32.93,0,No,NE,0.01,No,Low
No,No,113,41.7,3,Yes,NV,0.33,No,Medium
No,No,69,33.34,0,No,OR,0.03,No,Low
Yes,Yes,59,38.25,1,No,NJ,0.1,No,Low
No,No,59,32.25,0,No,WV,0.0,No,Low
No,No,190,24.29,0,No,OR,0.0,No,Low
No,No,109,29.85,1,No,KY,0.0,No,Low
No,No,136,15.71,2,No,MO,0.05,No,Low
No,No,86,15.78,1,No,TX,0.04,No,Low
No,Yes,100,37.69,0,No,MN,0.01,No,Low
No,No,106,27.13,0,No,FL,0.0,No,Low
No,No,129,27.05,2,No,WV,0.0,No,Low
No,No,205,8.48,2,No,IN,0.1,No,Low
No,Yes,93,19.87,0,No,OK,0.01,No,Low
No,No,99,43.25,1,No,DE,0.03,No,Low
No,No,71,35.19,1,No,IL,0.0,No,Low
Yes,No,4,24.7,0,No,UT,0.05,No,Low
No,Yes,148,39.22,3,No,IL,0.06,No,Low
No,No,141,25.76,1,No,WA,0.03,No,Low
No,No,56,24.84,0,No,NM,0.0,No,Low
No,Yes,43,34.03,3,No,VA,0.02,No,Low
No,No,42,25.62,2,No,MT,0.02,No,Low
Yes,No,135,31.62,1,No,CT,0.07,No,Low
No,No,106,36.19,3,No,AL,0.0,No,Low
No,No,106,33.12,0,No,WV,0.01,No,Low
No,Yes,83,46.33,3,No,MO,0.07,No,Low
No,No,110,22.97,1,No,ND,0.0,No,Low
No,Yes,109,39.19,5,No,GA,0.09,No,Low
No,No,124,24.36,4,Yes,LA,0.41,No,Medium
No,No,110,46.09,2,Yes,UT,0.93,Yes,Critical
No,No,124,43.1,0,No,AZ,0.2,No,Low
No,No,82,28.41,6,Yes,NY,0.89,Yes,Critical
No,No,137,17.8,1,No,AL,0.03,No,Low
No,No,69,23.02,1,No,IN,0.01,No,Low
No,No,16,24.62,2,No,NM,0.03,No,Low
No,No,119,16.8,3,No,AL,0.01,No,Low
Yes,No,124,26.83,3,Yes,MN,0.87,Yes,Critical
No,Yes,122,27.71,1,No,NY,0.01,No,Low
No,No,139,30.87,4,No,MD,0.21,No,Low
No,No,67,21.93,2,No,KS,0.0,No,Low
No,No,84,14.62,1,No,WV,0.01,No,Low
No,Yes,101,32.96,0,No,ID,0.05,No,Low
No,No,40,18.6,0,No,LA,0.04,No,Low
No,No,61,32.11,2,No,MI,0.0,No,Low
Yes,No,120,30.58,1,Yes,TN,0.97,Yes,Critical
No,No,95,31.18,1,No,CA,0.01,No,Low
No,No,98,48.98,0,No,FL,0.44,No,Medium
No,No,114,28.76,2,No,LA,0.01,No,Low
No,No,22,35.31,0,No,CT,0.01,No,Low
No,No,176,28.82,0,No,PA,0.02,No,Low
No,No,152,24.06,2,No,TX,0.01,No,Low
No,No,118,26.32,0,No,VA,0.03,No,Low
Yes,No,101,22.7,1,No,MO,0.12,No,Low
No,No,118,38.18,2,No,ND,0.03,No,Low
No,No,105,46.55,2,Yes,FL,0.95,Yes,Critical
No,No,71,17.68,0,No,KY,0.01,No,Low
No,Yes,71,19.62,1,No,MD,0.01,No,Low
No,No,68,37.76,2,No,IN,0.03,No,Low
No,No,66,19.79,3,No,MA,0.05,No,Low
No,No,101,37.01,3,No,ND,0.02,No,Low
No,No,116,22.0,0,No,VT,0.01,No,Low
No,Yes,54,27.51,0,No,CT,0.02,No,Low
No,Yes,112,33.8,1,No,VA,0.01,No,Low
No,Yes,122,25.13,1,No,MS,0.04,No,Low
No,No,74,44.59,3,No,AK,0.1,No,Low
No,No,90,41.89,1,No,WY,0.02,No,Low
No,No,112,29.63,4,Yes,NY,0.36,No,Medium
No,No,85,31.18,4,No,NC,0.09,No,Low
No,No,100,32.62,1,No,IL,0.02,No,Low
No,No,114,31.93,2,No,OH,0.0,No,Low
No,No,83,44.15,0,No,RI,0.07,No,Low
Yes,No,157,30.67,0,No,WY,0.05,No,Low
No,No,51,8.81,2,No,OR,0.02,No,Low
No,No,42,51.66,1,Yes,NV,0.88,Yes,Critical
No,Yes,101,21.03,1,Yes,ND,0.53,Yes,Medium
No,No,112,35.05,3,No,OR,0.03,No,Low
No,No,56,27.93,2,No,ND,0.02,No,Low
No,No,53,38.86,9,Yes,NJ,0.7,Yes,High
No,Yes,64,34.07,1,No,WV,0.01,No,Low
No,No,123,26.23,0,No,VA,0.0,No,Low
No,Yes,68,20.89,2,No,ID,0.02,No,Low
Yes,No,40,37.54,0,No,CT,0.17,No,Low
No,No,132,36.48,0,No,NM,0.03,No,Low
Yes,No,120,34.34,2,Yes,CT,0.85,Yes,Critical
No,Yes,108,35.62,6,Yes,MI,0.3,No,Medium
No,No,161,50.64,1,Yes,SC,0.92,Yes,Critical
No,No,130,36.18,0,Yes,SC,0.6,Yes,High
No,Yes,130,25.99,2,No,MT,0.04,No,Low
No,No,90,21.32,1,No,WY,0.07,No,Low
No,Yes,139,23.51,0,No,NE,0.01,No,Low
No,No,57,32.18,3,No,IN,0.02,No,Low
No,No,128,33.88,4,No,CO,0.05,No,Low
No,No,107,50.13,1,Yes,MD,0.64,Yes,High
No,No,177,29.82,1,No,OK,0.0,No,Low
No,No,121,30.5,1,No,SD,0.05,No,Low
Yes,Yes,99,21.56,0,No,SC,0.08,No,Low
No,Yes,77,24.31,5,Yes,NY,0.42,No,Medium
No,No,21,15.62,2,No,WV,0.07,No,Low
No,No,56,35.77,1,No,WA,0.06,No,Low
No,Yes,92,34.22,1,Yes,ID,0.51,Yes,Medium
No,No,81,24.75,2,No,MN,0.08,No,Low
Yes,Yes,139,34.6,1,Yes,TX,0.9,Yes,Critical
No,No,68,39.51,1,No,AZ,0.01,No,Low
No,Yes,183,14.71,2,No,DE,0.12,No,Low
No,No,165,26.52,1,No,WI,0.09,No,Low
No,No,89,55.47,1,Yes,WI,0.78,Yes,Critical
No,No,59,33.15,0,No,NJ,0.05,No,Low
Yes,No,16,18.7,0,No,IL,0.13,No,Low
No,No,114,25.01,5,Yes,DC,0.61,Yes,High
No,No,113,26.52,2,No,IA,0.06,No,Low
No,No,120,16.69,2,No,GA,0.03,No,Low
No,No,115,35.8,0,No,AK,0.0,No,Low
Yes,No,100,27.18,2,Yes,MN,0.65,Yes,High
No,No,1,21.05,0,No,SC,0.02,No,Low
No,Yes,97,19.99,1,No,MT,0.0,No,Low
No,Yes,55,17.9,2,No,KY,0.03,No,Low
No,No,75,18.99,1,No,WV,0.03,No,Low
No,No,83,27.08,2,No,ID,0.01,No,Low
No,No,40,13.89,6,Yes,MN,0.65,Yes,High
No,Yes,101,40.46,2,No,MA,0.01,No,Low
No,Yes,120,21.78,0,No,MD,0.15,No,Low
No,Yes,183,29.1,1,No,SD,0.05,No,Low
No,No,75,18.53,4,Yes,PA,0.81,Yes,Critical
No,No,80,37.4,2,No,KY,0.01,No,Low
No,No,88,9.45,0,No,ID,0.09,No,Low
No,Yes,112,48.72,1,No,NY,0.09,No,Low
No,No,63,35.29,1,No,NM,0.02,No,Low
No,Yes,105,18.63,4,Yes,CA,0.76,Yes,Critical
No,No,177,29.87,1,No,WY,0.01,No,Low
No,No,118,34.88,0,No,NM,0.02,No,Low
No,Yes,82,39.54,3,No,ID,0.02,No,Low
No,No,74,17.46,0,No,NC,0.04,No,Low
No,No,125,28.78,2,No,AL,0.01,No,Low
No,No,138,42.67,3,No,VA,0.06,No,Low
No,No,119,39.17,3,No,ID,0.06,No,Low
No,No,137,18.67,1,No,NY,0.03,No,Low
No,No,182,47.52,2,Yes,NC,0.86,Yes,Critical
No,Yes,134,36.45,1,No,HI,0.01,No,Low
No,No,45,16.34,1,No,DC,0.04,No,Low
No,Yes,163,38.08,1,No,LA,0.06,No,Low
No,No,105,35.89,4,No,HI,0.04,No,Low
No,No,119,18.56,2,No,FL,0.0,No,Low
No,No,78,37.4,0,No,WY,0.01,No,Low
No,Yes,125,16.41,1,No,OR,0.03,No,Low
No,No,88,31.2,3,No,IN,0.01,No,Low
No,Yes,83,18.34,0,No,MD,0.0,No,Low
Yes,No,3,27.37,1,No,TN,0.08,No,Low
No,No,48,25.36,3,No,WA,0.01,No,Low
No,No,129,23.43,1,Yes,IN,0.69,Yes,High
No,Yes,66,24.09,0,No,CO,0.02,No,Low
No,Yes,80,33.39,0,No,TX,0.01,No,Low
No,No,84,24.96,1,No,WV,0.02,No,Low
No,No,96,29.56,1,No,MA,0.02,No,Low
No,Yes,123,51.88,1,No,TN,0.09,No,Low
Yes,Yes,116,27.59,3,Yes,ID,0.86,Yes,Critical
Yes,No,105,25.5,3,No,DE,0.05,No,Low
No,No,80,33.58,1,No,VA,0.01,No,Low
No,No,157,40.83,2,No,MT,0.06,No,Low
No,Yes,67,31.65,2,No,ID,0.01,No,Low
No,Yes,79,40.24,1,No,MD,0.07,No,Low
No,No,76,29.44,0,No,MS,0.01,No,Low
No,No,94,30.82,0,No,OH,0.01,No,Low
No,No,109,29.82,1,No,AR,0.02,No,Low
No,No,138,14.89,2,No,AZ,0.07,No,Low
No,No,73,34.56,0,No,SC,0.28,No,Low
No,No,21,15.74,5,Yes,KY,0.61,Yes,High
No,No,103,27.34,1,No,NE,0.0,No,Low
No,Yes,79,8.6,2,No,MN,0.04,No,Low
No,No,89,22.93,1,No,NV,0.0,No,Low
No,No,120,42.86,1,No,CA,0.23,No,Low
No,Yes,121,36.64,1,No,UT,0.02,No,Low
No,No,101,21.22,0,No,IL,0.03,No,Low
No,No,115,30.38,2,No,DC,0.07,No,Low
No,No,168,31.14,2,No,IN,0.01,No,Low
No,No,70,25.01,3,No,MS,0.02,No,Low
No,No,138,39.12,1,No,VT,0.02,No,Low
No,No,43,23.09,0,No,VT,0.0,No,Low
No,Yes,117,34.97,2,No,UT,0.0,No,Low
No,No,108,12.55,2,No,KY,0.02,No,Low
No,No,118,32.18,2,No,VA,0.01,No,Low
No,Yes,62,23.34,0,No,AZ,0.02,No,Low
No,No,86,12.02,2,No,NY,0.03,No,Low
No,No,44,34.78,0,No,VA,0.02,No,Low
No,No,111,20.93,5,Yes,MD,0.87,Yes,Critical
No,Yes,127,22.05,2,No,MA,0.02,No,Low
Yes,No,151,33.78,0,No,IL,0.07,No,Low
No,No,137,36.7,1,No,PA,0.0,No,Low
No,No,106,20.26,2,No,TN,0.02,No,Low
No,No,88,24.53,3,No,NJ,0.0,No,Low
No,No,106,39.98,1,No,VA,0.16,No,Low
Yes,No,57,19.55,0,Yes,NJ,0.85,Yes,Critical
No,No,184,25.79,2,No,WA,0.02,No,Low
No,No,109,26.03,3,No,AR,0.06,No,Low
No,No,127,37.16,2,No,WI,0.01,No,Low
No,No,174,32.35,2,No,ME,0.0,No,Low
No,No,92,31.4,2,Yes,CO,0.61,Yes,High
No,No,81,19.6,1,No,CO,0.04,No,Low
No,No,119,50.01,0,Yes,CT,0.84,Yes,Critical
No,No,122,36.65,3,No,NC,0.0,No,Low
No,No,34,21.9,1,No,WY,0.01,No,Low
No,Yes,90,12.1,1,No,FL,0.04,No,Low
No,No,73,16.13,2,No,KY,0.01,No,Low
No,No,19,44.1,1,Yes,SC,0.83,Yes,Critical
No,Yes,120,36.69,1,No,WA,0.03,No,Low
No,No,160,16.58,3,No,MT,0.17,No,Low
No,No,141,24.91,0,No,PA,0.0,No,Low
No,No,72,23.78,2,No,VT,0.03,No,Low
No,Yes,117,26.04,1,No,MN,0.02,No,Low
Yes,No,79,17.6,2,No,IL,0.1,No,Low
No,No,87,31.59,1,No,AR,0.0,No,Low
No,No,102,22.02,1,No,MD,0.17,No,Low
No,No,49,40.22,1,No,MT,0.05,No,Low
No,No,67,44.27,6,No,VT,0.18,No,Low
No,No,107,28.44,2,No,CO,0.02,No,Low
No,No,118,19.21,2,No,WA,0.01,No,Low
No,No,120,31.57,0,No,TN,0.02,No,Low
No,No,94,23.15,0,No,AR,0.02,No,Low
No,Yes,115,37.84,1,No,DC,0.02,No,Low
No,No,61,33.54,1,No,MN,0.02,No,Low
No,No,110,35.36,1,No,KS,0.01,No,Low
No,No,104,20.15,1,No,ND,0.02,No,Low
No,No,16,26.04,1,No,MT,0.08,No,Low
No,No,147,28.66,2,No,DC,0.01,No,Low
Yes,No,102,38.11,3,No,MS,0.24,No,Low
No,Yes,64,20.13,1,No,IA,0.0,No,Low
No,No,103,32.45,2,No,AK,0.01,No,Low
No,No,152,54.03,1,Yes,MN,0.4,No,Medium
No,No,124,53.04,1,Yes,WV,0.84,Yes,Critical
No,No,97,24.82,1,No,OR,0.02,No,Low
No,No,131,22.37,1,Yes,MS,0.05,No,Low
No,Yes,57,32.88,2,No,ME,0.01,No,Low
No,No,157,31.47,2,No,MN,0.0,No,Low
No,No,194,32.86,0,No,GA,0.04,No,Low
No,No,66,24.89,1,No,DC,0.04,No,Low
No,No,123,20.94,4,Yes,NY,0.89,Yes,Critical
No,No,116,34.85,2,No,OK,0.0,No,Low
No,No,63,21.88,1,No,OK,0.04,No,Low
No,No,64,36.87,3,No,GA,0.01,No,Low
No,No,96,25.5,3,No,NJ,0.04,No,Low
No,No,105,36.04,3,No,ME,0.03,No,Low
No,Yes,53,28.44,2,No,MI,0.0,No,Low
No,Yes,129,30.14,3,No,NE,0.0,No,Low
No,No,93,25.43,0,No,VT,0.06,No,Low
Yes,No,115,58.7,1,Yes,OH,0.86,Yes,Critical
No,No,25,45.03,1,Yes,AL,0.89,Yes,Critical
No,No,73,20.74,1,No,DC,0.05,No,Low
No,No,97,38.27,0,Yes,DE,0.83,Yes,Critical
No,No,148,35.43,1,No,NY,0.0,No,Low
No,Yes,85,29.43,1,No,AL,0.01,No,Low
Yes,No,86,27.61,2,Yes,OK,0.8,Yes,Critical
No,Yes,78,47.8,2,No,MS,0.16,No,Low
No,No,106,35.41,3,No,MD,0.02,No,Low
No,No,145,38.11,1,Yes,AR,0.74,Yes,High
No,No,91,32.18,3,No,IL,0.0,No,Low
No,Yes,116,39.59,1,No,UT,0.01,No,Low
No,Yes,69,26.35,1,No,LA,0.03,No,Low
No,No,135,26.25,0,No,ID,0.02,No,Low
No,No,73,39.9,2,No,KY,0.02,No,Low
No,No,48,40.8,1,No,MI,0.03,No,Low
Yes,No,125,50.73,0,Yes,NH,0.91,Yes,Critical
No,No,100,28.22,1,No,WV,0.0,No,Low
No,No,64,29.67,2,No,SD,0.0,No,Low
Yes,Yes,116,29.84,1,No,MD,0.15,No,Low
Yes,Yes,147,26.78,3,Yes,ND,0.75,Yes,Critical
No,Yes,84,35.28,4,No,MO,0.05,No,Low
No,Yes,86,24.62,4,No,IL,0.14,No,Low
No,No,134,44.0,2,No,UT,0.04,No,Low
No,No,105,38.57,0,Yes,MI,0.6,Yes,High
No,No,88,25.99,2,No,AR,0.0,No,Low
No,No,86,25.64,1,No,AK,0.06,No,Low
No,Yes,141,54.81,1,Yes,NH,0.7,Yes,High
No,No,148,26.11,2,No,NM,0.0,No,Low
No,Yes,163,36.57,2,No,MN,0.07,No,Low
No,Yes,89,29.65,1,No,IA,0.01,No,Low
No,No,63,30.69,0,No,RI,0.02,No,Low
No,No,102,20.93,2,No,AL,0.01,No,Low
No,No,104,34.03,2,No,SD,0.05,No,Low
No,Yes,63,31.31,1,No,MT,0.03,No,Low
No,Yes,105,46.7,3,No,KY,0.02,No,Low
Yes,Yes,68,24.14,1,No,DC,0.05,No,Low
Yes,Yes,63,25.76,1,No,CO,0.02,No,Low
Yes,No,91,41.89,2,Yes,KS,0.88,Yes,Critical
No,No,101,39.56,5,No,NC,0.08,No,Low
No,No,116,48.96,0,Yes,SC,0.97,Yes,Critical
No,Yes,131,29.04,1,No,CO,0.02,No,Low
No,No,84,36.74,1,No,MN,0.0,No,Low
No,No,104,23.58,2,No,WY,0.0,No,Low
No,No,108,35.82,3,No,FL,0.01,No,Low
No,No,111,30.91,0,No,NY,0.01,No,Low
No,Yes,155,10.47,1,No,OK,0.02,No,Low
No,No,66,35.31,1,No,ME,0.0,No,Low
No,No,64,37.26,1,No,NE,0.03,No,Low
No,No,69,38.59,2,No,OH,0.17,No,Low
No,No,101,43.74,0,No,DC,0.06,No,Low
No,No,15,20.59,2,No,OK,0.08,No,Low
No,No,88,51.26,4,Yes,NJ,0.93,Yes,Critical
No,No,197,39.76,0,No,IA,0.01,No,Low
Yes,No,50,16.93,2,Yes,VA,0.66,Yes,High
No,No,172,28.87,2,No,VA,0.02,No,Low
Yes,Yes,188,33.8,1,Yes,NM,0.9,Yes,Critical
Yes,No,85,19.75,3,No,FL,0.11,No,Low
Yes,No,103,43.5,1,Yes,RI,0.88,Yes,Critical
No,Yes,136,31.91,3,No,NJ,0.01,No,Low
No,Yes,155,33.3,0,No,NE,0.01,No,Low
No,No,145,22.0,2,No,WV,0.0,No,Low
No,Yes,116,37.57,2,No,WY,0.0,No,Low
No,No,152,23.89,2,No,SC,0.05,No,Low
Yes,No,65,47.24,0,Yes,MS,0.73,Yes,High
No,No,180,38.23,3,Yes,ND,0.69,Yes,High
No,No,67,18.55,0,No,IL,0.01,No,Low
No,No,60,35.33,0,No,OR,0.07,No,Low
No,No,44,52.46,4,Yes,IA,0.6,Yes,High
No,No,25,41.24,2,No,ME,0.18,No,Low
No,No,145,39.03,1,No,WY,0.0,No,Low
No,Yes,122,28.22,2,No,WI,0.01,No,Low
No,No,121,24.62,0,Yes,SC,0.73,Yes,High
Yes,No,55,18.04,0,No,DC,0.11,No,Low
No,No,77,37.71,1,No,CT,0.02,No,Low
No,No,12,34.78,2,No,OR,0.0,No,Low
No,No,64,36.3,3,No,OR,0.0,No,Low
No,Yes,92,25.84,2,No,NV,0.06,No,Low
Yes,Yes,125,44.34,1,Yes,MN,0.84,Yes,Critical
No,No,160,28.29,1,No,OK,0.09,No,Low
No,No,79,30.24,0,No,KS,0.01,No,Low
No,No,36,39.97,3,No,RI,0.0,No,Low
Yes,No,138,45.63,1,No,IL,0.11,No,Low
No,No,72,30.58,2,No,WI,0.01,No,Low
No,No,74,53.4,3,Yes,MI,0.97,Yes,Critical
No,Yes,134,27.54,0,No,MI,0.01,No,Low
No,No,145,29.89,1,No,MA,0.01,No,Low
No,No,136,18.6,0,No,AL,0.03,No,Low
Yes,No,66,35.48,3,No,WI,0.04,No,Low
No,Yes,152,36.48,1,No,VT,0.0,No,Low
No,No,162,8.36,1,No,CT,0.02,No,Low
No,No,72,24.02,2,No,OR,0.01,No,Low
No,No,101,43.04,4,No,HI,0.05,No,Low
No,No,125,35.02,0,No,WV,0.01,No,Low
No,No,46,6.87,2,No,RI,0.06,No,Low
No,No,132,49.5,1,Yes,MI,0.91,Yes,Critical
No,Yes,193,12.1,0,No,ME,0.03,No,Low
No,No,63,44.51,0,Yes,WV,0.59,Yes,High
No,No,124,32.52,1,No,NE,0.01,No,Low
No,No,144,22.66,0,No,DC,0.02,No,Low
No,Yes,97,48.13,1,No,NH,0.14,No,Low
No,Yes,137,31.71,2,No,WV,0.11,No,Low
No,Yes,142,27.76,0,No,IL,0.0,No,Low
No,Yes,119,30.28,1,No,NH,0.0,No,Low
No,No,158,33.3,1,No,MI,0.08,No,Low
No,No,50,50.2,1,No,ND,0.19,No,Low
No,No,98,23.14,2,No,LA,0.0,No,Low
No,Yes,101,19.4,2,No,HI,0.02,No,Low
No,No,51,28.78,0,No,WV,0.01,No,Low
No,No,117,36.45,2,No,NC,0.0,No,Low
Yes,No,92,43.49,0,No,PA,0.32,No,Medium
No,No,86,25.19,2,No,MI,0.06,No,Low
No,No,122,20.28,2,No,WY,0.09,No,Low
No,Yes,156,32.69,1,No,NJ,0.04,No,Low
No,No,127,41.68,0,Yes,NJ,0.74,Yes,High
Yes,No,130,36.75,5,Yes,NC,0.96,Yes,Critical
No,No,158,29.31,2,No,NM,0.04,No,Low
Yes,Yes,145,29.8,1,No,MS,0.1,No,Low
Yes,Yes,90,28.73,0,Yes,TX,0.95,Yes,Critical
No,Yes,127,0.44,3,No,OK,0.02,No,Low
No,No,109,31.3,1,No,ID,0.0,No,Low
No,No,88,30.92,1,No,AL,0.0,No,Low
No,Yes,101,27.22,0,No,WY,0.08,No,Low
No,No,21,37.94,1,No,VA,0.04,No,Low
No,Yes,145,36.72,2,No,WV,0.0,No,Low
No,No,33,27.12,1,No,CA,0.01,No,Low
No,Yes,61,17.85,2,Yes,PA,0.65,Yes,High
No,No,107,34.77,3,No,CO,0.03,No,Low
No,No,147,46.58,0,Yes,MD,0.9,Yes,Critical
No,No,95,39.08,1,No,AL,0.01,No,Low
No,No,128,30.5,0,No,MI,0.0,No,Low
No,No,134,1.33,2,No,OH,0.05,No,Low
No,Yes,96,31.13,1,No,IN,0.01,No,Low
No,No,107,35.17,0,No,SC,0.01,No,Low
No,No,123,23.8,2,No,KS,0.01,No,Low
No,No,35,30.46,2,No,OK,0.06,No,Low
Yes,No,137,40.34,0,Yes,IL,0.86,Yes,Critical
No,No,88,30.86,1,No,TN,0.0,No,Low
No,Yes,116,26.47,3,No,NC,0.02,No,Low
No,Yes,123,41.65,2,No,RI,0.09,No,Low
Yes,No,146,18.89,1,No,VA,0.05,No,Low
No,Yes,106,15.05,3,No,KY,0.04,No,Low
No,Yes,121,19.72,1,No,NV,0.02,No,Low
No,No,137,26.44,1,No,WI,0.01,No,Low
No,Yes,67,29.78,1,No,NE,0.03,No,Low
No,No,161,26.3,4,Yes,WI,0.79,Yes,Critical
Yes,Yes,62,37.13,0,Yes,ME,0.89,Yes,Critical
No,Yes,120,38.68,1,No,WY,0.06,No,Low
No,Yes,130,31.45,0,No,IN,0.01,No,Low
No,No,20,31.76,2,No,WI,0.02,No,Low
No,No,112,35.48,0,No,CA,0.01,No,Low
No,No,77,31.6,3,No,IN,0.09,No,Low
No,No,109,37.83,2,No,SC,0.04,No,Low
No,No,108,34.19,3,No,IN,0.03,No,Low
No,Yes,79,28.54,1,No,IA,0.02,No,Low
No,No,38,29.87,5,Yes,MN,0.34,No,Medium
No,Yes,109,18.9,6,Yes,AR,0.82,Yes,Critical
No,No,78,14.91,1,No,MS,0.04,No,Low
No,No,134,41.5,0,No,MN,0.13,No,Low
No,Yes,47,28.05,2,No,WA,0.02,No,Low
No,Yes,59,21.66,0,No,MS,0.01,No,Low
No,No,151,33.12,0,No,ID,0.08,No,Low
No,No,129,9.3,1,No,NC,0.02,No,Low
No,Yes,107,48.18,2,No,VA,0.08,No,Low
Yes,No,137,43.86,0,Yes,MT,0.81,Yes,Critical
No,No,76,15.39,1,No,MI,0.03,No,Low
No,No,24,40.05,0,No,HI,0.07,No,Low
No,No,169,24.23,2,No,NC,0.03,No,Low
No,No,30,9.18,1,No,MN,0.0,No,Low
No,No,70,36.52,3,No,WV,0.0,No,Low
Yes,No,52,42.74,0,Yes,SD,0.91,Yes,Critical
No,No,3,23.63,4,No,HI,0.12,No,Low
No,No,38,19.94,2,No,MS,0.01,No,Low
No,No,104,44.88,3,No,NY,0.02,No,Low
No,No,27,14.04,1,No,LA,0.03,No,Low
No,No,13,37.47,2,No,MA,0.04,No,Low
No,No,52,36.89,2,No,AK,0.0,No,Low
No,Yes,114,21.93,1,No,SD,0.01,No,Low
No,No,156,25.59,1,No,CO,0.01,No,Low
No,No,62,32.22,2,No,WV,0.0,No,Low
No,No,52,21.98,3,No,ME,0.03,No,Low
No,No,146,19.65,1,No,NH,0.03,No,Low
No,Yes,120,37.72,2,No,RI,0.0,No,Low
No,No,90,10.42,1,No,WI,0.0,No,Low
Yes,No,147,31.25,1,No,NM,0.06,No,Low
No,No,159,28.46,0,Yes,WY,0.61,Yes,High
No,Yes,74,26.2,4,No,IL,0.08,No,Low
No,No,87,33.71,2,No,MI,0.0,No,Low
No,No,99,21.81,2,No,VA,0.08,No,Low
No,No,131,31.94,2,No,SD,0.0,No,Low
No,No,89,21.96,5,Yes,AL,0.89,Yes,Critical
Yes,No,123,21.34,4,Yes,MS,0.83,Yes,Critical
No,Yes,130,43.72,1,No,MS,0.04,No,Low
No,No,99,21.18,1,No,HI,0.02,No,Low
No,No,36,29.77,1,No,WV,0.06,No,Low
No,No,87,21.13,3,No,WV,0.0,No,Low
No,No,139,46.17,2,No,WV,0.09,No,Low
No,No,189,37.38,1,No,IN,0.02,No,Low
No,Yes,96,31.16,3,No,NM,0.01,No,Low
No,No,112,17.19,2,No,DE,0.02,No,Low
No,Yes,108,29.17,0,No,NJ,0.0,No,Low
No,Yes,121,36.02,0,No,RI,0.0,No,Low
No,No,116,10.83,1,No,SD,0.02,No,Low
No,No,161,29.48,1,No,NH,0.01,No,Low
Yes,No,19,40.41,0,No,AL,0.27,No,Low
Yes,Yes,119,29.41,0,No,ID,0.02,No,Low
No,No,125,38.23,0,No,MD,0.03,No,Low
No,No,156,40.41,1,No,IN,0.03,No,Low
No,No,109,23.29,2,No,WY,0.01,No,Low
No,No,95,24.23,2,No,NH,0.05,No,Low
No,No,90,24.21,1,No,MN,0.04,No,Low
No,Yes,105,24.99,2,No,MA,0.01,No,Low
No,No,101,37.45,1,No,NH,0.01,No,Low
No,No,95,25.36,1,No,MN,0.04,No,Low
No,No,123,34.75,0,No,IA,0.0,No,Low
No,Yes,141,52.36,1,No,AL,0.06,No,Low
No,Yes,75,35.75,4,No,CA,0.16,No,Low
No,Yes,126,10.01,0,No,MA,0.04,No,Low
No,No,153,38.91,0,No,FL,0.03,No,Low
No,Yes,97,15.3,2,Yes,NH,0.62,Yes,High
No,No,115,24.94,2,No,IN,0.01,No,Low
Yes,No,17,27.68,0,Yes,MA,0.89,Yes,Critical
No,Yes,105,31.77,1,No,NH,0.02,No,Low
No,No,121,14.64,2,No,TX,0.08,No,Low
No,No,125,36.09,2,No,NC,0.01,No,Low
No,No,124,25.67,2,No,CT,0.03,No,Low
No,Yes,123,36.09,3,No,LA,0.03,No,Low
No,No,124,39.85,3,No,NV,0.04,No,Low
No,No,133,30.06,2,No,WV,0.01,No,Low
No,Yes,1,24.92,1,No,SC,0.05,No,Low
No,No,107,44.29,1,No,KS,0.03,No,Low
No,Yes,91,24.84,1,No,NY,0.01,No,Low
Yes,No,178,21.17,2,Yes,MI,0.58,Yes,High
No,No,123,35.6,1,No,MA,0.02,No,Low
No,No,170,48.57,1,Yes,UT,0.88,Yes,Critical
No,No,135,32.45,1,No,HI,0.2,No,Low
No,Yes,134,35.5,2,No,OR,0.06,No,Low
No,No,93,46.09,1,Yes,CT,0.87,Yes,Critical
No,No,138,40.94,0,No,AZ,0.04,No,Low
No,No,159,19.52,0,No,OR,0.02,No,Low
No,Yes,103,23.6,1,No,DE,0.0,No,Low
No,Yes,150,35.67,0,No,MA,0.03,No,Low
No,No,37,22.93,3,No,CT,0.03,No,Low
Yes,No,33,27.88,0,No,AR,0.06,No,Low
No,No,55,41.74,1,No,SD,0.01,No,Low
No,No,107,15.42,2,No,CT,0.01,No,Low
No,No,78,18.46,1,Yes,MS,0.58,Yes,High
No,Yes,85,15.27,4,Yes,MT,0.82,Yes,Critical
No,Yes,61,42.91,2,No,AK,0.07,No,Low
No,Yes,97,31.18,5,No,DE,0.06,No,Low
Yes,No,136,31.18,2,No,OH,0.06,No,Low
No,No,135,26.38,3,No,MN,0.01,No,Low
No,Yes,87,28.19,1,No,CA,0.04,No,Low
No,No,148,47.48,2,Yes,NV,0.95,Yes,Critical
No,No,99,29.6,2,No,SC,0.0,No,Low
No,No,123,29.87,2,No,WV,0.0,No,Low
Yes,No,127,43.61,1,No,NM,0.18,No,Low
No,No,151,28.93,0,No,WY,0.02,No,Low
No,No,185,23.73,1,No,CA,0.05,No,Low
No,No,58,35.72,4,No,WY,0.1,No,Low
No,No,58,29.65,4,No,MA,0.03,No,Low
No,No,108,35.8,0,No,UT,0.0,No,Low
No,No,132,20.66,1,No,MN,0.02,No,Low
No,No,80,21.73,2,No,NE,0.03,No,Low
No,No,110,16.9,2,No,KY,0.01,No,Low
No,No,168,27.78,2,Yes,NY,0.55,Yes,High
No,Yes,125,20.49,1,No,CO,0.01,No,Low
No,No,170,31.3,2,No,DC,0.03,No,Low
No,No,71,31.45,3,No,AK,0.03,No,Low
No,No,124,27.35,1,No,SC,0.04,No,Low
No,No,68,35.29,2,No,KS,0.0,No,Low
No,No,97,35.56,1,No,UT,0.05,No,Low
Yes,No,98,26.93,1,No,IL,0.03,No,Low
No,No,24,25.33,2,Yes,DC,0.57,Yes,High
No,No,136,34.77,0,No,DC,0.01,No,Low
No,No,44,49.1,0,Yes,OK,0.9,Yes,Critical
No,Yes,96,18.46,0,No,KY,0.01,No,Low
No,No,24,26.55,1,No,HI,0.01,No,Low
No,Yes,112,38.28,4,No,SC,0.06,No,Low
Yes,No,117,48.86,1,Yes,GA,0.92,Yes,Critical
No,Yes,137,29.8,0,No,KS,0.0,No,Low
No,No,95,26.84,0,No,UT,0.05,No,Low
No,No,145,41.79,1,Yes,ND,0.89,Yes,Critical
Yes,No,56,30.21,1,No,KY,0.03,No,Low
No,No,133,20.03,0,Yes,OH,0.03,No,Low
No,No,53,20.35,2,No,TX,0.04,No,Low
No,No,123,41.17,5,Yes,WY,0.73,Yes,High
No,No,62,21.88,1,No,WV,0.0,No,Low
No,Yes,55,35.31,1,No,MI,0.0,No,Low
No,No,125,39.66,1,No,NY,0.01,No,Low
No,No,1,30.96,5,Yes,TX,0.77,Yes,Critical
No,Yes,98,28.56,6,Yes,KY,0.79,Yes,Critical
No,No,105,42.77,1,No,SD,0.04,No,Low
No,No,99,43.59,3,Yes,OR,0.85,Yes,Critical
No,No,177,38.73,1,No,WV,0.02,No,Low
No,No,160,39.93,1,Yes,CT,0.84,Yes,Critical
No,Yes,90,21.17,1,No,ND,0.0,No,Low
Yes,No,148,39.7,0,Yes,MI,0.87,Yes,Critical
No,Yes,147,33.54,2,Yes,MT,0.63,Yes,High
No,No,80,25.76,0,No,WV,0.01,No,Low
Yes,No,122,24.87,1,No,AR,0.05,No,Low
No,No,132,33.17,0,No,MT,0.0,No,Low
No,No,83,35.51,1,No,UT,0.02,No,Low
No,No,99,23.07,7,Yes,HI,0.84,Yes,Critical
No,No,84,38.4,3,Yes,KS,0.77,Yes,Critical
No,No,46,20.77,1,No,NY,0.05,No,Low
No,No,87,26.06,2,No,OH,0.01,No,Low
No,No,73,33.12,1,No,KS,0.01,No,Low
No,No,7,35.14,3,No,IN,0.04,No,Low
No,Yes,89,31.96,2,No,OR,0.0,No,Low
Yes,No,131,20.79,3,Yes,NY,0.92,Yes,Critical
No,No,105,44.08,3,No,VA,0.14,No,Low
No,Yes,47,29.39,1,No,ID,0.0,No,Low
No,No,161,33.42,1,No,OR,0.01,No,Low
No,Yes,69,33.13,2,No,AZ,0.01,No,Low
No,Yes,87,44.68,0,No,PA,0.12,No,Low
No,No,71,35.9,0,No,CO,0.01,No,Low
No,No,76,34.68,1,No,KY,0.0,No,Low
No,No,87,37.94,3,No,NJ,0.05,No,Low
No,No,117,20.23,1,No,IL,0.01,No,Low
No,No,177,45.24,3,Yes,WA,0.86,Yes,Critical
No,No,95,22.85,1,No,WV,0.02,No,Low
No,No,66,28.99,2,No,OH,0.1,No,Low
No,No,110,30.35,1,No,MO,0.0,No,Low
No,Yes,133,40.78,5,No,VA,0.06,No,Low
No,No,185,9.45,2,No,FL,0.07,No,Low
No,No,91,18.67,1,No,NY,0.01,No,Low
No,No,131,33.34,2,No,WV,0.0,No,Low
No,No,153,28.36,0,No,LA,0.08,No,Low
No,Yes,132,19.24,2,No,MA,0.03,No,Low
No,No,141,41.28,5,No,AL,0.3,No,Medium
No,No,105,26.61,2,No,ME,0.01,No,Low
No,No,169,45.34,3,Yes,TX,0.72,Yes,High
No,Yes,127,30.94,1,No,ND,0.01,No,Low
No,Yes,123,24.92,0,No,LA,0.02,No,Low
No,Yes,103,18.79,4,Yes,MT,0.8,Yes,Critical
No,No,101,20.16,1,No,OR,0.02,No,Low
No,Yes,123,33.59,2,No,NH,0.03,No,Low
No,Yes,78,35.75,6,No,NE,0.15,No,Low
No,Yes,101,37.45,4,No,WV,0.04,No,Low
No,No,129,25.5,1,No,NV,0.02,No,Low
No,Yes,67,27.49,0,No,MA,0.01,No,Low
No,No,37,32.54,3,No,MI,0.0,No,Low
No,No,173,18.6,1,No,WV,0.0,No,Low
No,No,135,24.5,1,No,KY,0.14,No,Low
No,Yes,75,42.31,1,No,NJ,0.02,No,Low
No,No,88,14.57,4,Yes,ME,0.86,Yes,Critical
No,No,112,36.52,3,No,TX,0.03,No,Low
No,No,113,27.01,0,No,MN,0.04,No,Low
No,Yes,121,18.7,2,No,VA,0.02,No,Low
No,No,90,24.75,0,No,MD,0.04,No,Low
No,No,39,15.86,0,No,RI,0.04,No,Low
No,No,176,34.32,1,No,MD,0.01,No,Low
No,No,105,24.89,1,No,NM,0.0,No,Low
No,No,57,46.36,2,Yes,MN,0.87,Yes,Critical
No,No,110,3.21,1,No,MI,0.04,No,Low
No,No,95,32.33,0,No,AL,0.0,No,Low
No,No,147,22.2,3,No,MI,0.02,No,Low
No,No,101,26.93,4,Yes,SC,0.76,Yes,Critical
No,No,115,28.31,1,No,MS,0.0,No,Low
No,No,103,21.98,2,No,MS,0.02,No,Low
No,No,82,33.88,0,No,CA,0.02,No,Low
No,No,141,31.47,0,No,MD,0.03,No,Low
No,No,149,29.82,2,No,ND,0.0,No,Low
No,No,119,16.01,1,No,SD,0.01,No,Low
No,No,112,32.2,3,No,AL,0.0,No,Low
No,Yes,116,20.06,2,No,NV,0.03,No,Low
No,No,94,36.06,3,No,LA,0.02,No,Low
No,No,90,37.74,2,No,VA,0.0,No,Low
No,Yes,114,37.88,0,No,DE,0.0,No,Low
No,Yes,63,32.3,1,No,CT,0.01,No,Low
No,Yes,122,33.22,3,No,MA,0.0,No,Low
No,No,62,17.0,0,No,WA,0.0,No,Low
No,Yes,78,27.3,2,No,SC,0.0,No,Low
No,Yes,148,26.98,1,No,IN,0.0,No,Low
No,No,154,26.27,3,Yes,MD,0.09,No,Low
No,Yes,110,32.69,1,No,NV,0.01,No,Low
No,No,75,51.87,0,Yes,TX,0.95,Yes,Critical
No,Yes,84,32.81,2,No,ND,0.03,No,Low
No,No,113,12.33,1,No,WV,0.01,No,Low
No,Yes,181,17.88,2,No,CO,0.05,No,Low
No,No,51,30.69,2,No,TX,0.03,No,Low
No,Yes,102,36.5,0,No,FL,0.1,No,Low
No,No,107,14.76,1,No,AL,0.05,No,Low
No,No,88,22.36,5,Yes,WV,0.88,Yes,Critical
No,No,82,23.02,0,No,MI,0.0,No,Low
No,No,204,29.63,6,No,NY,0.04,No,Low
No,No,174,40.04,0,No,MO,0.04,No,Low
No,No,129,26.69,2,No,AR,0.02,No,Low
Yes,No,190,19.02,3,No,MS,0.13,No,Low
Yes,No,54,40.17,3,No,NY,0.13,No,Low
No,No,78,27.81,0,No,SD,0.01,No,Low
No,Yes,100,36.31,1,No,AK,0.02,No,Low
No,Yes,70,24.38,3,No,WV,0.01,No,Low
No,No,117,16.51,1,No,VA,0.03,No,Low
No,No,68,16.0,0,No,MS,0.0,No,Low
No,No,27,38.47,2,Yes,SD,0.86,Yes,Critical
No,No,91,22.75,1,No,MN,0.02,No,Low
No,Yes,181,32.35,1,No,AL,0.01,No,Low
No,Yes,118,50.13,3,No,CO,0.03,No,Low
No,No,112,31.52,2,No,ME,0.03,No,Low
No,No,93,30.52,0,No,GA,0.0,No,Low
No,No,102,26.86,0,No,AZ,0.0,No,Low
No,No,93,29.41,0,No,MA,0.0,No,Low
No,Yes,107,22.81,1,No,AZ,0.04,No,Low
No,No,115,33.3,2,No,DE,0.01,No,Low
No,Yes,63,36.41,0,No,WI,0.03,No,Low
No,Yes,119,22.44,1,No,DC,0.0,No,Low
No,No,73,26.79,1,No,GA,0.02,No,Low
No,Yes,98,18.75,2,No,HI,0.02,No,Low
Yes,No,139,27.46,0,No,VA,0.15,No,Low
No,Yes,31,29.21,1,No,NY,0.01,No,Low
No,Yes,129,35.87,1,No,PA,0.01,No,Low
No,No,115,23.68,7,Yes,AR,0.93,Yes,Critical
No,No,108,49.57,2,Yes,HI,0.98,Yes,Critical
No,No,102,39.92,4,No,WV,0.05,No,Low
No,No,149,31.89,1,No,OK,0.02,No,Low
No,Yes,131,30.11,1,No,ND,0.05,No,Low
No,No,83,20.04,0,No,MO,0.0,No,Low
No,Yes,96,42.09,2,No,AR,0.04,No,Low
No,No,98,28.88,1,No,GA,0.02,No,Low
No,No,3,31.45,3,No,TN,0.03,No,Low
No,Yes,77,34.83,0,No,MA,0.0,No,Low
No,Yes,75,38.34,3,No,ND,0.01,No,Low
No,No,40,28.85,4,Yes,IA,0.79,Yes,Critical
No,No,16,27.52,3,No,AL,0.01,No,Low
No,Yes,115,22.66,2,No,NY,0.03,No,Low
No,Yes,108,29.02,3,No,PA,0.03,No,Low
No,No,107,32.25,5,No,VT,0.28,No,Low
No,No,161,54.79,2,Yes,NC,0.94,Yes,Critical
No,No,147,21.15,2,No,CT,0.02,No,Low
No,No,107,24.97,3,No,MO,0.01,No,Low
No,No,58,22.42,3,No,AK,0.02,No,Low
No,No,91,25.02,2,No,LA,0.0,No,Low
No,No,13,24.33,2,No,AL,0.0,No,Low
No,Yes,93,40.32,1,No,MA,0.01,No,Low
No,No,95,31.31,2,No,DE,0.0,No,Low
No,No,104,18.55,3,No,SC,0.05,No,Low
No,No,35,23.48,5,Yes,NH,0.83,Yes,Critical
No,No,62,31.76,3,No,LA,0.01,No,Low
No,No,143,26.42,1,No,MS,0.02,No,Low
Yes,No,60,35.0,0,Yes,WA,0.77,Yes,Critical
No,No,41,35.22,1,No,SC,0.04,No,Low
No,No,56,37.72,0,Yes,ME,0.28,No,Low
No,No,94,37.54,2,No,AZ,0.02,No,Low
No,Yes,73,29.53,2,No,CT,0.14,No,Low
Yes,No,127,24.34,4,Yes,AR,0.84,Yes,Critical
No,No,33,31.35,3,No,RI,0.01,No,Low
No,No,148,36.75,2,No,NV,0.03,No,Low
No,No,81,22.08,0,No,UT,0.03,No,Low
No,Yes,122,39.12,2,No,NC,0.04,No,Low
No,No,52,34.75,1,No,MI,0.01,No,Low
No,Yes,91,36.82,1,No,WI,0.01,No,Low
No,No,54,42.08,2,Yes,AR,0.37,No,Medium
No,No,152,38.78,1,No,NH,0.0,No,Low
No,No,201,38.4,1,Yes,TX,0.72,Yes,High
No,No,78,17.6,4,Yes,ID,0.93,Yes,Critical
No,No,67,19.64,0,No,CT,0.01,No,Low
No,No,100,37.2,1,No,NH,0.02,No,Low
No,No,41,38.05,3,No,WY,0.05,No,Low
No,No,133,24.45,3,No,OR,0.01,No,Low
No,Yes,36,5.08,2,No,SC,0.05,No,Low
No,Yes,51,47.04,0,No,MD,0.11,No,Low
No,No,122,24.04,0,No,NY,0.02,No,Low
No,No,110,32.74,1,No,UT,0.0,No,Low
Yes,No,91,25.81,1,No,AL,0.07,No,Low
No,No,121,36.65,5,No,DE,0.12,No,Low
No,No,109,30.6,3,No,WV,0.0,No,Low
No,No,72,33.41,0,No,NC,0.0,No,Low
No,No,108,32.86,3,No,AZ,0.0,No,Low
Yes,No,148,37.18,1,No,ND,0.09,No,Low
Yes,No,76,41.96,0,Yes,WA,0.87,Yes,Critical
No,No,103,29.7,6,Yes,ID,0.26,No,Low
No,No,87,40.8,0,Yes,CT,0.64,Yes,High
No,Yes,35,30.8,2,No,OK,0.03,No,Low
No,Yes,77,35.89,2,No,ID,0.01,No,Low
No,No,124,28.78,1,No,OR,0.0,No,Low
No,No,30,42.06,0,No,SD,0.06,No,Low
No,Yes,53,22.3,2,No,DE,0.01,No,Low
Yes,No,100,18.22,1,No,CT,0.16,No,Low
No,Yes,59,36.02,1,No,MN,0.04,No,Low
No,No,143,27.27,3,No,WA,0.03,No,Low
No,No,111,50.1,1,Yes,MS,0.99,Yes,Critical
No,No,143,22.68,1,No,WA,0.07,No,Low
Yes,Yes,68,21.37,3,Yes,OH,0.84,Yes,Critical
Yes,No,93,28.63,1,No,TN,0.24,No,Low
No,No,103,12.05,2,No,ID,0.03,No,Low
No,Yes,144,17.85,0,No,WV,0.02,No,Low
No,No,93,25.86,1,No,WI,0.03,No,Low
Yes,No,149,30.75,3,No,OK,0.03,No,Low
No,Yes,23,26.62,1,No,WV,0.04,No,Low
No,Yes,221,30.69,0,No,SD,0.05,No,Low
No,Yes,164,40.6,1,No,KS,0.13,No,Low
No,Yes,104,30.96,2,No,NC,0.05,No,Low
No,Yes,150,23.73,2,No,NY,0.02,No,Low
No,Yes,184,34.05,0,No,WI,0.02,No,Low
Yes,Yes,61,21.79,3,No,UT,0.06,No,Low
No,No,115,38.49,3,Yes,IN,0.79,Yes,Critical
No,No,33,42.82,2,No,AR,0.05,No,Low
No,No,100,44.97,2,Yes,ME,0.86,Yes,Critical
No,Yes,75,34.1,1,No,DE,0.01,No,Low
No,Yes,121,41.65,0,No,AK,0.08,No,Low
Yes,No,142,23.94,1,No,MI,0.03,No,Low
No,No,121,43.37,3,Yes,WA,0.57,Yes,High
No,Yes,87,21.25,2,No,SD,0.0,No,Low
No,No,34,30.7,1,No,SD,0.11,No,Low
Yes,No,177,42.28,1,Yes,AK,0.91,Yes,Critical
No,Yes,58,30.28,0,No,MA,0.0,No,Low
Yes,No,113,20.77,5,Yes,AR,0.84,Yes,Critical
No,No,89,18.9,3,No,OR,0.0,No,Low
Yes,Yes,77,17.54,0,Yes,NC,0.79,Yes,Critical
No,No,146,23.53,4,Yes,OK,0.45,No,Medium
No,No,93,24.87,0,No,NJ,0.02,No,Low
No,No,160,35.07,0,No,OH,0.0,No,Low
No,No,55,22.44,0,No,NM,0.03,No,Low
No,No,88,46.68,2,No,OH,0.08,No,Low
No,No,63,31.5,0,No,MI,0.04,No,Low
No,Yes,57,30.46,1,No,IL,0.01,No,Low
Yes,No,138,48.65,2,Yes,RI,0.51,Yes,Medium
No,No,115,45.56,3,No,AR,0.16,No,Low
No,No,171,23.38,2,No,NY,0.03,No,Low
No,No,127,22.93,1,No,NC,0.02,No,Low
No,No,61,39.81,1,No,OR,0.05,No,Low
No,No,131,29.77,1,No,VT,0.0,No,Low
No,No,88,24.17,1,No,SD,0.02,No,Low
No,No,130,22.51,2,No,DC,0.01,No,Low
No,Yes,89,16.63,0,No,RI,0.02,No,Low
No,No,82,45.37,3,Yes,ID,0.95,Yes,Critical
No,No,115,34.03,1,No,MN,0.0,No,Low
Yes,No,117,33.73,1,No,WV,0.14,No,Low
No,No,60,30.65,2,No,NH,0.01,No,Low
No,No,62,14.67,2,No,WI,0.1,No,Low
No,No,131,40.95,3,No,IN,0.07,No,Low
No,No,65,35.31,1,No,IN,0.06,No,Low
No,Yes,142,38.15,1,No,OR,0.0,No,Low
No,No,134,28.03,2,No,OK,0.0,No,Low
No,Yes,139,39.27,2,No,NJ,0.01,No,Low
No,No,76,18.24,4,Yes,AR,0.86,Yes,Critical
No,No,100,31.45,1,No,UT,0.03,No,Low
No,Yes,99,41.5,3,No,DC,0.02,No,Low
No,Yes,106,37.42,0,No,OH,0.0,No,Low
No,Yes,170,33.92,4,Yes,KS,0.66,Yes,High
No,No,78,18.62,1,No,SC,0.04,No,Low
No,No,39,31.82,1,No,TN,0.0,No,Low
Yes,Yes,119,29.26,1,Yes,MI,0.94,Yes,Critical
No,No,95,27.2,0,No,RI,0.01,No,Low
No,No,116,8.69,1,No,MO,0.04,No,Low
No,No,110,38.71,1,No,TN,0.0,No,Low
No,No,74,34.65,1,No,CT,0.03,No,Low
No,Yes,148,41.09,1,No,ME,0.0,No,Low
No,No,83,13.28,1,No,MD,0.1,No,Low
No,No,73,31.93,2,No,NC,0.0,No,Low
No,Yes,111,21.61,1,No,SC,0.04,No,Low
Yes,No,75,26.04,1,No,LA,0.03,No,Low
Yes,No,71,31.64,4,Yes,IL,0.89,Yes,Critical
No,Yes,58,38.1,2,No,IN,0.01,No,Low
No,No,172,34.66,4,No,OK,0.09,No,Low
No,No,45,35.92,1,No,IA,0.01,No,Low
Yes,No,100,37.3,4,No,VT,0.08,No,Low
No,No,94,32.37,2,No,NY,0.05,No,Low
No,No,128,25.11,2,No,LA,0.0,No,Low
No,No,181,39.08,2,No,SC,0.08,No,Low
No,No,127,17.48,1,No,ID,0.08,No,Low
No,No,89,30.38,1,No,MO,0.01,No,Low
No,Yes,149,25.25,0,No,ME,0.02,No,Low
No,Yes,103,27.9,0,No,MS,0.03,No,Low
Yes,No,163,33.52,1,No,SD,0.01,No,Low
No,No,52,21.23,2,No,OK,0.0,No,Low
No,No,89,19.62,3,No,WY,0.03,No,Low
Yes,No,122,23.8,4,Yes,GA,0.47,No,Medium
No,No,62,54.59,4,Yes,MD,0.84,Yes,Critical
No,No,117,20.13,5,Yes,IN,0.91,Yes,Critical
No,No,78,32.88,2,No,OH,0.02,No,Low
No,No,96,18.12,1,No,OH,0.01,No,Low
No,No,79,22.9,2,No,SC,0.04,No,Low
No,Yes,192,26.55,2,No,AZ,0.03,No,Low
No,No,68,39.29,3,No,WV,0.01,No,Low
No,No,28,30.74,2,No,RI,0.0,No,Low
No,Yes,74,39.85,0,No,TN,0.14,No,Low
No,No,117,31.37,1,No,LA,0.33,No,Medium
No,No,65,21.95,4,Yes,IN,0.85,Yes,Critical
No,No,161,56.59,4,Yes,NY,0.92,Yes,Critical
No,No,111,18.77,2,No,SC,0.03,No,Low
No,No,49,20.28,1,No,HI,0.02,No,Low
No,Yes,36,24.87,0,No,AK,0.03,No,Low
No,No,65,35.92,3,No,MI,0.0,No,Low
No,No,119,27.05,5,Yes,ID,0.82,Yes,Critical
No,No,10,31.64,2,No,VA,0.01,No,Low
No,No,68,25.3,3,No,WI,0.05,No,Low
No,Yes,74,32.93,2,No,MN,0.03,No,Low
No,No,85,40.09,0,No,HI,0.01,No,Low
No,No,46,36.4,2,No,MN,0.01,No,Low
No,Yes,128,30.48,0,No,VT,0.03,No,Low
No,No,155,34.58,0,Yes,LA,0.58,Yes,High
No,No,73,27.22,0,No,MT,0.01,No,Low
No,No,77,42.81,2,Yes,ID,0.15,No,Low
No,No,108,30.31,0,No,MA,0.04,No,Low
No,No,95,22.95,1,No,KY,0.0,No,Low
No,Yes,36,47.84,2,No,MI,0.01,No,Low
No,Yes,141,25.26,1,No,CO,0.01,No,Low
No,No,63,10.01,1,No,AZ,0.04,No,Low
No,No,97,40.77,2,No,ID,0.05,No,Low
No,No,75,28.27,1,No,CA,0.04,No,Low
No,No,127,24.94,1,No,WA,0.04,No,Low
No,No,121,30.86,1,No,LA,0.0,No,Low
No,No,117,17.48,1,No,NE,0.02,No,Low
No,No,65,31.94,1,No,OH,0.03,No,Low
No,No,6,31.21,1,No,MO,0.11,No,Low
No,No,32,39.25,0,No,AL,0.02,No,Low
No,Yes,64,30.96,2,No,NH,0.01,No,Low
No,No,25,20.28,3,No,NM,0.02,No,Low
No,No,65,19.86,1,No,OR,0.09,No,Low
No,No,127,34.36,2,No,MI,0.01,No,Low
No,No,93,46.17,2,No,AZ,0.22,No,Low
No,No,208,55.51,2,Yes,TX,0.9,Yes,Critical
No,No,122,41.45,2,No,IN,0.08,No,Low
No,No,99,40.99,1,No,LA,0.0,No,Low
No,No,65,23.14,1,No,MS,0.03,No,Low
No,No,65,36.28,1,No,IN,0.05,No,Low
No,Yes,45,33.42,0,No,KY,0.01,No,Low
No,No,139,22.85,5,Yes,MN,0.63,Yes,High
No,No,215,14.21,0,No,WY,0.05,No,Low
No,No,94,30.91,4,No,AZ,0.06,No,Low
No,Yes,119,26.18,2,No,NM,0.03,No,Low
No,Yes,86,20.23,0,No,MI,0.03,No,Low
No,Yes,106,28.2,4,No,FL,0.33,No,Medium
Yes,No,92,10.64,1,Yes,KS,0.95,Yes,Critical
No,No,78,28.61,1,No,SC,0.04,No,Low
No,No,155,44.61,2,No,NC,0.05,No,Low
No,Yes,64,16.05,0,No,MO,0.01,No,Low
No,No,83,37.64,3,No,WA,0.04,No,Low
No,Yes,144,32.27,2,Yes,SD,0.6,Yes,High
No,No,143,29.29,2,No,MT,0.02,No,Low
No,No,81,33.73,2,No,MN,0.0,No,Low
No,Yes,145,25.08,2,No,SD,0.07,No,Low
No,No,89,51.66,1,Yes,OK,0.92,Yes,Critical
No,Yes,199,39.2,0,No,CT,0.01,No,Low
No,Yes,96,29.36,5,Yes,CT,0.37,No,Medium
No,No,94,30.86,1,No,MN,0.01,No,Low
No,No,127,45.32,1,Yes,FL,0.92,Yes,Critical
No,No,121,28.97,0,Yes,RI,0.62,Yes,High
No,No,122,50.39,4,Yes,IN,0.83,Yes,Critical
No,Yes,121,11.68,1,No,AL,0.07,No,Low
No,No,77,39.75,2,No,OR,0.19,No,Low
Yes,No,64,40.15,2,Yes,MS,0.85,Yes,Critical
Yes,No,124,41.58,1,No,CA,0.14,No,Low
No,No,148,21.15,0,No,DE,0.02,No,Low
No,No,77,39.1,2,No,MS,0.11,No,Low
No,No,135,34.31,1,No,NC,0.0,No,Low
No,Yes,87,36.38,0,No,SD,0.01,No,Low
No,No,54,35.79,1,No,NH,0.0,No,Low
No,No,35,17.95,0,No,MA,0.02,No,Low
No,No,84,23.56,0,No,TX,0.05,No,Low
No,No,94,39.85,1,Yes,OR,0.88,Yes,Critical
No,Yes,96,24.79,1,No,UT,0.03,No,Low
No,No,64,16.52,2,No,NV,0.0,No,Low
No,No,85,44.17,0,No,NE,0.12,No,Low
No,No,117,40.78,0,No,AZ,0.07,No,Low
No,Yes,112,37.67,1,No,DC,0.0,No,Low
Yes,No,129,32.79,1,No,MA,0.09,No,Low
No,No,140,29.44,3,No,AZ,0.02,No,Low
No,No,81,26.1,2,No,MI,0.0,No,Low
No,No,70,10.12,0,No,TX,0.04,No,Low
No,Yes,79,44.93,4,No,ID,0.09,No,Low
No,No,85,21.74,0,No,AL,0.01,No,Low
No,No,91,25.33,0,No,SD,0.03,No,Low
No,Yes,149,33.81,1,No,LA,0.12,No,Low
No,No,60,16.69,2,No,AZ,0.0,No,Low
No,No,115,25.14,3,No,RI,0.02,No,Low
No,Yes,144,18.09,1,No,OH,0.05,No,Low
No,Yes,86,12.05,3,No,AZ,0.02,No,Low
No,Yes,139,36.48,0,No,MI,0.04,No,Low
No,No,124,25.69,1,No,NV,0.03,No,Low
Yes,No,102,39.75,0,No,MA,0.15,No,Low
No,No,78,35.51,0,No,IN,0.03,No,Low
Yes,No,55,32.62,1,Yes,AL,0.94,Yes,Critical
No,Yes,129,20.33,2,No,RI,0.05,No,Low
Yes,No,75,35.92,4,Yes,ME,0.73,Yes,High
No,Yes,126,19.43,3,No,SD,0.0,No,Low
No,No,92,26.18,3,Yes,MO,0.68,Yes,High
No,No,52,36.5,2,No,OK,0.03,No,Low
No,No,87,39.32,1,No,IL,0.02,No,Low
No,Yes,95,6.95,0,No,NJ,0.0,No,Low
No,No,67,52.77,4,No,LA,0.45,No,Medium
No,No,165,36.82,0,No,OR,0.03,No,Low
No,Yes,150,35.68,0,No,RI,0.0,No,Low
No,No,26,39.87,3,No,NC,0.07,No,Low
No,Yes,79,17.53,3,No,MD,0.02,No,Low
Yes,No,69,47.57,2,Yes,WI,0.61,Yes,High
Yes,Yes,95,23.26,5,Yes,VT,0.32,No,Medium
No,No,157,38.17,2,No,NY,0.02,No,Low
No,No,80,27.3,1,No,VT,0.0,No,Low
No,Yes,75,20.66,2,No,AZ,0.04,No,Low
No,No,44,38.78,2,Yes,WV,0.6,Yes,High
No,No,101,15.25,5,Yes,OK,0.84,Yes,Critical
No,Yes,117,13.63,1,No,WI,0.02,No,Low
No,No,82,21.37,1,No,PA,0.02,No,Low
No,No,39,27.27,2,No,NY,0.0,No,Low
No,No,30,28.88,1,No,NM,0.02,No,Low
No,Yes,63,24.19,1,No,NC,0.03,No,Low
No,No,111,24.85,3,No,WY,0.02,No,Low
No,No,91,39.41,3,No,PA,0.01,No,Low
Yes,Yes,105,37.52,1,Yes,NV,0.85,Yes,Critical
Yes,Yes,166,21.79,2,No,WA,0.09,No,Low
No,No,79,22.13,3,No,FL,0.02,No,Low
No,Yes,105,35.63,2,No,ME,0.01,No,Low
No,No,172,36.67,3,No,LA,0.0,No,Low
No,No,121,25.62,1,No,KS,0.04,No,Low
No,No,88,27.46,2,No,ND,0.01,No,Low
No,Yes,153,40.05,0,No,WV,0.02,No,Low
No,Yes,54,35.17,3,No,AR,0.08,No,Low
No,No,79,26.79,5,Yes,CA,0.84,Yes,Critical
No,No,55,29.85,0,No,MN,0.01,No,Low
No,No,109,45.0,1,Yes,MT,0.92,Yes,Critical
No,Yes,65,47.99,1,No,SD,0.09,No,Low
No,No,27,32.95,0,No,MT,0.06,No,Low
No,Yes,32,45.34,1,No,WV,0.07,No,Low
No,Yes,3,20.08,2,No,CT,0.0,No,Low
No,No,119,30.06,1,No,DE,0.04,No,Low
No,No,43,41.12,1,No,LA,0.04,No,Low
No,No,116,32.22,1,No,KS,0.03,No,Low
No,No,107,20.93,0,No,WV,0.03,No,Low
No,No,123,27.05,1,No,ND,0.0,No,Low
No,No,110,17.02,3,No,AK,0.01,No,Low
No,No,176,37.94,3,No,ME,0.03,No,Low
No,Yes,13,53.65,3,No,MN,0.13,No,Low
No,No,88,32.27,2,No,KS,0.03,No,Low
No,Yes,92,26.42,3,No,NJ,0.02,No,Low
No,No,165,26.21,6,No,WI,0.11,No,Low
No,No,156,30.4,1,No,AR,0.0,No,Low
No,No,63,25.38,0,No,WA,0.01,No,Low
Yes,Yes,83,16.1,2,No,ID,0.04,No,Low
No,No,158,37.88,2,No,VA,0.02,No,Low
Yes,No,115,42.48,1,Yes,WV,0.89,Yes,Critical
No,Yes,103,14.82,6,Yes,UT,0.61,Yes,High
No,No,64,38.22,1,No,NJ,0.0,No,Low
No,Yes,86,44.4,2,No,MS,0.01,No,Low
No,Yes,151,33.41,0,No,ME,0.01,No,Low
Yes,No,87,28.44,1,No,NM,0.03,No,Low
No,No,90,18.63,2,No,TX,0.01,No,Low
No,Yes,108,47.02,2,No,LA,0.01,No,Low
No,Yes,33,31.76,0,No,TN,0.02,No,Low
Yes,Yes,149,21.57,5,Yes,WI,0.52,Yes,Medium
No,No,106,28.8,1,No,MT,0.02,No,Low
Yes,No,167,37.25,2,No,ND,0.08,No,Low
No,Yes,35,41.09,1,No,WI,0.01,No,Low
No,Yes,107,47.79,1,No,MO,0.06,No,Low
Yes,Yes,92,47.79,0,No,AZ,0.38,No,Medium
No,No,38,23.43,2,No,VT,0.05,No,Low
Yes,No,68,25.25,1,Yes,VA,0.9,Yes,Critical
No,No,123,32.98,1,No,NE,0.0,No,Low
No,Yes,75,22.25,1,No,WA,0.06,No,Low
No,No,153,31.5,1,No,NM,0.03,No,Low
No,No,143,20.25,0,No,FL,0.02,No,Low
No,No,87,54.83,2,Yes,SC,0.79,Yes,Critical
No,No,100,36.75,0,No,IN,0.03,No,Low
No,Yes,144,48.26,1,No,FL,0.05,No,Low
No,Yes,70,21.4,1,No,ND,0.01,No,Low
Yes,No,136,33.93,3,Yes,MA,0.63,Yes,High
No,Yes,120,36.16,2,No,MO,0.01,No,Low
No,No,104,31.21,1,No,WY,0.01,No,Low
No,Yes,75,27.81,3,No,CA,0.11,No,Low
Yes,No,127,30.75,2,No,NE,0.03,No,Low
No,Yes,122,46.04,4,No,ID,0.08,No,Low
No,No,124,30.33,0,No,VT,0.0,No,Low
Yes,No,167,41.62,2,No,MO,0.23,No,Low
No,Yes,89,35.68,1,No,VA,0.13,No,Low
No,No,73,36.21,0,No,VT,0.02,No,Low
No,No,1,24.62,1,No,MS,0.14,No,Low
No,No,60,23.02,1,No,KY,0.01,No,Low
No,No,77,11.51,1,No,WV,0.01,No,Low
No,No,76,38.15,2,No,DC,0.03,No,Low
No,No,63,26.1,2,No,IA,0.01,No,Low
No,Yes,150,29.65,1,No,MN,0.02,No,Low
No,No,101,26.15,4,No,VT,0.19,No,Low
No,Yes,132,29.87,2,No,AK,0.0,No,Low
No,No,158,26.5,2,No,CA,0.05,No,Low
No,Yes,114,26.25,0,No,MS,0.06,No,Low
No,Yes,77,35.65,2,No,AR,0.0,No,Low
No,No,107,36.06,3,No,NJ,0.0,No,Low
No,Yes,48,25.84,2,Yes,NJ,0.66,Yes,High
No,No,59,27.35,3,No,TN,0.04,No,Low
No,No,129,56.83,0,Yes,DE,0.96,Yes,Critical
No,No,50,32.11,3,No,TX,0.01,No,Low
No,Yes,50,32.74,2,No,MI,0.01,No,Low
No,No,116,36.94,2,No,MS,0.04,No,Low
No,Yes,52,28.78,0,No,OK,0.01,No,Low
Yes,No,12,36.84,2,No,ND,0.1,No,Low
No,No,105,41.89,0,No,ND,0.18,No,Low
No,No,104,26.55,1,No,NY,0.04,No,Low
No,No,13,24.89,1,No,WV,0.04,No,Low
No,No,67,28.53,1,No,WV,0.01,No,Low
No,Yes,148,42.99,1,No,DC,0.14,No,Low
No,No,116,34.31,0,No,MN,0.01,No,Low
No,No,131,16.05,2,No,DE,0.03,No,Low
No,No,119,32.37,2,No,VT,0.01,No,Low
Yes,No,94,41.34,4,No,NY,0.1,No,Low
No,No,217,29.99,4,No,TX,0.1,No,Low
No,No,161,30.28,1,No,OR,0.02,No,Low
No,No,67,34.24,0,No,KS,0.01,No,Low
No,Yes,132,29.67,1,No,ND,0.0,No,Low
No,No,134,34.9,1,No,PA,0.01,No,Low
No,No,44,24.34,1,No,NY,0.01,No,Low
No,Yes,53,4.4,1,No,WY,0.01,No,Low
No,No,108,26.21,4,Yes,NY,0.84,Yes,Critical
No,No,80,54.79,0,Yes,ME,0.89,Yes,Critical
No,No,88,36.65,3,No,SD,0.03,No,Low
Yes,No,82,35.5,3,No,UT,0.05,No,Low
No,No,115,41.68,0,No,AK,0.02,No,Low
No,No,93,16.73,1,No,RI,0.01,No,Low
No,No,72,37.03,4,No,AL,0.03,No,Low
No,Yes,98,30.58,3,No,DE,0.0,No,Low
No,No,118,23.87,0,No,ID,0.04,No,Low
No,No,55,32.13,0,No,MO,0.01,No,Low
No,No,130,26.5,3,No,IL,0.0,No,Low
Yes,No,136,33.86,1,No,FL,0.05,No,Low
No,No,107,26.71,1,No,KY,0.0,No,Low
No,No,91,26.25,5,Yes,MI,0.61,Yes,High
No,No,167,28.29,1,No,NY,0.01,No,Low
No,Yes,159,31.3,0,No,KS,0.01,No,Low
No,No,122,5.97,1,No,PA,0.04,No,Low
No,Yes,105,30.5,0,No,MI,0.02,No,Low
No,No,155,36.84,2,No,NH,0.06,No,Low
No,No,161,25.77,1,No,WA,0.04,No,Low
No,No,122,29.51,3,No,NY,0.0,No,Low
Yes,No,37,18.12,2,No,MD,0.09,No,Low
No,No,128,17.56,0,No,KS,0.01,No,Low
Yes,No,89,21.35,1,No,DE,0.23,No,Low
No,No,108,33.88,0,No,IN,0.02,No,Low
No,No,109,37.77,1,No,VT,0.04,No,Low
No,No,29,26.76,1,No,WA,0.0,No,Low
Yes,Yes,119,27.2,5,Yes,NM,0.79,Yes,Critical
No,No,86,14.2,0,No,MO,0.06,No,Low
No,Yes,92,22.78,0,No,IA,0.02,No,Low
No,Yes,13,30.02,2,No,WA,0.01,No,Low
Yes,Yes,144,29.72,0,No,CT,0.04,No,Low
No,No,139,37.62,1,No,NH,0.0,No,Low
No,No,95,23.99,3,No,LA,0.01,No,Low
No,Yes,80,28.29,4,No,ME,0.25,No,Low
No,No,113,36.7,3,No,MT,0.04,No,Low
No,Yes,88,30.87,1,No,ID,0.01,No,Low
No,No,74,18.09,1,No,UT,0.02,No,Low
No,No,48,21.79,0,No,IL,0.04,No,Low
No,No,163,30.38,4,No,AZ,0.12,No,Low
No,No,56,25.65,3,No,ID,0.05,No,Low
No,No,64,28.56,2,No,TX,0.02,No,Low
No,Yes,116,31.08,1,No,MT,0.01,No,Low
Yes,No,101,32.93,0,No,PA,0.05,No,Low
Yes,No,85,33.52,4,No,RI,0.1,No,Low
No,No,90,12.94,0,No,NH,0.03,No,Low
No,No,73,30.99,1,No,UT,0.05,No,Low
No,Yes,55,32.18,2,No,NH,0.0,No,Low
No,Yes,76,27.22,3,No,AK,0.0,No,Low
No,No,157,37.52,4,No,AZ,0.13,No,Low
No,No,131,36.01,0,No,NJ,0.02,No,Low
No,No,51,39.05,1,Yes,MI,0.66,Yes,High
No,No,166,37.52,1,No,ID,0.02,No,Low
No,No,66,14.89,1,No,OR,0.02,No,Low
No,No,49,45.27,2,Yes,UT,0.87,Yes,Critical
No,No,89,23.99,2,No,LA,0.02,No,Low
No,No,90,34.15,1,No,WI,0.0,No,Low
No,No,193,16.46,2,Yes,ID,0.66,Yes,High
No,No,114,29.24,1,No,TN,0.07,No,Low
No,Yes,7,37.64,1,No,NV,0.01,No,Low
No,No,71,41.43,0,No,WY,0.03,No,Low
No,Yes,31,35.79,1,No,IL,0.05,No,Low
No,No,111,48.35,0,Yes,MA,0.88,Yes,Critical
No,No,97,28.85,3,No,AZ,0.02,No,Low
No,No,51,38.62,0,No,ND,0.04,No,Low
No,No,86,38.06,1,No,SD,0.02,No,Low
No,No,190,28.8,1,No,ND,0.03,No,Low
No,No,80,20.08,1,No,CT,0.03,No,Low
No,No,36,34.41,3,No,MO,0.02,No,Low
No,No,45,26.47,1,No,NJ,0.01,No,Low
No,No,170,41.89,0,No,NC,0.07,No,Low
No,No,103,32.27,0,No,UT,0.01,No,Low
No,No,112,28.53,0,No,WI,0.0,No,Low
No,No,125,24.34,4,Yes,MT,0.83,Yes,Critical
No,Yes,73,13.99,6,Yes,MS,0.51,Yes,Medium
No,No,232,28.15,1,No,NM,0.06,No,Low
No,Yes,95,28.17,0,No,SD,0.01,No,Low
No,No,182,29.94,1,No,VA,0.0,No,Low
No,No,55,20.35,2,No,NM,0.04,No,Low
No,Yes,86,16.98,2,No,VA,0.03,No,Low
No,No,127,40.77,1,No,NJ,0.05,No,Low
No,No,63,27.97,0,No,TN,0.0,No,Low
No,No,79,37.55,1,No,MI,0.02,No,Low
No,Yes,111,21.9,2,No,LA,0.01,No,Low
No,Yes,121,32.95,0,No,NH,0.08,No,Low
No,No,112,28.66,1,No,RI,0.01,No,Low
No,Yes,81,19.7,3,No,LA,0.04,No,Low
No,No,72,46.31,0,No,AZ,0.13,No,Low
No,Yes,64,35.7,8,No,SC,0.09,No,Low
No,No,163,37.91,1,No,MD,0.06,No,Low
No,No,104,23.75,2,No,WA,0.02,No,Low
No,Yes,93,23.26,2,No,CA,0.05,No,Low
No,No,197,26.32,3,No,NJ,0.0,No,Low
No,No,57,32.78,1,No,AR,0.0,No,Low
No,No,107,17.58,1,No,CT,0.01,No,Low
No,No,75,25.08,2,No,SD,0.02,No,Low
No,No,106,30.33,0,No,FL,0.03,No,Low
No,No,70,25.23,0,No,MS,0.04,No,Low
No,No,80,25.26,2,No,MA,0.08,No,Low
No,No,137,16.58,1,No,VT,0.06,No,Low
No,Yes,90,31.55,2,No,IL,0.0,No,Low
No,No,30,23.39,3,No,CT,0.01,No,Low
Yes,No,105,46.56,1,Yes,KS,0.74,Yes,High
No,Yes,102,21.3,3,No,MA,0.03,No,Low
No,No,83,30.4,3,No,NJ,0.01,No,Low
No,Yes,63,36.53,0,No,AR,0.03,No,Low
No,No,155,27.71,2,No,MS,0.0,No,Low
No,No,105,19.64,3,No,ME,0.02,No,Low
No,No,73,23.31,1,No,IA,0.01,No,Low
No,Yes,21,22.56,3,No,NM,0.01,No,Low
No,Yes,71,31.14,1,No,TX,0.02,No,Low
No,No,112,28.99,0,No,KY,0.01,No,Low
No,No,66,26.18,4,Yes,AZ,0.8,Yes,Critical
No,No,99,9.32,1,No,TN,0.01,No,Low
No,No,124,31.42,1,No,WV,0.0,No,Low
No,Yes,95,48.13,3,No,CT,0.25,No,Low
No,No,130,11.63,0,No,NH,0.1,No,Low
Yes,No,93,22.34,1,Yes,MD,0.86,Yes,Critical
No,No,191,27.54,1,No,WV,0.0,No,Low
No,No,88,25.19,2,No,KY,0.01,No,Low
No,No,16,29.7,5,No,WY,0.21,No,Low
No,No,107,33.07,2,No,GA,0.02,No,Low
No,Yes,96,25.5,1,No,AK,0.02,No,Low
No,Yes,163,39.42,2,No,CT,0.02,No,Low
No,No,95,45.73,2,Yes,OR,0.78,Yes,Critical
No,Yes,123,33.78,1,No,OK,0.01,No,Low
No,No,34,49.93,2,Yes,MA,0.93,Yes,Critical
No,Yes,96,29.89,2,No,DE,0.01,No,Low
No,No,146,28.82,2,No,OH,0.01,No,Low
Yes,Yes,138,38.28,0,No,ID,0.07,No,Low
No,No,76,22.05,5,Yes,MO,0.89,Yes,Critical
No,Yes,83,16.3,0,No,NC,0.13,No,Low
No,No,104,29.0,1,No,HI,0.0,No,Low
No,No,106,32.54,1,No,NJ,0.02,No,Low
No,No,84,12.8,1,No,MS,0.0,No,Low
No,No,99,21.9,2,No,MN,0.04,No,Low
No,No,134,24.09,0,No,RI,0.04,No,Low
No,No,80,45.68,2,Yes,NJ,0.83,Yes,Critical
No,No,85,43.4,3,No,MN,0.18,No,Low
No,Yes,120,40.7,0,No,WI,0.02,No,Low
No,No,120,26.86,1,No,KS,0.02,No,Low
No,No,125,30.99,2,No,NJ,0.01,No,Low
No,Yes,118,15.56,2,No,ND,0.02,No,Low
No,No,62,29.31,0,No,WY,0.0,No,Low
No,No,112,29.67,1,No,LA,0.01,No,Low
No,No,68,26.74,1,No,AL,0.01,No,Low
No,Yes,201,32.64,1,No,TX,0.08,No,Low
No,No,116,27.32,0,No,AR,0.02,No,Low
No,No,133,38.66,0,No,GA,0.01,No,Low
No,No,125,32.57,2,No,KY,0.0,No,Low
No,No,21,38.25,0,No,NE,0.07,No,Low
No,No,110,33.34,3,No,ND,0.01,No,Low
No,No,83,39.32,3,No,NH,0.09,No,Low
No,Yes,101,35.56,0,No,IN,0.02,No,Low
No,Yes,117,37.62,0,No,OR,0.0,No,Low
No,No,127,23.73,2,No,OH,0.0,No,Low
No,Yes,138,31.26,1,No,KS,0.02,No,Low
No,No,120,34.56,3,No,TX,0.04,No,Low
No,Yes,141,31.52,4,No,DC,0.06,No,Low
No,Yes,87,40.94,2,No,OR,0.02,No,Low
No,No,97,46.94,0,Yes,WA,0.9,Yes,Critical
No,Yes,162,30.55,1,Yes,NC,0.59,Yes,High
No,No,119,13.92,2,Yes,TX,0.61,Yes,High
No,Yes,107,42.26,1,No,WI,0.04,No,Low
No,Yes,140,26.71,1,No,SC,0.03,No,Low
No,No,91,26.01,1,Yes,SD,0.68,Yes,High
No,No,135,37.2,4,No,OH,0.06,No,Low
No,Yes,86,33.64,0,No,HI,0.0,No,Low
No,No,131,28.31,1,No,KY,0.02,No,Low
No,Yes,86,38.32,1,No,OH,0.1,No,Low
No,No,85,35.75,1,No,AL,0.01,No,Low
No,Yes,195,39.39,0,No,VT,0.01,No,Low
No,No,177,32.22,1,No,ND,0.01,No,Low
No,No,100,12.04,6,Yes,WA,0.9,Yes,Critical
No,No,124,22.41,1,No,CT,0.04,No,Low
Yes,No,81,42.6,1,No,DE,0.12,No,Low
No,No,105,47.82,0,Yes,HI,0.94,Yes,Critical
Yes,Yes,126,21.98,1,No,MI,0.04,No,Low
No,No,71,40.46,0,Yes,ND,0.8,Yes,Critical
No,No,139,35.89,0,No,NE,0.0,No,Low
No,No,77,28.8,1,No,NE,0.07,No,Low
No,No,72,30.11,1,No,KY,0.0,No,Low
No,Yes,74,29.68,1,No,KS,0.01,No,Low
No,No,124,25.55,2,No,ND,0.01,No,Low
No,Yes,113,26.83,5,Yes,KY,0.48,No,Medium
No,No,66,20.06,1,No,ME,0.03,No,Low
No,Yes,124,24.57,2,No,MT,0.03,No,Low
No,No,134,31.25,1,No,IL,0.0,No,Low
No,Yes,41,32.59,1,No,ME,0.01,No,Low
No,Yes,159,26.11,2,No,SC,0.01,No,Low
Yes,Yes,87,29.1,1,No,IL,0.06,No,Low
No,No,132,40.82,3,No,WA,0.01,No,Low
No,No,86,14.25,1,No,NE,0.01,No,Low
Yes,No,55,45.83,1,No,IL,0.2,No,Low
No,No,101,23.15,3,No,VT,0.03,No,Low
No,No,94,45.76,3,Yes,KS,0.84,Yes,Critical
No,No,68,37.33,2,No,ND,0.0,No,Low
No,No,98,40.15,0,No,CO,0.11,No,Low
No,No,123,44.35,3,No,TX,0.24,No,Low
No,No,111,42.47,0,Yes,CA,0.86,Yes,Critical
No,Yes,69,45.7,0,No,MS,0.11,No,Low
No,Yes,127,23.82,1,No,RI,0.02,No,Low
No,No,105,32.93,1,No,NM,0.04,No,Low
No,No,75,38.2,3,No,VA,0.05,No,Low
No,No,126,32.45,1,No,TX,0.02,No,Low
No,No,41,39.46,3,Yes,NM,0.84,Yes,Critical
No,No,113,15.4,1,No,RI,0.03,No,Low
No,No,78,25.99,2,No,NY,0.0,No,Low
No,No,110,41.0,2,No,WA,0.04,No,Low
Yes,Yes,112,34.05,1,No,NE,0.06,No,Low
No,No,104,16.52,0,No,ID,0.07,No,Low
No,No,127,38.13,2,No,WV,0.01,No,Low
No,No,61,45.41,1,Yes,NE,0.81,Yes,Critical
No,Yes,65,36.64,2,No,RI,0.01,No,Low
No,Yes,152,40.65,5,No,CT,0.08,No,Low
Yes,No,63,10.69,1,No,RI,0.11,No,Low
No,No,100,35.85,4,No,IA,0.06,No,Low
No,No,29,53.24,2,Yes,MS,0.91,Yes,Critical
No,No,175,22.44,1,No,ME,0.02,No,Low
Yes,Yes,98,41.74,1,No,MS,0.07,No,Low
No,No,121,22.8,2,No,VA,0.02,No,Low
No,No,104,24.57,2,No,PA,0.08,No,Low
No,No,123,25.5,3,No,NE,0.04,No,Low
No,Yes,61,46.02,3,No,MI,0.11,No,Low
No,No,160,43.52,3,No,MD,0.13,No,Low
No,No,153,26.28,1,No,AR,0.1,No,Low
No,No,31,28.12,1,No,FL,0.01,No,Low
No,No,122,28.61,1,No,KY,0.0,No,Low
No,Yes,46,32.54,1,No,IN,0.18,No,Low
No,No,103,26.98,1,No,FL,0.02,No,Low
Yes,Yes,68,33.24,1,Yes,IL,0.92,Yes,Critical
No,Yes,149,44.95,2,No,AL,0.02,No,Low
No,No,102,46.44,2,Yes,MT,0.84,Yes,Critical
No,No,153,27.12,1,Yes,WI,0.73,Yes,High
No,No,122,24.75,0,No,NY,0.04,No,Low
Yes,No,127,42.08,2,No,WY,0.18,No,Low
Yes,No,126,40.75,1,Yes,NY,0.85,Yes,Critical
No,No,90,18.68,0,No,CO,0.0,No,Low
No,No,37,40.78,2,Yes,CA,0.75,Yes,Critical
No,No,132,33.63,4,Yes,CO,0.24,No,Low
No,Yes,38,19.62,2,No,KY,0.02,No,Low
No,No,92,33.52,2,No,ID,0.01,No,Low
No,Yes,111,32.83,1,No,HI,0.0,No,Low
No,Yes,121,44.73,5,No,TX,0.08,No,Low
No,No,131,33.49,1,No,GA,0.02,No,Low
No,No,19,34.26,1,No,ME,0.02,No,Low
No,No,135,29.48,1,No,OH,0.05,No,Low
No,No,129,17.24,1,No,TN,0.06,No,Low
No,No,142,39.53,4,No,VT,0.17,No,Low
No,Yes,130,29.67,1,No,MD,0.04,No,Low
No,No,92,30.84,2,No,NE,0.0,No,Low
No,Yes,146,30.72,2,No,WY,0.02,No,Low
Yes,Yes,152,24.96,1,Yes,WV,0.81,Yes,Critical
No,No,189,38.73,3,No,MS,0.03,No,Low
No,Yes,95,27.25,0,No,OH,0.01,No,Low
No,No,1,29.78,1,No,AK,0.04,No,Low
No,Yes,141,19.87,0,No,IN,0.07,No,Low
No,No,111,25.87,0,No,WA,0.0,No,Low
No,No,143,28.53,4,Yes,RI,0.63,Yes,High
No,Yes,148,44.69,1,No,AL,0.03,No,Low
No,Yes,143,24.11,1,No,MT,0.02,No,Low
No,No,90,28.48,1,No,NM,0.05,No,Low
No,No,169,25.02,3,No,OH,0.05,No,Low
No,No,53,24.67,2,No,LA,0.01,No,Low
No,No,15,22.98,2,No,MO,0.04,No,Low
No,Yes,123,21.2,1,No,DC,0.02,No,Low
No,No,95,29.58,0,No,TN,0.04,No,Low
No,No,82,45.08,2,No,WA,0.18,No,Low
No,No,180,24.36,1,No,RI,0.01,No,Low
No,No,125,19.21,2,Yes,RI,0.64,Yes,High
Yes,Yes,138,35.9,3,Yes,OR,0.82,Yes,Critical
No,No,90,26.84,2,No,MA,0.0,No,Low
No,No,190,30.97,2,No,NC,0.02,No,Low
No,Yes,143,24.04,1,No,IA,0.03,No,Low
No,No,183,18.41,0,No,IL,0.13,No,Low
No,No,58,42.02,2,Yes,KY,0.44,No,Medium
No,No,123,28.37,3,No,TN,0.02,No,Low
No,No,155,12.1,0,No,GA,0.13,No,Low
No,No,53,27.9,1,No,MN,0.05,No,Low
No,No,101,26.25,1,No,MT,0.02,No,Low
No,No,122,39.3,1,Yes,ND,0.83,Yes,Critical
No,No,163,34.49,5,No,VA,0.06,No,Low
No,No,120,30.12,2,No,ND,0.04,No,Low
No,No,196,22.63,1,No,TN,0.03,No,Low
No,Yes,147,41.38,2,No,NE,0.09,No,Low
No,Yes,81,28.61,4,No,IN,0.17,No,Low
No,Yes,165,18.97,0,No,OR,0.05,No,Low
No,No,115,35.05,1,No,TN,0.02,No,Low
No,Yes,90,26.64,2,No,TX,0.01,No,Low
No,No,37,37.57,4,No,TN,0.2,No,Low
No,No,76,28.17,1,No,NC,0.0,No,Low
No,No,109,26.32,3,No,MT,0.03,No,Low
No,No,105,21.32,2,No,HI,0.01,No,Low
No,No,74,21.22,3,No,MI,0.01,No,Low
No,No,76,30.46,0,No,AL,0.03,No,Low
No,No,116,41.8,3,No,CT,0.08,No,Low
No,No,138,35.0,0,No,UT,0.03,No,Low
No,No,102,31.76,2,No,DC,0.04,No,Low
No,No,164,32.66,3,No,UT,0.04,No,Low
No,No,125,40.92,0,Yes,MN,0.87,Yes,Critical
No,No,209,43.37,3,Yes,SC,0.73,Yes,High
No,Yes,116,31.21,2,No,NH,0.06,No,Low
No,Yes,189,26.38,1,No,MD,0.01,No,Low
No,No,84,34.58,1,No,OK,0.06,No,Low
No,No,182,47.45,2,Yes,NJ,0.9,Yes,Critical
No,No,171,32.27,0,No,HI,0.01,No,Low
No,No,90,33.75,2,No,DE,0.0,No,Low
No,No,117,26.98,2,No,AL,0.03,No,Low
No,No,186,23.43,1,No,KS,0.08,No,Low
No,Yes,55,23.68,3,No,AK,0.01,No,Low
No,No,74,30.16,0,No,WI,0.07,No,Low
No,No,130,19.65,1,No,IN,0.04,No,Low
No,No,80,8.76,3,No,DC,0.0,No,Low
No,No,120,22.39,1,No,MS,0.01,No,Low
No,Yes,84,18.11,2,No,NH,0.08,No,Low
No,Yes,134,42.02,2,Yes,NJ,0.72,Yes,High
No,No,68,27.0,1,No,VT,0.0,No,Low
No,No,119,40.65,3,Yes,MD,0.71,Yes,High
Yes,Yes,166,29.89,1,No,KS,0.09,No,Low
No,Yes,90,32.86,0,No,NH,0.03,No,Low
No,Yes,82,23.43,2,No,AZ,0.01,No,Low
No,No,130,44.83,1,Yes,ID,0.71,Yes,High
No,No,130,42.84,0,No,TX,0.1,No,Low
Yes,No,155,27.73,0,No,RI,0.23,No,Low
No,No,81,55.2,0,Yes,OR,0.94,Yes,Critical
No,No,75,34.56,1,No,NC,0.06,No,Low
No,Yes,178,29.82,2,No,NM,0.0,No,Low
No,No,112,45.22,2,Yes,SC,0.75,Yes,Critical
No,No,100,13.38,0,No,AZ,0.15,No,Low
No,No,104,38.4,1,No,WV,0.02,No,Low
No,No,160,36.86,1,No,NY,0.01,No,Low
No,No,87,9.86,0,No,WV,0.03,No,Low
No,No,81,29.44,2,No,NM,0.0,No,Low
No,No,28,40.26,3,No,ME,0.04,No,Low
No,No,95,40.34,1,No,WI,0.05,No,Low
No,No,35,26.96,2,No,NJ,0.03,No,Low
No,No,134,50.32,0,Yes,WY,0.97,Yes,Critical
No,Yes,185,26.74,0,No,AR,0.02,No,Low
No,No,85,24.55,1,No,PA,0.03,No,Low
No,Yes,148,13.19,1,No,TN,0.06,No,Low
No,Yes,134,13.65,0,No,CT,0.01,No,Low
No,Yes,80,32.35,1,No,MA,0.0,No,Low
No,No,165,35.6,0,No,OH,0.08,No,Low
No,Yes,65,35.5,4,No,KS,0.13,No,Low
No,No,104,19.31,2,No,OK,0.0,No,Low
No,No,44,34.44,0,No,UT,0.02,No,Low
No,No,162,22.98,2,No,OH,0.0,No,Low
No,No,96,47.07,1,Yes,WA,0.94,Yes,Critical
No,No,72,48.86,4,Yes,IN,0.75,Yes,Critical
No,No,31,16.58,1,No,NE,0.0,No,Low
No,No,72,28.31,0,No,AL,0.0,No,Low
No,No,136,17.36,0,No,PA,0.06,No,Low
No,Yes,82,24.91,1,No,OR,0.01,No,Low
Yes,No,155,42.64,2,No,MN,0.35,No,Medium
No,No,136,27.78,7,No,GA,0.11,No,Low
No,No,57,27.37,3,No,TX,0.12,No,Low
No,No,112,13.87,1,No,NM,0.09,No,Low
No,No,95,21.86,6,Yes,NC,0.69,Yes,High
No,Yes,113,31.25,0,No,ID,0.02,No,Low
No,No,103,30.63,1,No,WI,0.01,No,Low
No,Yes,149,25.13,0,No,SC,0.04,No,Low
No,No,116,18.85,2,No,NV,0.09,No,Low
No,No,95,9.89,0,No,NE,0.06,No,Low
No,No,201,36.16,1,No,UT,0.01,No,Low
No,No,150,36.38,1,No,HI,0.02,No,Low
Yes,No,108,19.57,2,Yes,MI,0.89,Yes,Critical
Yes,No,101,26.59,1,No,MO,0.14,No,Low
No,Yes,182,21.78,1,No,AL,0.01,No,Low
No,No,128,38.74,1,Yes,VT,0.88,Yes,Critical
No,Yes,113,7.63,1,No,VA,0.03,No,Low
No,No,76,29.09,1,No,RI,0.0,No,Low
No,No,204,34.88,3,No,MD,0.12,No,Low
No,Yes,32,39.58,0,No,OH,0.02,No,Low
No,Yes,103,26.1,1,No,CO,0.0,No,Low
No,No,148,34.51,1,No,UT,0.06,No,Low
No,No,57,14.6,0,No,CO,0.03,No,Low
Yes,No,64,24.94,3,No,KY,0.1,No,Low
No,No,70,25.98,1,No,DC,0.03,No,Low
No,No,142,36.86,0,No,MA,0.01,No,Low
No,No,88,29.38,2,No,AZ,0.03,No,Low
No,No,131,44.78,2,No,IL,0.06,No,Low
No,No,130,46.21,4,Yes,CO,0.94,Yes,Critical
No,No,166,33.93,3,No,OR,0.0,No,Low
No,No,130,34.66,3,No,MS,0.02,No,Low
No,No,111,13.31,1,No,SC,0.03,No,Low
No,Yes,100,21.28,3,No,IN,0.01,No,Low
No,No,57,37.59,0,No,ME,0.1,No,Low
No,No,139,23.63,0,No,DE,0.0,No,Low
No,No,113,27.17,2,No,OR,0.09,No,Low
No,No,108,40.68,0,No,NJ,0.05,No,Low
No,No,100,19.26,4,Yes,MT,0.79,Yes,Critical
No,No,120,32.74,1,No,WV,0.0,No,Low
No,Yes,107,16.37,1,No,NJ,0.04,No,Low
No,No,104,47.67,5,No,IN,0.23,No,Low
No,No,62,41.7,4,No,NM,0.13,No,Low
No,Yes,34,25.76,2,No,MT,0.06,No,Low
No,No,183,32.3,1,No,NM,0.01,No,Low
No,No,123,19.52,2,No,IL,0.0,No,Low
No,No,64,19.35,3,No,IN,0.05,No,Low
No,No,27,38.66,1,No,ND,0.05,No,Low
No,No,123,38.08,0,No,NH,0.06,No,Low
No,Yes,84,26.16,1,No,NM,0.01,No,Low
No,No,91,32.39,0,No,LA,0.01,No,Low
No,No,95,26.74,2,No,KY,0.01,No,Low
No,No,73,40.85,0,No,WV,0.1,No,Low
No,Yes,58,36.02,1,No,WV,0.15,No,Low
No,No,88,19.33,1,No,IA,0.04,No,Low
No,Yes,67,29.7,0,No,NE,0.02,No,Low
No,No,152,27.44,1,No,WA,0.01,No,Low
No,Yes,142,39.22,1,No,PA,0.02,No,Low
No,No,105,39.54,1,No,ID,0.07,No,Low
No,Yes,93,52.05,0,No,DC,0.05,No,Low
No,No,79,40.26,2,No,KY,0.0,No,Low
No,No,88,26.1,1,No,SC,0.01,No,Low
No,No,110,27.12,2,No,NC,0.06,No,Low
No,No,209,26.13,0,No,NY,0.09,No,Low
No,No,27,39.46,5,No,OR,0.03,No,Low
No,No,117,34.32,1,No,IL,0.0,No,Low
No,No,87,31.77,1,No,MA,0.06,No,Low
No,Yes,129,33.42,1,No,CT,0.01,No,Low
No,No,142,39.46,1,No,WI,0.02,No,Low
No,No,112,28.22,0,No,OK,0.02,No,Low
No,Yes,97,23.97,3,No,AZ,0.04,No,Low
No,No,101,39.32,1,No,KS,0.04,No,Low
No,Yes,127,26.32,1,No,KS,0.02,No,Low
No,No,148,41.31,2,No,WY,0.06,No,Low
No,Yes,138,26.38,3,No,OK,0.04,No,Low
No,No,84,49.15,2,Yes,WA,0.97,Yes,Critical
No,No,133,50.15,2,Yes,MD,0.95,Yes,Critical
No,Yes,120,21.85,1,No,NY,0.01,No,Low
No,No,87,40.46,2,No,WI,0.05,No,Low
No,No,99,40.53,3,No,AK,0.09,No,Low
No,Yes,48,23.99,1,No,AZ,0.03,No,Low
No,No,57,26.88,0,No,KS,0.03,No,Low
No,No,127,18.34,0,No,CA,0.04,No,Low
No,No,114,34.65,1,No,IN,0.01,No,Low
No,No,84,47.6,0,Yes,CA,0.89,Yes,Critical
No,Yes,114,23.31,2,No,WI,0.01,No,Low
No,Yes,106,14.21,1,No,AL,0.01,No,Low
No,No,60,32.96,3,No,VT,0.01,No,Low
No,No,159,28.87,1,No,WV,0.0,No,Low
Yes,No,184,36.35,2,No,CT,0.12,No,Low
